INS00,INS01,INS02,INS03,INS04,INS05,INS06,INS07,INS08,INS09,INS10,INS11,INS12,INS13,INS14,INS15,INS16,INS17,INS18,INS19,INS20,INS21,INS22,INS23,INS24,INS25,INS26,INS27,INS28,INS29,INS30,INS31,INS32,INS33,INS34,INS35,INS36,INS37,INS38,INS39,INS40,INS41,INS42,INS43,INS44,INS45,INS46,INS47,INS48,INS49
36.3671,171.1996,71.8207,96.9294,190.8398,147.3546,93.6794,139.5544,39.5254,153.7913,159.6735,41.9302,176.1209,148.1037,188.8037,76.5862,171.6956,111.3154,32.9018,166.5246,40.6039,179.9133,141.4277,154.4011,129.7027,189.5831,81.7437,144.2925,45.0481,32.5619,130.235,98.802,187.4039,135.1482,159.1146,169.4647,85.4004,174.1771,104.8576,104.9735,81.9513,77.4828,35.542,171.2802,138.6032,116.4476,131.126,121.7005,123.2981,54.2751
37.0234,175.5855,73.7725,98.9033,196.2957,151.3316,96.9019,139.9621,41.6668,157.6265,160.0785,43.143,179.84,152.6131,193.5042,76.9939,174.9843,113.1075,33.8139,169.2866,41.4742,183.936,147.0338,158.8353,133.5551,191.8023,83.5506,148.9352,46.842,32.5071,133.7444,104.5968,186.6986,139.2211,162.0403,169.696,84.5284,182.298,107.0996,107.4268,83.8407,80.1683,35.3245,170.3275,139.7522,118.6019,132.4391,123.6168,129.0523,55.5518
36.4898,171.9016,72.9781,96.6848,193.6773,149.8805,93.4858,142.3106,41.8575,151.1755,157.7154,41.5556,174.1973,151.2686,189.0933,75.379,171.9315,111.0077,33.5029,168.797,40.8719,181.7399,142.4559,155.4115,131.7504,187.9899,82.2381,143.7938,45.9343,31.6026,128.9266,101.2475,180.7839,136.1612,162.421,166.0766,81.4974,176.8353,106.0501,104.8179,79.9972,77.8968,34.1204,166.0559,136.9674,113.8404,129.3349,118.024,125.5226,55.1041
36.3754,170.2093,71.2324,95.5976,188.7876,148.1866,91.0106,138.5449,41.2115,148.496,157.4214,40.9125,172.6533,148.2065,187.3618,75.1393,172.2857,109.7046,33.2705,167.112,40.3079,181.5191,141.3303,154.2833,130.0343,187.0342,81.0063,142.4239,45.6094,31.4887,126.8855,99.9098,173.2641,135.5885,160.6794,167.1311,80.9862,169.5049,105.3803,103.0385,80.9744,78.657,33.4562,164.3116,135.7563,113.6949,128.9481,118.0092,123.8101,54.5853
36.492,170.5007,71.5474,94.97,187.2876,145.8998,89.0405,140.6198,40.3451,150.4009,156.6469,41.4496,173.1134,146.19,187.1446,75.4671,174.6235,108.9045,33.1332,163.8105,40.1836,181.0583,141.0376,153.8642,132.8311,186.1225,81.8601,143.3587,45.458,31.8231,124.7835,101.6211,181.248,135.4726,161.3983,166.5049,79.9914,173.8608,105.1293,104.2324,80.7311,78.5796,32.7275,167.9168,139.4613,114.1093,130.2601,117.8938,125.1851,54.7869
36.9332,170.9817,71.5339,95.0424,190.1796,147.0133,89.2945,136.4461,39.0558,150.0132,156.8949,41.1139,178.5976,148.901,186.6887,76.0917,173.3883,109.156,33.08,164.1888,40.6306,180.177,142.148,153.467,132.2856,183.7787,81.6354,143.0098,45.5205,32.0552,125.3324,103.3804,189.7412,135.6552,162.8008,168.9052,79.9206,173.3463,105.6112,104.0139,81.16,77.5788,34.6931,167.5663,138.4999,113.1241,131.3849,116.2301,125.9884,54.709
36.6585,168.39,70.8403,94.1675,188.7772,144.736,90.4757,135.2306,37.8433,149.342,154.8474,41.1281,172.0484,148.2836,185.6767,75.3467,167.7542,109.9973,32.167,162.1701,39.5652,174.752,138.0992,144.2878,130.3072,184.4788,80.4233,142.5879,45.4491,31.6068,124.9132,104.0698,194.6033,133.8995,160.7423,168.0761,79.7974,173.4562,105.0861,102.7556,82.5018,76.19,35.0272,166.3484,134.7412,112.978,128.5108,115.3887,124.1624,54.2426
36.7962,170.0521,72.0652,96.2212,184.7568,145.2844,90.8331,138.9309,37.6224,151.0065,154.8648,41.0495,172.14,147.604,187.3818,74.438,171.8802,110.4443,32.757,165.4273,39.8,172.6272,139.0962,149.764,131.1827,185.1234,81.2667,143.9859,45.1821,31.6754,123.4024,104.244,197.8326,135.7715,162.8129,166.4604,77.772,177.2764,105.8074,104.9646,82.2428,76.3785,36.0334,168.9161,136.915,112.9848,129.4145,115.1412,125.2912,54.4374
36.8539,168.8592,70.874,98.1134,178.0731,145.6935,89.1856,138.9825,37.5204,153.0102,155.527,40.8717,171.2919,149.2402,187.7613,74.364,174.895,110.0895,32.4731,164.4084,39.4803,173.1571,137.0278,147.353,134.6,184.6551,81.7605,142.0966,45.523,31.4574,121.2828,107.1094,193.3919,133.9653,164.7479,166.0682,76.6427,177.8074,104.2455,106.0608,82.6887,75.1837,35.9045,170.9821,136.9641,113.6447,129.0678,115.5407,126.9755,54.4289
36.8876,167.6072,70.1075,99.1877,169.0767,145.6014,87.8542,138.4091,37.5879,153.017,153.3061,41.1332,172.2586,148.8631,187.0656,74.2334,170.8012,110.3394,32.4825,162.038,38.6265,169.9415,134.1696,144.8175,132.252,183.5138,80.8802,141.6606,45.17,30.9154,119.6375,104.3731,191.648,135.6917,160.8812,165.4007,74.37,181.5247,103.3709,105.0737,82.4568,74.7401,34.8906,172.28,136.4199,113.2364,127.6252,111.7973,126.4926,55.205
37.0404,168.6598,71.3837,102.0235,174.203,146.5616,86.1939,139.8553,37.1782,155.1439,154.8788,40.9908,173.225,149.4155,185.5258,72.2921,173.9938,110.1841,32.9246,165.6205,39.5345,173.7472,137.2616,145.2594,133.1591,185.8414,81.5129,144.6272,45.554,31.1793,117.5151,103.5031,195.6342,138.9665,161.0432,161.255,74.8562,185.9792,104.6337,105.5285,82.5735,74.8423,34.9655,171.0378,138.1201,114.9469,128.7149,111.5933,127.4857,57.3043
36.4907,168.5245,69.8911,100.3201,169.5072,144.0643,86.312,138.5325,36.6901,152.205,153.9319,40.079,169.1482,147.0335,183.3687,72.4087,171.6817,110.6893,32.0448,169.4207,38.8685,174.7133,135.4231,142.5618,131.735,185.4433,80.1556,141.2348,44.4514,31.7712,118.4875,104.3671,189.7292,136.4698,160.5622,164.8827,74.1474,181.582,104.2567,103.4767,82.6379,73.7317,35.295,166.0259,135.8951,114.3958,126.3007,110.0336,123.5809,55.7539
36.607,166.2215,72.4095,98.6007,177.4605,145.3313,86.9496,138.7986,37.3792,150.4693,156.0357,40.3329,168.3421,148.8277,183.7036,71.4716,170.6223,114.6616,31.7618,168.0442,38.7756,177.8209,137.5359,144.8534,132.3723,184.0359,81.9594,141.42,43.5165,31.3274,118.8521,105.1721,190.0466,134.5152,157.9048,165.4764,75.787,183.3845,102.9869,102.6103,81.7269,74.758,35.0462,168.8406,135.6693,111.23,125.7098,110.1612,120.8744,55.2028
36.5543,162.9732,71.4645,98.6407,170.0021,145.913,86.443,136.6005,37.2618,149.4968,157.1411,40.6041,168.127,149.418,182.2966,71.4988,172.3158,116.1176,31.5712,164.5635,38.9454,177.6681,135.1922,142.4048,131.6295,185.4946,81.9945,142.3616,42.9708,31.044,119.3598,107.093,188.1932,134.8859,157.9074,163.7971,74.6224,185.8814,100.2742,101.7666,81.4896,75.1447,37.8019,168.1019,133.9665,109.7295,124.5788,110.6443,118.5603,55.2412
37.3901,162.3539,69.2957,97.672,166.8538,144.5266,86.3678,132.6834,37.1159,147.3317,159.049,39.2948,162.5027,146.0044,179.5535,71.043,169.9064,117.1705,30.7388,163.621,38.7871,174.3729,131.1802,139.9165,130.1482,187.6554,79.1122,140.6584,42.1146,30.0829,119.2614,106.5594,183.1988,133.9249,158.6103,165.4215,74.3283,184.4003,100.594,99.4846,78.1775,72.6785,36.0494,164.3669,129.076,107.4728,122.0681,106.6114,116.6849,55.0326
36.902,158.2495,69.2193,98.2508,167.8215,144.5698,84.5012,132.0137,37.6885,145.3222,158.2715,39.6733,160.1505,143.6238,181.517,70.6598,169.9612,116.3835,30.3983,168.2689,38.5993,175.9723,131.9949,141.3515,128.0977,186.1235,77.8039,140.3811,43.0463,29.72,118.2131,103.5406,182.3639,136.4554,158.9298,165.1505,74.947,183.7164,98.0783,99.5485,79.5011,73.1812,35.6657,166.9605,132.7307,106.3898,125.0814,106.2318,117.3146,55.8761
37.351,159.3498,69.3873,98.9865,171.0119,146.1936,84.8464,134.5746,37.7014,147.2054,153.9831,38.9491,161.0327,143.0295,186.4987,71.0813,168.9111,113.6045,30.4515,167.9089,38.4911,176.7992,131.7664,143.5418,126.9991,178.9418,77.812,141.7437,43.4509,29.1625,117.4834,106.5873,161.9208,134.9096,160.6631,165.5749,74.6845,190.8464,97.5555,100.2111,76.976,71.9216,35.3532,163.3003,134.4321,105.9406,125.0115,106.1814,119.1264,55.5186
37.514,159.8747,69.8529,99.7368,170.712,148.108,89.9909,135.2095,37.292,147.8021,155.886,39.6166,162.4121,145.4308,187.2394,71.9862,171.0355,115.9558,30.6384,168.9246,38.8589,180.0426,133.9628,145.2913,130.1327,181.1194,78.5488,142.3683,44.125,29.2085,122.5462,103.7565,164.0736,129.3047,161.9444,169.3588,74.8621,190.16,97.7471,100.0864,78.15,72.8203,36.8023,163.6024,132.6896,106.9266,127.0015,106.4992,120.2369,53.1782
37.2602,158.6763,69.2564,99.3063,169.9768,147.6894,89.6435,133.1828,36.9743,149.1612,151.8457,38.9589,159.8768,142.9141,183.6859,72.7755,171.3979,117.1635,30.6662,166.3672,38.0668,176.9031,131.6611,141.1907,130.1646,179.1812,77.5136,140.3919,44.6668,28.8231,122.5891,103.5573,160.0886,128.3303,160.7032,167.5849,75.7329,190.5449,96.6289,100.2615,77.8239,70.3789,36.1523,163.7729,131.3359,106.3677,125.0916,103.578,122.0769,52.0785
36.9031,159.9224,68.7248,99.4508,172.3892,147.6438,90.3465,130.8549,37.8806,149.1214,155.0428,38.6791,158.7726,146.9225,184.525,72.9101,169.8338,117.8905,30.5358,167.7817,38.3811,177.5336,133.893,140.664,131.5095,181.3901,78.5309,141.7137,43.9133,28.7923,122.4144,105.2726,160.8796,130.6449,159.2081,171.3616,75.5058,194.137,97.5825,98.6245,76.0404,71.1025,37.1995,164.996,131.5056,106.0829,124.8918,103.7713,121.8328,52.5708
37.0163,161.8798,66.4696,99.74,171.2694,146.5671,89.3304,131.5004,37.3438,150.0661,154.4767,39.0626,157.5012,146.576,184.8112,73.2778,169.2351,118.3287,30.5377,168.7643,38.087,177.704,135.4593,140.7655,129.7905,179.8031,78.5016,142.2047,43.7134,28.074,121.7448,105.1641,162.8931,130.4365,158.7704,170.7829,74.6543,188.5473,99.8716,99.2935,73.7534,70.4644,35.9544,171.488,131.6579,106.2079,124.3256,104.0143,121.6353,53.1688
37.3185,162.6496,66.7564,102.6357,170.91,146.968,90.3634,132.7141,37.6899,152.3597,150.8892,38.3077,158.9064,148.0132,186.7158,73.0778,167.1942,118.3351,30.763,173.4691,38.1088,178.5788,134.6289,142.6034,131.0362,175.9655,78.7245,141.9239,43.864,28.0945,120.1675,105.3037,163.8341,128.3451,165.8966,169.768,73.795,188.7236,101.3271,100.4297,75.8301,71.459,36.7462,174.2647,132.8912,105.6002,124.1258,105.7974,122.4317,52.6824
37.4926,166.0844,67.868,102.8496,173.234,148.3971,88.1571,136.1748,38.0801,152.7909,151.8981,38.5042,159.3253,149.5841,190.1547,72.9157,171.7582,116.7724,31.1436,174.0147,38.6392,180.2698,137.0806,145.9238,130.2215,178.1301,79.3398,142.9867,44.1786,28.515,116.922,106.9635,163.2045,125.2787,168.042,172.2252,72.7701,184.751,102.7542,101.1506,76.9348,73.2442,37.4352,176.3976,138.6023,106.4664,121.9497,109.6937,121.9783,51.3691
37.7584,166.3464,67.847,103.8619,175.9894,145.5367,90.1034,136.6551,38.4012,151.5494,149.8884,38.88,158.6987,147.0052,190.1431,72.6077,173.5971,113.6022,30.9141,173.9058,38.8702,179.2431,136.235,144.5525,130.9881,177.3286,78.2223,142.254,42.7245,28.3757,118.7711,107.0513,167.0559,122.5609,167.4308,172.4794,71.9189,187.5756,102.1435,100.9069,76.4113,73.1367,38.0619,171.1546,135.2815,104.4236,119.3578,108.5007,118.149,49.8094
37.4665,169.1728,69.1023,103.8163,175.6408,148.5438,90.4879,140.0782,39.2793,154.9789,152.4291,40.2829,162.4637,146.9609,193.3857,74.4501,177.6834,115.3347,30.9727,177.3908,39.3645,176.2268,138.2674,147.823,132.2088,180.8986,78.3434,142.3992,43.7007,29.081,119.705,112.6686,166.5525,124.7744,169.8002,176.3367,71.8049,184.9956,103.6714,102.5008,77.9893,74.0823,39.7037,173.5076,137.1387,106.2197,120.3948,111.0516,121.5808,51.0527
37.543,170.8715,68.574,107.2079,179.0272,148.7067,89.2879,142.1617,39.9608,156.6026,153.8468,39.9352,163.7684,151.1239,193.7351,72.5529,184.0119,111.1904,31.0961,181.4329,38.7156,175.3884,138.8412,148.939,132.9491,183.4751,77.5597,142.1108,44.2938,28.588,116.7925,111.0447,175.2564,124.5895,174.5609,175.459,71.2706,188.8103,104.6007,103.8545,79.5127,74.6129,40.1274,172.9954,137.2633,106.2449,121.3158,111.6409,124.0221,51.2242
37.4101,171.963,68.6787,105.7659,178.7843,148.3498,90.488,143.6338,41.1395,155.2593,156.8425,40.1181,164.0773,150.1648,195.1771,72.9764,184.76,113.8861,31.0078,186.3001,38.9331,174.751,137.6739,149.2477,132.8093,186.9261,78.2342,142.6161,44.1683,29.3064,119.7758,109.3221,173.958,123.2533,178.9383,178.4752,69.0637,185.1669,104.9667,101.4554,78.6625,73.5242,41.3339,172.8437,136.2264,105.8582,122.4867,112.6529,124.0735,50.3796
37.6577,170.8532,69.9414,107.4726,179.2741,150.1282,89.8334,144.3798,40.2488,156.0431,161.6658,40.2231,167.1118,153.1342,195.1498,73.6017,186.1131,114.9115,31.4348,187.5899,39.1614,179.4737,141.4789,150.0036,131.8358,191.8361,78.809,143.0474,44.1709,29.4835,118.6032,113.3405,179.9932,123.8287,177.2261,177.7866,70.4428,184.8914,105.9814,101.9218,78.8984,74.1784,41.1565,175.3303,138.5414,106.7718,126.6681,113.8175,124.4258,50.4145
37.4399,171.0133,69.2942,106.1382,182.7668,150.9627,89.7244,143.9873,40.0024,155.2052,159.0983,39.8467,164.8871,154.0371,195.1773,73.3281,184.0532,112.2382,31.6511,188.0418,38.812,173.6337,139.3161,149.474,132.5181,190.2116,78.942,142.4785,44.089,29.2967,116.9105,114.4005,181.7833,123.482,178.1624,178.147,70.8161,182.641,105.6445,101.2854,79.1759,75.4312,40.8661,171.9777,140.298,104.868,118.2677,114.5838,123.6268,50.3999
36.8829,169.7499,67.7042,103.9429,183.4746,148.6584,87.5086,141.8768,38.3839,154.3727,158.3836,39.0022,162.5282,152.3873,194.013,73.5092,185.269,109.822,31.2366,187.9357,38.4619,169.4717,136.7996,149.7426,127.8505,190.2482,77.5006,140.5036,43.5765,29.0884,115.7466,111.4662,176.1114,120.6082,174.957,178.7015,70.5283,177.5038,105.7645,98.3188,76.3654,73.7268,40.3667,169.2405,138.3033,105.3799,116.2178,112.5611,121.8755,48.6464
36.3779,170.2255,67.1481,103.054,184.1076,147.6328,88.6428,142.3979,37.6622,151.7418,156.2472,38.4686,160.7869,152.3046,193.6485,75.5856,183.4011,109.1347,30.8052,186.5425,38.1722,168.2637,137.4644,148.0801,128.7309,187.496,77.7693,138.9416,43.8388,29.4258,116.9569,111.7559,180.2612,120.2016,175.1868,175.9092,69.3244,174.9605,105.056,97.9606,73.4408,72.5842,40.5603,175.3304,138.88,103.4833,117.082,112.6759,120.802,48.1685
36.1098,168.9234,65.424,100.4919,181.6633,143.9661,84.0481,137.2964,37.3993,148.7088,153.1704,38.0746,159.8786,149.576,189.5158,75.874,179.5402,107.9378,29.8414,182.2985,37.034,165.8318,131.743,142.2645,121.7983,183.7951,76.0053,138.3876,42.1222,29.2742,110.4037,114.622,173.548,116.2215,171.027,173.5841,68.9692,170.4678,103.3885,95.8495,72.7517,72.1589,38.2747,171.2394,135.464,108.2925,115.7858,109.6236,117.6169,46.6546
36.0576,170.8835,64.7508,99.8692,181.4973,143.0208,82.9555,139.6566,37.6178,149.1187,155.2844,37.4812,160.3708,150.8264,191.9493,76.3766,181.9886,107.4179,29.8341,184.9955,37.6105,167.2863,133.044,144.1509,123.8029,184.7398,77.0526,139.4949,41.9093,29.1361,110.5977,109.8772,178.1271,115.0231,171.8528,172.9255,70.0764,171.1803,103.5754,96.6377,72.245,72.7625,38.2383,172.8078,137.9554,108.4774,116.6594,111.7864,117.7366,46.1039
35.9915,169.8504,63.9363,98.4613,182.954,145.2637,82.3773,139.9642,36.9303,149.6869,156.3511,38.0199,159.5086,148.6697,192.5556,75.1112,183.3618,109.6137,29.9086,182.638,37.5761,167.6547,133.7904,142.1487,120.3599,186.2747,76.6716,140.2634,41.1029,28.6377,111.3023,111.2808,178.5413,113.695,172.3311,173.2701,70.6626,167.6396,102.8645,95.1696,72.5186,72.0967,38.5234,175.771,138.8884,110.0396,115.7164,112.0496,116.8786,45.1979
35.6432,168.4947,61.8434,94.9002,176.2416,137.464,80.1454,135.5137,36.3745,147.6466,153.1381,36.2824,152.1113,145.4303,185.3708,73.732,176.0349,108.1461,28.9793,176.618,37.1061,162.253,126.5948,133.9657,116.7436,180.6477,74.6306,137.019,39.7747,28.13,107.7046,109.9734,180.4005,108.5312,169.7926,170.0471,70.4638,164.1047,101.5283,92.1182,71.3055,68.6675,36.706,171.2868,132.8785,107.225,112.7622,109.9341,112.9035,43.6327
35.4714,167.1897,62.1727,94.6408,180.171,136.413,78.7473,135.7784,36.1018,144.4454,154.2356,36.4099,149.3343,145.234,184.2962,72.5236,174.2757,109.2208,28.6921,178.1948,37.0133,161.7483,125.6211,136.1017,116.4628,180.1919,74.8225,136.4749,39.2429,28.2374,106.3271,108.2323,179.2033,106.5648,173.1146,170.8774,70.0985,162.0833,101.2416,91.6245,71.1501,68.9743,36.5269,171.8617,132.6573,107.2015,111.523,108.089,112.1109,43.1147
34.9593,166.3931,62.0315,94.896,179.0434,137.3761,78.8876,136.7939,35.9413,145.0539,155.9975,36.6221,148.6381,143.3604,182.8237,73.0953,175.9544,105.2794,28.9233,179.4763,37.2289,160.2747,127.9665,137.0524,116.3773,183.0464,75.0754,134.9703,39.8557,28.4766,106.5224,104.9111,172.7566,105.3129,175.1901,172.8445,70.9759,159.9091,100.9528,90.6192,70.7523,69.2301,36.4389,170.0446,130.9416,107.6183,109.611,107.8039,112.8264,42.7895
34.5411,166.2144,60.1242,95.618,178.0264,134.2767,79.0798,137.1635,35.9179,143.2061,155.2022,35.6193,146.9241,144.3846,179.3753,72.991,174.5201,105.9191,28.8825,177.1314,36.7382,160.5812,126.1037,138.0397,117.1008,185.4913,75.6224,133.961,39.4061,28.2618,106.1555,103.5369,169.7853,105.6422,174.3225,171.3051,70.769,164.8453,101.2434,91.3018,71.158,68.9444,35.8762,170.6848,126.7558,105.7007,108.0763,107.9771,111.5278,42.4352
34.6505,168.6204,60.3967,94.3806,180.4966,134.6159,78.0076,136.8435,36.0848,141.8114,155.0403,35.6648,147.225,144.076,177.6027,72.0438,175.8964,106.5694,28.7869,179.0487,37.1001,161.383,126.1327,138.9325,116.4172,186.506,75.9818,133.4853,39.2229,27.2762,104.5994,104.1146,172.847,107.0482,171.0753,172.4786,71.0868,159.8616,102.1684,91.3609,71.9208,68.9871,35.3281,175.0648,129.1329,105.7399,108.1515,108.5534,110.5026,41.9428
35.0141,165.8882,60.924,96.2626,177.6251,135.9494,77.5061,137.6885,35.3277,141.9395,151.2255,35.8212,149.2993,143.2801,176.688,73.4971,178.6155,104.856,28.8037,180.2657,37.0556,164.4204,126.4728,137.052,118.3254,184.4743,75.7821,133.2209,38.9275,27.7492,103.7599,101.7687,172.5259,108.2071,172.2438,172.3288,71.2914,160.1066,103.8357,91.8853,71.597,68.2279,35.5919,171.2121,130.3765,106.0655,108.2553,107.0454,108.9808,42.8992
34.825,166.391,61.3666,95.6608,180.4082,136.4762,77.5572,139.4286,35.7864,141.725,155.3579,36.024,150.0805,142.6091,173.8201,74.643,180.7507,103.8,28.9265,178.7153,36.5317,163.2212,127.6395,134.2064,118.8371,187.5061,74.7004,135.7538,39.3397,27.4464,103.2103,104.1439,174.7698,108.0912,171.7108,172.73,72.8892,159.479,104.0596,92.1184,70.8796,67.3842,36.2471,175.1415,130.4697,107.0118,109.2855,104.4143,110.7143,43.1094
34.4632,162.5909,59.069,93.0251,178.448,134.2113,72.8774,134.1187,35.0749,134.1439,151.0902,34.837,145.9974,139.7922,169.6985,76.0439,172.7673,102.9833,28.2457,172.1443,35.73,162.0961,123.5506,132.416,115.1257,183.0764,73.003,134.315,38.2628,27.0475,97.7321,102.4256,167.5107,107.1897,164.6765,172.7655,73.4553,158.0595,101.1356,89.3537,70.7842,63.2569,34.1347,168.2974,127.3547,106.244,107.2201,99.1541,108.0522,42.6859
34.6739,163.2571,59.1095,92.4114,178.054,134.3804,72.2703,133.0935,33.9598,134.2854,145.6305,34.4571,147.5193,139.5927,168.0522,77.1,171.2299,101.7362,27.8055,172.997,35.7622,162.5407,122.1105,130.961,113.9189,177.0041,72.5694,134.0258,37.7789,26.8263,96.7512,98.6557,167.536,104.3931,160.496,168.9243,73.9658,157.8473,101.0038,88.8605,72.6552,62.1708,34.1704,170.1846,126.0329,104.1116,108.2999,97.3812,106.2765,41.5936
35.0369,164.9532,60.3873,94.1924,185.7476,138.0958,72.1167,135.1804,35.0143,133.7349,142.8762,35.2411,146.7591,139.1947,173.6231,78.0466,174.5544,106.2591,27.9647,176.0012,36.0191,163.236,124.14,133.3905,113.4419,176.5961,74.5301,134.9176,38.3275,27.1282,96.6001,99.9182,173.827,105.2462,162.1029,169.481,74.0383,161.1724,102.6303,89.3346,73.8519,63.9659,36.0858,171.9718,127.7544,107.4854,110.3774,98.6293,108.1625,42.5036
35.4491,168.2169,59.5871,95.8308,188.1022,140.0546,72.4855,137.5132,35.0917,133.6276,144.1017,35.728,146.6862,139.1952,173.9932,77.8859,172.9891,106.7908,27.7923,174.0987,36.6354,163.9549,123.4763,131.5493,114.0582,178.478,74.9375,134.545,39.6468,27.2408,95.6961,103.1211,174.866,103.3058,161.9784,168.2593,73.8091,158.4006,103.9512,91.5229,74.4962,64.6139,36.5079,178.4676,130.3606,108.6506,111.2018,98.589,111.0754,42.6307
35.4714,165.614,59.2682,96.5276,181.9679,138.8645,71.6374,135.2513,35.0112,133.6894,147.5961,35.7733,143.1909,139.8657,174.1173,76.365,172.2611,106.9161,27.5796,172.2304,36.1797,162.3488,122.028,131.8119,113.3143,181.5353,75.3706,133.3595,38.7039,26.794,95.4372,103.912,165.4488,102.0943,160.0277,169.4554,71.595,155.9131,102.9227,91.7987,73.9937,64.5439,36.6856,180.2955,128.4244,108.2143,111.3101,99.5072,108.1137,42.0541
36.2257,167.6906,58.8974,93.513,178.4086,141.4407,71.3759,134.6947,35.9324,129.9844,148.9962,36.2415,143.6366,139.5062,175.8392,76.4811,174.8959,109.1974,27.3383,174.7922,36.603,163.3775,123.6671,130.4531,113.8645,184.0691,76.4994,135.5487,37.9875,26.951,95.6505,104.8307,165.2718,103.1782,158.9488,167.0762,71.5397,154.7733,104.645,90.5386,75.1263,64.9847,36.5247,176.7901,127.0894,109.4018,111.6635,98.8426,105.3637,42.4381
37.1187,170.3758,58.9521,90.3911,182.8675,144.5946,73.4079,135.5049,37.4641,131.5834,152.2038,37.1919,143.5572,140.8838,178.3169,78.7434,176.3085,110.2594,27.52,174.3411,36.5945,164.4953,125.2553,133.6155,112.0087,188.8012,77.4064,136.6503,37.7402,26.7344,97.7718,104.6601,172.2062,104.5339,161.2541,170.5361,71.9881,155.4806,106.1105,91.9636,76.8291,66.2833,37.61,184.521,131.2527,113.2116,112.3462,102.2404,105.217,42.6644
36.9962,168.804,57.8953,88.5837,178.8385,141.7769,73.646,134.4576,36.7508,129.6308,152.5346,36.1275,141.8828,139.8429,175.6456,77.5148,170.3325,108.6744,27.0394,168.7541,36.6909,161.3044,122.1067,131.6541,107.816,189.8217,75.8555,135.1706,36.157,27.4997,98.2247,103.2038,167.7381,102.0659,156.8,167.4932,71.4867,149.9404,104.9056,90.2359,75.3317,65.2304,36.9859,184.514,124.509,110.9573,109.2735,100.2047,101.4778,42.3971
36.5585,170.1547,57.4069,86.6246,176.0966,136.2628,73.56,133.1318,36.6668,127.9536,151.7747,36.0597,142.2932,138.3175,174.5597,77.7659,168.8848,108.4032,26.4582,166.9416,36.157,161.543,121.9153,130.238,106.4514,190.6326,75.2593,135.1446,35.745,27.1027,98.4192,101.7966,167.6931,101.7131,153.9885,169.3672,70.0775,149.8836,104.9217,89.403,75.1021,64.5521,35.4156,177.4326,122.2529,109.7807,108.8742,102.336,100.147,42.1713
36.694,171.124,57.6981,87.1789,179.1815,136.4771,73.0008,134.2601,37.0624,129.2078,152.3579,36.8589,145.1693,138.6247,175.6943,78.4723,171.5385,109.943,26.4663,168.5539,36.4632,161.7898,123.0769,130.8403,107.2084,191.1979,75.316,139.7004,35.4748,27.4342,99.9461,102.1957,165.5318,100.8838,154.069,171.0104,70.1529,148.7048,106.9172,90.3294,76.8577,66.5093,35.7004,176.4077,123.7952,115.6189,109.5342,103.8522,99.6364,42.3511
35.7415,171.89,58.3493,86.572,173.1252,135.376,71.8547,133.0869,36.5638,128.6453,146.0123,37.4538,143.6121,137.9442,174.458,77.5215,168.3842,110.4696,25.4326,163.8942,36.7169,158.8765,121.8632,128.6758,106.0008,186.1316,74.8964,137.0758,35.4793,26.9851,98.8673,98.9738,163.1298,98.6219,150.3062,170.9276,69.1878,147.0648,105.0747,89.1699,77.2349,65.8007,34.6279,172.0298,119.8764,112.7215,108.6621,100.2191,99.9862,41.6972
34.9584,169.608,56.016,84.7556,171.5022,133.7591,69.8291,130.6528,35.3826,124.6557,143.6831,36.5356,139.9214,134.5562,170.4626,75.3998,164.3981,107.8999,24.7042,161.3019,35.4739,155.4886,117.5425,123.6418,104.7076,183.6968,73.0218,135.1795,34.3711,26.202,96.0296,97.1419,161.5768,98.5203,147.6754,168.4984,67.9522,143.6402,103.6668,85.9745,75.4779,61.6848,33.3007,172.2428,116.0526,109.0227,104.4677,96.1674,96.5894,40.7599
35.6453,169.4952,56.1121,85.9617,175.0287,135.0844,72.7389,132.1438,35.4574,127.0906,143.2718,36.5951,142.6245,133.7712,169.4354,76.5345,165.2425,107.7811,25.2278,162.4117,35.9371,160.3204,118.548,124.705,105.2369,184.1073,73.3136,135.3999,34.1314,26.218,100.33,97.3653,160.9678,98.4161,149.8164,170.7465,69.8601,143.8735,103.5499,87.5911,74.7046,63.1537,33.5858,175.9865,116.9839,108.2437,105.0695,96.7562,97.09,40.2797
36.4321,167.1071,56.0202,85.964,175.5953,136.8008,74.2787,131.4142,35.388,127.6123,146.143,36.6219,140.1196,134.1914,170.5303,76.1757,165.2294,109.6462,25.0888,161.4486,36.2008,158.9497,119.1604,126.2576,107.4774,186.2586,73.2933,135.7172,34.1013,26.5418,102.5569,97.8648,162.6707,98.208,150.2208,170.6217,69.765,144.3995,101.8878,87.6259,75.9545,63.6374,34.0317,175.5155,117.0104,110.6969,105.6501,99.9614,97.9819,40.1346
36.2984,165.6422,55.4953,84.6302,176.8333,136.0374,72.6177,132.403,34.8911,127.8879,143.2322,36.4145,139.4694,135.0991,169.7079,75.8954,166.5073,107.9474,25.0938,159.871,36.0305,156.0656,117.8234,124.5724,105.855,182.901,73.3028,137.1097,33.8613,26.288,100.0461,97.0329,154.6821,98.7994,148.6562,170.1586,69.0619,139.1041,101.2376,89.0561,76.6083,64.16,33.7017,176.2414,117.0024,110.0238,104.9201,98.4502,98.2566,40.4494
36.2937,166.0645,57.9666,82.8486,178.0836,135.6932,73.0011,133.083,34.3487,127.7791,145.491,37.4131,142.5859,136.9043,172.6385,76.6201,167.167,108.8877,25.1384,161.7743,36.4182,160.0832,121.5906,124.6286,107.0544,184.0292,73.9899,138.0906,33.9719,26.6607,100.6295,98.2289,155.4155,98.4594,149.6516,169.8948,70.0429,144.1828,101.6271,88.4931,77.1388,64.6732,35.7929,176.8873,116.9939,111.9875,106.5088,99.3902,97.7037,40.3212
36.12,164.3543,54.4486,84.1386,175.9345,134.8443,73.5746,131.9779,32.6655,130.1008,145.3643,36.5298,143.0859,134.7336,171.8676,75.5985,167.421,103.9786,25.13,162.71,36.0905,159.4218,119.9315,123.12,106.1412,182.7857,72.947,138.0874,33.0948,27.0182,101.641,97.144,148.7198,98.5539,147.9255,166.8528,70.0863,143.494,101.7126,87.2088,76.5585,63.238,35.8236,179.4887,116.6572,110.5998,103.1013,98.0897,94.3284,40.2808
36.7338,166.6018,55.0538,87.6944,180.7063,136.4452,73.8142,134.0504,34.1029,131.6304,147.2144,37.5182,145.0355,136.6263,174.63,73.47,170.9739,106.9843,25.8154,163.937,36.4181,161.5984,121.6539,125.7515,109.4548,185.1873,75.1243,140.9888,33.3848,27.1644,102.5726,100.4501,155.7352,98.7589,149.0456,165.7328,69.9454,146.6292,102.7028,88.1877,77.7114,64.6905,36.244,181.7413,117.4039,113.9041,106.3787,101.3869,95.4371,40.8446
37.0779,169.101,56.313,88.1886,178.3549,140.2752,76.1999,134.7549,34.605,134.8893,148.3119,37.6116,151.3363,140.0115,178.5046,74.5103,170.1092,108.5519,25.9433,168.2452,37.4395,166.2168,125.0365,132.092,111.9286,186.4143,75.8735,143.3508,34.4996,27.0512,105.4171,100.5943,160.5116,98.5663,150.3487,167.563,70.5836,146.4571,104.3159,88.348,79.5959,64.795,36.3027,183.7197,116.6378,114.7058,111.1872,103.3757,100.1177,41.1776
37.0596,168.4083,57.4592,87.4299,181.1733,140.5389,79.2017,136.6952,34.6591,135.1727,147.2468,36.7077,149.0156,138.4523,177.2796,76.3031,169.886,108.0819,26.0472,169.5551,37.626,160.2933,124.5725,132.8419,114.053,185.3471,75.4245,145.8888,33.5677,26.6439,107.8256,101.4406,160.2294,98.3422,151.0885,170.4886,70.697,145.9158,103.3922,87.3542,78.3053,64.6738,35.5024,183.7605,115.4927,114.7387,110.5632,102.2442,98.8695,40.8943
37.3212,168.7312,55.7897,88.3266,178.7976,141.0178,79.3515,140.3874,34.8777,137.4856,149.3538,37.0251,150.0329,138.0361,177.3194,76.6377,169.9944,105.8571,26.5228,170.7224,37.8051,160.8076,124.4834,133.5055,113.863,189.858,74.7717,146.4257,34.3361,25.9876,108.0672,101.5042,165.0953,100.421,150.2194,173.114,70.7456,142.6865,103.8565,89.1451,79.8687,65.6008,34.8183,185.738,114.7027,114.5632,111.7612,102.5368,100.9443,41.5248
37.9661,173.116,59.2111,92.3556,184.9976,145.8192,82.8883,145.495,36.146,143.5402,156.0962,39.1744,157.1708,138.3222,184.0506,78.3016,180.0693,107.3025,28.1896,178.0079,39.1857,165.9279,131.1065,138.6139,122.5316,197.0436,77.3489,152.7659,36.5743,26.4265,111.4713,102.4349,179.3593,104.9319,159.1403,171.784,72.6509,149.9027,107.9175,94.1844,82.8973,69.2181,37.6957,198.0706,123.3949,118.5509,115.7437,105.9584,107.9194,43.3654
38.2563,172.9392,60.2372,92.3608,188.5484,146.7854,85.1471,147.4028,36.0922,145.1517,159.8529,39.6479,159.155,139.791,184.6566,79.1591,180.4473,107.2468,28.4819,184.9009,39.6734,166.1609,132.3145,139.1529,124.7421,199.8097,77.9751,152.2663,37.0359,26.6324,115.2758,102.315,179.3424,106.1772,161.2569,169.3643,73.5031,147.9234,107.1696,96.7561,84.366,69.2196,37.8568,198.641,125.474,119.7292,117.2807,105.3909,109.0285,43.772
38.4371,173.4987,62.1749,97.0419,191.4958,149.8778,89.0175,148.2146,36.1517,146.6205,161.9899,40.027,166.5296,141.3515,189.579,79.7892,186.5417,105.375,28.6042,190.7041,40.9098,169.6718,137.7655,142.3445,125.0312,203.5689,79.2237,154.2969,37.9104,27.4154,119.2245,103.5442,182.1667,109.9972,163.2481,171.3417,76.1537,153.8282,106.8336,97.8746,86.8034,71.5597,38.132,207.1786,128.2733,122.1658,119.9362,108.9231,110.2872,45.7329
38.1936,178.6428,62.2168,97.4666,193.5712,150.7014,91.9583,151.4327,35.7519,148.4678,161.9396,39.9136,167.4489,142.2662,189.9306,79.3214,187.9196,105.7312,28.9675,191.9599,41.7585,170.4359,143.4976,142.7212,124.4318,199.6471,79.6181,153.7173,37.9674,27.4791,120.61,107.2502,190.7762,110.6656,163.0949,170.381,77.1999,153.4909,108.4893,98.0599,86.18,71.4143,37.8051,209.1612,130.0151,125.7994,120.9382,108.7077,109.5847,46.2151
38.2209,180.5359,61.8125,97.2031,193.4344,152.0674,93.2411,148.7566,36.2584,149.2631,159.3141,40.1061,165.0682,141.4592,188.02,78.0232,185.7524,105.5109,28.9687,190.9034,41.1564,169.9431,141.3505,140.4051,125.3202,195.0582,79.64,152.8086,38.441,27.5637,122.3816,108.0805,194.4645,109.3347,158.8485,167.6512,76.9246,154.5685,110.0188,97.931,84.3677,71.2151,37.4543,214.5403,130.0912,131.3112,118.8023,106.4301,111.0194,45.4171
37.7498,179.8131,61.3194,97.0401,181.0494,151.4672,92.7045,147.8566,35.7545,146.5675,157.5754,39.6293,164.609,140.8967,189.6989,77.2551,186.5619,106.631,28.5163,188.3237,41.2667,167.3203,139.9177,133.7602,123.1255,190.497,78.5743,156.6507,38.1766,27.3889,121.5613,104.3886,189.1734,106.049,158.8786,166.0238,76.7871,153.9403,108.8382,97.2063,82.6708,70.5604,37.5231,209.8856,129.0117,127.6838,119.0885,104.1519,110.6348,44.2616
37.9892,178.9337,60.4869,95.7941,170.637,150.1065,94.1865,146.2364,35.8561,144.4363,153.6912,39.4318,162.1363,142.8064,187.347,76.5022,184.1891,108.0679,27.9345,187.6211,40.6658,165.6628,137.7833,131.5679,120.8805,187.1554,79.1875,154.5249,37.6938,27.3999,121.9592,107.7299,195.6323,106.5409,158.8959,166.3494,76.7528,149.7402,108.145,95.9705,82.1006,71.5414,38.043,208.7251,126.4464,124.9292,117.0744,101.6429,109.1511,43.8276
37.932,176.495,59.6132,94.5147,175.882,147.6433,93.1367,146.1067,35.7879,142.9999,151.2342,38.9943,162.1047,143.1316,186.3697,76.3881,180.6445,108.3457,27.7409,184.7621,40.8314,162.8453,131.8804,128.1062,118.9474,185.4359,79.0952,153.2942,37.4085,27.1615,119.6584,107.472,191.1088,107.205,156.6262,166.0566,75.9264,149.016,108.0295,94.9503,81.5113,70.8608,37.7411,205.6136,123.4185,122.2532,116.7972,100.4844,108.3176,43.947
38.3808,175.049,60.0312,93.8903,177.4317,148.5216,94.0417,145.5988,36.5577,142.7812,145.5229,39.2053,163.4823,146.0212,189.1024,76.068,181.7233,108.5136,27.6252,184.3256,41.787,163.6177,132.2651,127.2946,119.812,177.6883,79.8467,153.1301,37.8973,26.4981,123.5512,109.4839,189.4431,106.2119,154.2765,166.7808,77.3315,151.2162,107.813,95.4216,82.5328,71.1928,37.3214,195.4859,123.1574,122.9875,117.777,101.3202,110.5253,43.8428
38.6043,178.7889,58.2449,92.2878,173.0397,150.1625,92.4893,142.3978,35.7851,138.9343,145.3358,39.3234,164.2479,147.304,188.7868,75.0354,182.219,105.9543,27.2508,184.5969,41.6523,162.3415,130.7786,126.3575,119.3618,176.226,79.3905,154.1047,36.8949,26.4155,118.9133,108.3897,189.7585,106.4608,155.4861,166.4896,77.9023,151.3702,110.2128,93.398,83.3544,72.026,36.1618,194.247,121.637,122.7872,116.168,100.5103,108.6848,44.3016
38.5531,177.754,58.3685,91.4237,172.8194,150.7745,93.0672,145.0174,36.0181,139.7301,144.0239,41.3247,164.2588,148.1944,187.2142,75.4849,183.8958,109.3059,26.9551,184.7412,41.4361,164.1936,131.7016,124.1483,121.4728,175.5924,79.5298,158.6452,36.6147,26.1255,120.1564,109.699,189.4276,105.1144,156.1525,166.894,78.2239,148.7223,110.4582,92.0423,83.6348,71.6941,38.0672,193.3093,121.8612,122.6964,115.6952,98.6756,107.9232,43.3769
39.0574,179.1929,59.1031,92.3159,172.0945,151.1956,94.6822,144.8262,36.1323,138.4236,146.66,41.2565,165.1399,147.7632,187.6111,75.3879,188.5919,108.4373,26.9159,187.9572,41.4897,163.2236,132.1744,124.1592,123.8772,178.6541,79.1159,160.554,37.0335,25.6895,121.1899,111.5033,194.569,104.3394,156.8959,168.7609,77.5233,149.9426,111.4999,91.4296,83.6777,70.7755,37.814,194.0622,122.2461,122.3352,114.8841,97.6056,108.9116,43.2019
38.3113,176.5252,57.0317,90.0698,169.3855,149.1328,91.5203,151.1753,35.7602,136.8715,147.1099,41.287,160.6213,147.1113,185.7713,75.5717,183.5795,110.3896,26.2035,187.4961,40.7743,163.077,129.262,128.3333,120.9622,179.5065,77.989,157.6407,35.91,25.3968,118.2126,109.3264,189.3003,102.3655,155.7362,166.1588,76.4516,141.0106,110.261,90.8751,81.7742,69.8888,38.0483,196.5922,119.73,119.4078,114.1893,98.4978,106.5145,43.1347
38.7302,178.6893,56.7955,89.3152,164.6787,147.7218,93.0753,149.8184,37.0091,134.7736,144.6737,40.6029,159.1712,145.0352,182.1292,74.1385,183.903,108.8983,25.982,189.4688,41.1916,161.2387,126.5424,127.4984,119.9697,173.2338,77.2585,157.1526,35.4033,25.9326,119.3178,106.3641,193.7181,101.8025,154.9106,163.7652,75.0302,138.7698,112.7889,88.5364,82.9656,66.3291,37.423,191.364,117.0888,117.6766,113.2712,95.5405,105.8992,42.0543
39.1646,180.9562,57.2385,91.4684,168.8358,146.8548,92.9806,152.0744,36.8943,135.5972,145.2559,40.5207,159.5989,148.5294,182.6006,75.4917,186.6378,109.3124,26.3026,190.4266,41.1117,161.6159,127.9308,130.1287,121.2946,173.0454,78.1618,157.455,36.2896,26.2963,119.4165,107.7503,196.1709,101.3564,152.6337,163.0674,75.9254,140.5056,114.6818,89.0585,82.9862,68.2832,36.3412,194.8653,118.2436,119.2136,114.2867,96.5529,107.9667,42.4407
39.6162,181.4991,58.4342,93.4357,172.7405,148.509,99.2178,155.2204,36.6427,137.1471,146.6841,41.5759,166.4256,150.9216,184.8303,75.5772,188.3331,110.3737,26.629,194.5971,42.0839,163.035,133.2442,130.5676,123.251,173.2412,78.8624,163.9899,36.73,26.5567,126.5239,108.3559,200.2195,104.0467,156.3099,162.5666,77.4197,143.7983,114.5673,89.793,83.4445,69.1854,37.3558,198.7497,122.2769,123.4582,118.8862,97.0085,110.9756,43.0449
39.8385,179.0704,58.084,93.9111,173.7967,148.7249,100.3618,153.4983,37.2744,137.369,145.4136,41.9841,166.9251,147.9095,183.2012,73.9184,188.6206,110.4348,26.5837,192.9749,42.7193,164.7472,132.9462,130.5908,123.1224,176.335,78.1319,162.7526,37.1315,26.5363,126.6793,109.052,196.1435,103.3508,156.1132,163.3517,77.7118,138.3277,111.259,89.7429,82.7857,69.5068,37.0345,201.0356,122.5908,124.8777,122.2065,94.497,110.6742,42.9808
40.2311,180.4437,58.2385,94.8183,173.2315,150.0905,100.8105,155.8944,37.3248,139.5576,147.4487,42.4835,168.6422,147.961,182.8869,73.3959,190.1682,107.1974,26.3462,194.4135,41.5464,167.7274,133.6617,130.6471,124.4937,180.9512,77.9576,163.8932,37.7013,26.5053,128.5559,110.9623,196.9905,103.5173,157.004,165.6767,79.2648,140.375,111.7077,90.1188,83.1351,69.4967,37.2934,198.7919,122.7803,125.5169,123.3369,94.8615,113.4931,42.964
39.6865,180.6883,57.5382,94.3016,170.2658,150.1111,98.7765,152.7494,37.3706,139.3042,150.1572,42.2082,167.736,145.5138,183.0548,71.3742,188.3033,104.8693,26.3367,193.9791,41.9509,168.5786,133.0976,130.5148,126.294,182.3139,77.1845,164.8019,37.7861,26.5173,127.182,114.5086,196.529,104.2642,156.605,167.4758,79.2792,139.9601,113.5587,90.2933,82.8166,68.7648,37.2406,199.8642,119.2208,123.9408,123.2569,95.3483,113.3465,43.2702
39.3048,179.57,56.7753,94.2569,167.9349,148.6673,100.8345,150.0841,36.67,137.5749,149.0032,41.8729,162.587,142.2692,182.3157,71.9546,186.9395,108.9141,26.0452,192.1231,41.1664,166.5528,131.15,127.1063,126.126,179.6026,75.8044,162.6333,37.6589,26.3636,127.8372,111.4316,187.6514,104.3192,154.7026,169.5236,79.1791,138.5477,112.553,88.1609,81.7804,68.0498,37.149,196.6778,116.4606,122.2209,123.4229,93.7295,112.5947,43.0974
39.5038,180.59,57.9126,93.9273,173.586,148.9364,102.5898,151.1581,38.1939,137.2446,150.5142,41.9393,165.8781,143.601,185.1611,72.5152,188.998,106.5654,26.3902,190.562,41.363,167.5149,135.6525,128.0681,125.624,180.6128,75.3074,165.4048,37.6315,26.59,128.9177,113.9309,188.7613,105.9671,152.0257,174.0597,79.1054,139.9625,112.8475,87.8189,83.0564,69.862,38.3553,200.8285,117.7789,122.7905,126.0076,96.7512,112.0717,44.2242
39.8054,179.3557,57.4636,92.2376,174.587,148.589,104.9789,151.6649,38.0723,135.4492,148.6233,41.8295,165.4716,141.5721,183.2565,69.8815,186.8355,104.2041,26.1181,187.5495,41.0622,165.8335,133.9209,126.6047,122.0258,174.5258,72.888,163.7051,37.5989,26.608,129.666,112.6316,188.3631,105.1709,149.0555,174.3404,78.8544,136.713,112.194,87.0169,81.7134,70.1224,37.7066,196.2353,116.791,123.6986,125.7897,96.6598,111.7208,44.4958
39.9794,180.1954,59.1366,92.9213,174.3592,148.0473,107.0217,152.7031,37.8943,135.262,150.7986,41.3321,167.6735,143.4522,185.85,70.1586,189.5538,105.8416,26.3079,189.4577,41.2288,167.5572,135.7095,122.7681,121.7623,177.0072,73.2125,164.578,37.9129,26.5762,132.1477,111.0156,187.9398,109.1599,147.5913,174.6457,79.7209,136.6241,110.8356,87.0244,82.1229,71.0448,38.2188,194.5074,116.8933,126.0307,125.6,99.749,112.3054,45.5391
40.6874,187.9274,61.8223,96.5549,184.8272,154.712,109.2748,158.6221,39.6289,142.603,155.2025,43.3298,180.794,146.6432,191.3303,72.6193,196.749,107.6182,27.7051,190.5465,42.5427,173.836,143.5674,127.3302,123.808,182.3161,75.5866,169.9385,40.084,28.2648,136.5729,114.951,195.9868,112.2969,150.9942,174.693,84.7519,141.5406,113.9597,92.4219,83.8188,74.1022,39.5474,199.9353,126.7435,129.3737,131.2665,105.1417,118.5898,47.1924
41.1547,184.2904,62.7548,97.8166,185.3768,155.8525,108.7953,160.1628,39.8757,144.2062,157.2278,44.8857,179.9918,149.5118,193.8473,72.1246,201.1991,111.1705,28.1873,190.9279,44.3129,175.8229,144.0971,131.6194,125.4059,186.5085,77.3326,170.8966,41.239,28.1086,134.809,113.7605,194.0704,115.2713,151.0995,177.1114,85.587,142.7038,110.8172,94.2462,84.8198,76.1477,40.1501,204.1026,130.766,132.5316,132.4477,109.8928,121.4501,48.3462
40.2994,183.8796,61.448,95.3023,181.0851,154.0125,108.7633,159.0346,39.4661,143.9536,157.6327,43.9342,176.8482,148.7714,190.5537,71.103,192.496,112.3459,27.6455,188.7556,44.0284,174.7177,142.057,130.1264,124.2109,188.5465,76.7786,169.3701,40.6938,28.2277,132.4202,111.6676,192.8615,113.6767,149.3498,174.2691,83.3596,139.998,110.0717,92.6394,82.5328,73.5216,38.9242,198.5855,126.8332,131.0261,130.8039,107.1689,118.6202,47.4021
40.9031,184.6044,63.6814,98.2433,185.9599,155.3906,110.3515,157.7502,40.3145,145.8756,156.7567,43.9285,180.1623,148.9838,195.0189,73.0772,199.6197,109.0346,28.335,194.9371,44.7784,175.5971,142.9593,129.6317,125.0723,188.2705,77.5548,170.3272,41.4817,28.2921,131.8562,108.7688,193.9741,114.4634,151.5413,172.8888,85.1782,139.9482,111.5003,93.8311,83.1826,74.156,38.3007,198.0935,131.5681,133.6159,133.6718,107.2295,120.964,47.8153
40.5722,184.8673,61.841,96.8625,186.4367,151.4179,111.6924,156.7762,40.2355,141.4022,158.2819,43.3179,176.2346,146.1297,192.6319,73.256,197.2639,108.7346,27.9462,193.8544,44.2061,173.2649,141.4029,128.22,125.0768,190.1943,75.6905,167.0059,40.6225,28.7124,134.4427,114.522,192.8639,111.5298,148.6947,174.5381,84.995,138.016,110.7329,92.5184,84.2051,72.2508,36.6926,193.3371,129.3072,131.5426,133.2187,106.18,118.2516,46.2064
40.5934,185.1143,63.1798,99.0238,190.9485,152.6927,113.5872,159.4063,40.3409,145.334,159.325,43.6613,180.4783,149.829,194.4405,74.2334,202.0736,110.6649,28.6635,198.2711,45.1737,175.2253,144.3212,129.881,126.9249,190.1236,77.2932,169.7883,41.9217,29.1558,136.9517,114.9718,195.9612,110.7581,150.6865,178.0383,86.6128,136.7813,111.244,92.9691,83.8201,74.363,39.0117,194.4515,129.5184,132.2252,136.434,108.775,121.9515,45.6096
41.3335,186.9127,62.993,99.6124,189.5395,155.7618,111.3402,160.2204,40.337,145.2662,162.7031,45.4223,178.3276,152.1739,198.8795,74.9079,203.9982,112.2879,28.7317,202.8211,46.1685,174.6099,146.6401,130.5798,128.3858,194.9086,78.2907,171.4912,42.2733,29.3863,135.0102,112.6711,197.2061,112.8038,150.8369,179.3433,86.6496,139.3615,112.1196,94.0259,84.932,75.5445,39.4307,194.3688,129.2928,134.6672,137.3881,111.3803,123.2601,46.2524
41.8034,190.4675,63.5596,98.2375,192.1727,156.0788,114.5019,160.1862,40.7553,145.6492,166.0033,45.3426,181.7813,154.0277,201.3826,75.0304,209.1878,111.8655,28.6678,203.3846,46.7076,179.0176,149.0598,133.9539,129.7815,196.8158,77.996,169.2319,42.0961,29.6527,137.5971,113.0741,200.017,113.2521,152.3171,181.8289,87.0252,142.2811,115.6042,95.295,87.2901,76.5139,39.9341,195.6517,130.5007,134.8462,138.2147,112.9164,122.1244,46.6118
41.6877,189.2608,61.8713,98.02,194.0957,152.7943,109.8893,157.9608,41.2695,145.2345,162.5634,44.9246,178.0605,153.4023,200.3111,73.4759,203.9053,114.3609,28.2807,200.2225,46.0731,177.4546,144.6125,134.0405,127.983,192.1512,77.6289,169.8413,41.5649,28.4056,132.9751,118.6542,200.0857,112.5796,151.237,184.3687,87.1471,140.9223,115.3963,94.7269,86.2817,74.6853,39.5972,190.6556,128.1037,133.6509,137.7761,111.8744,122.2984,46.6948
41.4926,188.9057,64.4639,97.8506,205.5194,155.1683,111.3804,160.1884,42.288,146.0838,166.6513,45.9039,181.8682,154.9538,200.6646,75.0403,204.0421,113.079,27.0596,203.8253,46.9177,178.1726,147.8083,136.0303,128.8431,192.4017,77.588,170.378,42.1992,29.2531,135.3673,116.5701,206.1161,115.1474,151.3283,184.457,88.6005,143.4406,114.0835,95.5917,87.8982,76.5927,40.3077,194.2808,129.4859,133.2437,137.8461,112.9701,123.596,47.441
42.2133,192.5246,63.6002,99.4674,202.0921,155.964,113.0478,158.4307,43.0476,146.2954,166.5065,45.6149,181.2472,155.1563,202.0804,75.2657,206.0314,113.4305,27.272,206.6287,47.1127,176.0719,148.3061,136.0897,127.1912,191.0009,78.0341,171.6506,40.595,29.1669,137.0528,115.2292,208.4253,116.7027,149.4481,182.9357,89.9126,144.0144,116.3869,94.9055,87.6699,75.8311,41.0989,190.1311,129.7425,134.0374,139.5396,113.9547,119.1528,48.2691
42.3232,192.8541,65.5241,100.0676,207.5508,159.5201,116.9873,162.6864,42.9763,147.5854,168.0771,45.886,185.1856,158.0158,203.9901,74.9846,212.6328,115.8153,27.9865,208.4651,47.1367,175.8835,150.076,141.0101,126.9669,191.6105,79.0432,171.9913,40.9626,29.7347,143.9122,118.1481,213.29,115.4437,151.6486,185.0052,90.0176,143.0221,116.858,95.721,87.6665,77.7758,42.4043,194.3858,131.5571,135.7626,141.4441,114.3542,120.3312,48.1173
42.0053,194.239,65.6731,100.0743,211.6011,158.6148,118.3086,163.1374,42.6174,150.1461,169.0655,45.4208,186.8631,157.7735,205.3111,73.9546,213.4994,114.497,27.885,212.1261,47.4429,176.0153,151.1474,139.6554,125.903,195.212,78.8424,171.3327,41.3768,29.6232,144.314,119.8312,213.4707,115.5184,152.4938,183.3002,89.8743,144.2085,117.7991,97.1114,86.9456,78.2125,42.4921,203.7506,130.9814,134.3042,143.0684,114.6926,120.5538,47.8341
42.0973,198.0938,66.4754,101.0749,210.5751,159.7445,120.4125,164.6279,43.2252,151.1464,170.9824,46.1565,185.8721,158.0003,203.8693,76.9404,216.8465,114.4888,27.8273,213.3049,48.5477,178.6043,152.8133,140.5442,127.3465,195.5539,79.4789,175.0256,41.5668,29.9492,146.048,120.8527,214.2658,114.3484,154.7167,183.8542,90.7606,141.5123,119.3509,96.5671,87.737,78.7694,43.1085,204.7507,130.0427,135.9476,145.0629,115.0984,119.7942,47.6881
42.7253,204.0968,69.1439,100.7254,215.8203,161.7576,124.3634,167.3072,42.1762,151.4574,169.4908,46.9193,191.2882,159.1953,206.2523,77.6148,222.3126,116.9639,28.1014,217.5933,49.0795,184.1335,156.7158,142.7696,128.0967,195.1873,80.1833,177.7537,42.0999,30.5264,150.2262,123.9129,208.8951,115.6966,157.2582,185.075,89.9855,142.0753,122.2198,98.1767,89.6339,81.5631,44.3828,205.5701,134.5474,140.9385,148.2108,119.2704,121.5679,47.779
43.154,210.3143,70.7218,101.1488,218.8969,163.3536,123.8789,168.3659,41.3214,154.6655,171.3476,46.8782,193.4272,160.1427,205.7576,79.2713,226.3112,120.445,28.2131,221.4498,50.0932,184.251,159.1835,145.9033,129.5301,200.5538,81.5904,177.3566,42.7616,31.7732,149.7042,125.645,206.6071,117.5901,157.6496,181.4436,92.5537,145.5559,123.3778,99.7591,89.7124,81.671,44.0746,209.2154,136.4712,143.1065,149.7314,120.8765,121.431,48.3792
43.6962,207.1396,68.9549,100.2643,219.2039,162.7579,124.8427,166.1983,41.0829,153.2487,176.0318,46.4913,192.3853,162.4028,204.6174,78.496,224.8874,123.6617,28.1364,221.2888,49.6638,182.4474,158.0234,146.4222,128.4776,205.3525,82.8414,175.4948,42.261,31.994,147.7331,122.5372,205.8028,117.8165,156.8651,180.2324,91.0598,145.1076,121.7152,97.9989,90.4462,81.7189,43.0801,210.8311,135.7745,142.0335,147.9312,119.7603,120.7963,48.879
42.7675,208.7315,68.6086,99.8107,218.9812,162.4934,125.1748,169.6881,40.5186,152.9467,172.8924,47.0523,192.414,160.8471,204.9641,79.1877,224.6025,124.53,28.3927,220.3503,49.5323,181.4612,157.5472,143.2457,129.4268,202.7864,83.1009,175.9271,42.2846,31.4608,148.5008,121.0547,199.5482,117.9289,156.6674,180.0046,91.3957,145.0803,121.8037,98.4807,89.9572,81.6454,43.0238,213.1136,135.7596,142.4882,149.2712,119.4278,121.0276,49.0036
42.9308,212.8193,68.0907,98.4634,213.2581,160.7866,119.0182,165.9195,39.8701,151.2568,173.5142,46.2927,188.5574,158.9532,201.1389,77.054,219.2866,124.8594,27.9528,219.3608,48.8109,176.9724,153.299,142.4789,127.2172,201.555,83.2665,174.3869,41.2342,31.4544,146.0419,120.4198,194.403,116.7848,155.2926,177.4906,91.2072,144.2753,122.9264,97.4875,88.4955,80.626,41.1184,205.4533,134.9791,142.4683,145.5124,115.9098,117.7481,48.2087
42.2628,212.2833,67.7338,96.5252,210.7856,158.8191,116.1435,161.7213,39.2043,148.4031,174.0025,44.9315,183.4843,156.8699,198.0958,76.6035,206.4288,125.4414,27.5093,213.7785,48.1775,176.5395,151.6306,140.9883,122.6778,201.699,81.7528,171.3601,40.6114,30.8303,142.4819,119.1676,188.0705,114.6662,152.9762,178.1201,91.72,143.5554,123.262,96.1384,88.0192,80.1672,41.0453,198.2088,131.8967,139.3952,141.6022,114.1392,115.876,48.0935
42.5767,206.3631,67.0201,97.9463,212.0688,155.1904,120.6244,161.2058,40.7045,149.5894,177.1831,46.4279,187.4933,158.2869,201.012,76.889,209.1376,126.4468,27.9559,212.2032,48.7685,178.9173,154.0829,143.6458,124.15,204.0784,82.9643,174.9626,40.5223,31.4479,146.558,117.13,186.4605,116.078,153.5704,178.8347,92.6472,146.0955,120.8774,95.6981,88.1877,82.3756,41.6682,201.4363,134.3965,141.2039,143.03,117.9597,116.4721,48.549
42.4507,207.9463,67.0889,98.9342,210.4556,155.0038,121.4193,162.1428,41.1162,151.464,179.4505,46.0137,187.0105,158.3211,203.3327,76.9351,209.962,126.2334,28.0339,206.48,48.7848,176.8922,155.1286,143.0974,124.8135,207.3248,83.8969,172.7554,40.0325,31.7764,146.5244,116.9099,190.6519,117.8526,154.7468,179.5951,93.3448,143.0002,121.1643,96.7107,88.268,83.1271,40.8532,202.483,135.2612,143.4055,143.5292,118.7353,116.6693,48.9505
42.4316,206.6905,67.0373,98.3366,202.976,153.5112,119.9643,158.6567,40.3126,152.0507,180.276,45.1565,187.6785,159.1329,203.8236,76.4079,212.2179,127.4233,28.1534,211.7813,49.4151,175.9843,155.2071,143.6066,123.6533,207.7685,83.35,177.0146,40.0461,31.8223,146.778,117.1341,190.4597,119.194,153.9697,179.7913,95.2793,143.0739,119.6591,96.625,87.768,83.3327,40.6515,201.0687,135.1484,142.3065,144.9134,119.8896,114.7315,49.675
42.5208,207.3881,65.8077,97.6863,208.4835,154.0877,117.9826,160.439,40.8365,149.6998,181.6597,45.5775,186.3449,158.7137,206.1793,75.7897,214.1047,125.4772,28.2353,216.2014,48.99,174.6536,152.6632,144.2004,124.049,210.3396,83.1035,175.8749,39.9274,31.6852,147.0789,116.0685,187.7285,118.4573,155.1547,177.838,95.2246,140.8983,119.2964,96.3288,86.6002,82.5665,40.8063,198.3168,134.8999,143.7776,146.1945,120.5822,113.3522,48.7528
43.2656,218.0801,68.6235,99.2424,210.753,157.8426,117.5319,161.453,42.2773,152.0205,183.2832,46.0461,192.9172,161.7559,207.3033,75.8102,217.1364,127.0582,28.5893,215.0964,49.3885,176.8457,156.5803,151.0714,125.2928,214.8618,85.7869,177.3976,40.6812,32.3177,147.7708,116.9807,192.6874,119.9591,155.374,179.8161,96.571,141.6373,124.9456,96.7994,87.5469,84.889,42.5744,201.9576,137.3456,146.9666,152.1084,122.9835,117.8916,49.6429
42.5344,219.9744,68.254,99.4013,205.1334,158.4543,117.346,162.1691,42.7587,156.009,184.6714,47.1901,191.81,164.8718,209.2105,75.5449,220.8202,128.5631,28.844,215.6872,49.0486,180.4054,157.3195,150.974,124.8867,215.0812,87.6856,175.6038,40.8162,32.6007,146.3983,119.7631,181.0783,125.0443,159.3623,178.561,96.9269,143.5855,124.3063,97.5604,88.2129,84.8891,43.7198,198.969,137.9774,148.0325,151.6507,122.667,119.4799,52.2257
42.6441,218.8068,66.9872,100.3145,203.6151,157.0951,111.3193,162.5002,42.1065,157.4419,184.8946,45.8482,191.1055,164.5366,209.8821,74.1705,214.4723,129.0413,28.7117,216.6266,48.911,179.3082,155.4464,149.7694,126.1242,211.9399,87.243,175.5096,41.4684,32.8228,140.2763,122.5343,182.859,122.7961,156.1557,176.7517,98.1863,143.0822,123.9667,96.6535,90.1627,85.0217,44.2644,200.4365,138.7421,148.1503,149.3339,123.7009,120.3107,51.0761
42.6358,221.0396,64.8769,99.2412,204.3606,157.4429,110.107,157.9663,41.5572,152.777,185.1648,48.0969,185.1344,163.6132,208.1087,74.175,208.9203,129.6319,28.2295,218.9697,48.0748,175.7216,153.78,148.6315,124.907,211.3083,87.0046,171.9476,40.311,32.8259,138.5583,117.392,180.7813,121.1242,154.014,175.2744,96.8548,144.2321,124.7715,95.2049,88.7895,84.0921,45.0127,196.7119,135.5157,145.2951,147.5171,123.8857,118.7604,50.5668
43.1435,219.8934,64.0202,102.2376,204.988,159.0465,106.136,159.1236,41.5361,149.9235,178.9649,47.4531,186.7697,162.5872,208.6649,73.73,208.4795,129.1053,28.0539,218.3588,47.726,177.3513,150.7009,150.7624,124.9091,208.0358,86.5106,172.9768,39.6394,32.1039,135.0957,120.0729,178.186,119.3861,151.2396,173.8457,93.6648,137.5097,122.69,93.0087,87.5465,83.5613,44.9414,195.2575,130.0717,146.6689,145.7463,123.3415,116.5582,50.6111
42.9929,217.4939,62.0352,100.0839,206.5034,160.1655,104.9184,159.9312,43.6907,146.7098,175.4572,47.1862,187.0136,160.6851,205.0599,72.8858,205.0948,125.912,27.9362,216.7685,47.2771,172.8435,147.7106,146.5043,125.1852,203.6082,86.5463,170.7251,40.4312,32.119,132.1919,116.795,177.6277,114.9713,146.6972,171.6646,93.8771,137.2103,121.3007,91.4331,85.0171,82.5275,43.061,194.1637,130.2249,142.8868,146.0085,120.2242,116.7791,49.0169
43.4613,218.0243,64.3086,102.2132,207.4057,160.8381,105.228,159.5667,43.456,152.1069,174.2859,46.8677,189.8824,162.5558,205.2609,73.6604,205.5255,126.4821,28.3871,216.0289,48.0344,178.7091,150.3576,149.2052,126.2234,201.5973,86.7493,170.6336,40.4538,32.1267,133.134,119.8428,177.8707,115.1409,145.0373,171.6522,93.7725,138.2069,123.3112,91.9998,84.8534,82.6486,44.7205,199.2977,136.5053,142.2757,146.4909,120.5829,116.2397,49.8586
43.9197,219.3487,65.9338,101.8401,211.2699,162.0982,105.0848,161.7322,43.8652,151.6907,177.0204,47.747,192.6232,166.371,209.8697,74.7407,207.7591,128.5409,28.6502,216.2399,48.4629,184.2436,153.1365,150.0338,128.4258,203.4521,88.938,171.289,40.5412,31.9931,134.9486,118.7085,177.5875,114.9505,147.1536,172.2446,92.8819,137.2652,124.6363,92.7518,84.7461,86.0944,44.1798,199.7865,137.684,140.1627,151.356,122.4035,117.5501,50.0246
43.9006,222.4982,65.5477,100.1362,205.4608,160.4041,101.484,160.9628,43.9398,146.6531,177.1131,45.4657,191.719,167.2858,210.3969,72.6857,202.4193,125.6977,28.5932,211.6072,47.0789,180.972,149.9304,152.7978,126.4352,201.6596,88.4858,170.7686,39.6883,32.329,129.0617,117.389,181.4076,113.5888,147.4435,172.7809,91.0527,133.5736,126.5426,90.645,82.9854,87.1158,43.3568,195.5229,133.5466,137.8911,150.8767,127.269,114.5881,49.2768
44.3188,224.4468,66.6204,100.3331,210.9848,159.7861,106.8557,161.7627,43.0091,148.5284,174.6466,46.7836,191.8399,168.383,210.8961,72.9271,206.097,127.1661,28.6817,208.801,46.982,183.4021,148.9221,151.3731,128.1307,202.1801,89.7291,171.7256,39.9851,31.7685,136.1685,118.6683,187.6987,115.8035,148.0743,173.4386,90.7881,134.2443,128.0466,89.6727,84.192,86.1703,43.4692,192.7147,136.4675,142.5529,151.1358,125.5573,115.4531,49.9087
44.1138,229.4388,66.8261,102.843,206.9086,158.3558,107.0078,160.6039,43.0699,152.6621,174.5718,46.3713,186.8465,169.6981,210.9684,71.9156,206.9097,127.8408,28.6253,207.6482,46.417,181.0989,147.5504,151.2003,128.6498,200.1729,90.1405,171.6125,40.3887,31.1971,138.2028,118.7856,184.653,116.9402,150.3354,175.0149,88.0754,134.5392,130.3037,90.8668,83.242,87.3123,43.689,191.7036,138.559,142.7013,149.0922,125.7851,115.2752,50.524
43.8418,224.2117,65.9573,103.1802,206.238,157.1503,107.2903,161.3574,42.5216,150.0474,167.9397,45.4178,185.8448,170.8757,210.2558,71.139,205.8582,129.0284,28.5763,209.5614,46.3073,181.813,147.568,151.2816,130.1781,193.4524,90.7584,170.1076,40.2751,31.0123,139.8963,117.4481,180.2745,116.5612,150.69,176.2657,89.3655,134.5534,128.7456,89.3237,82.1293,86.1654,44.497,192.2042,139.3589,146.6875,151.9855,123.0044,116.9812,50.5479
44.3138,226.6617,66.9834,105.479,211.3109,158.1098,105.414,161.75,43.2002,153.0498,168.9192,46.4672,188.8398,175.0932,214.3893,70.8802,210.3589,128.923,29.2061,210.9762,46.0601,185.9436,150.3427,155.0538,129.7499,193.8625,91.8796,172.7652,40.6587,30.7914,138.0732,119.0737,176.6425,120.1397,151.7873,176.8613,89.2418,136.3428,131.7785,90.5239,82.5901,88.5593,46.4069,193.8759,141.4753,145.7858,153.2144,127.0375,117.7258,53.1301
45.44,226.7818,66.9576,107.019,210.0959,160.2677,107.8822,161.4252,43.6794,152.776,165.5138,46.0335,188.1386,175.796,216.7144,71.5641,211.8905,127.5911,29.6391,212.8121,46.1872,185.723,151.9614,157.4906,129.069,191.135,90.8921,187.0847,41.4844,31.564,139.0609,118.3114,175.0716,122.677,152.9651,175.6765,89.8469,134.7807,131.0217,89.0158,83.7256,89.2403,45.8961,190.0721,143.124,151.4944,151.3685,126.906,117.0611,53.9062
45.6423,229.1087,64.8476,106.5417,212.7699,160.5017,108.6043,160.8952,43.3833,152.3289,161.7631,46.2508,189.0522,176.0147,218.1479,71.9497,214.0977,130.7986,29.7913,213.7833,46.339,183.3731,152.6892,159.661,132.2386,185.8687,91.4526,184.8152,42.4124,31.64,139.2711,117.3771,177.7696,126.0528,151.8253,172.5293,90.3097,138.7699,132.4531,88.3915,83.8976,88.9286,48.0386,193.6925,145.392,152.1841,151.5086,126.5604,118.7598,55.6243
46.0119,224.8112,65.8213,104.8134,211.8666,159.3427,106.1365,160.3947,43.4468,151.7525,163.8409,45.0501,187.6222,176.7389,217.3421,71.8118,211.6836,130.2824,29.6957,210.7475,45.9551,181.8729,150.4718,157.6131,131.2085,191.2137,90.6538,182.036,41.9833,32.0081,134.5713,118.7428,183.9782,124.6953,150.334,172.3382,89.9016,139.663,129.3898,87.4088,83.0424,87.9548,46.871,195.8865,142.3818,148.8219,148.9887,124.1476,118.959,55.4303
45.9846,232.8,65.4532,104.2171,212.2064,159.799,108.9254,160.6107,42.7143,151.2768,161.6637,45.7235,186.6793,175.5112,217.4222,72.053,214.5943,128.4,29.6947,213.873,45.736,180.4786,150.9233,156.4863,134.332,187.4641,90.45,181.2179,42.0973,31.8308,139.3805,116.1433,178.086,124.8698,149.7974,173.1428,88.9969,139.5952,133.8562,87.8847,85.7632,88.6531,45.5771,196.1929,144.7449,150.7756,153.1902,124.9177,120.5042,55.3686
45.6517,233.1232,67.8514,105.1752,209.6437,160.2072,106.593,158.3674,42.6135,149.8458,161.8141,45.8022,186.4916,174.6709,216.7767,72.6766,214.1381,128.8556,29.488,213.5383,46.197,185.9523,151.4466,161.2603,133.815,189.3442,90.6107,180.2667,41.9168,31.7848,135.449,116.1184,175.0643,128.4706,151.8919,173.9591,92.6264,139.7116,131.8944,87.8654,85.9283,90.434,44.5275,193.1259,142.4739,154.1882,159.9201,124.2508,120.3691,56.4963
45.5874,230.7474,68.1271,103.1556,213.081,159.4818,106.8895,158.5791,42.6484,150.0011,161.9199,45.6864,186.6204,172.8191,216.5532,72.0613,215.4973,128.5268,29.4922,215.3327,46.2549,187.7462,150.7931,160.5583,134.6391,188.2571,90.3986,180.1869,41.9349,31.3281,135.0232,119.0941,174.0352,128.0586,152.5315,174.445,93.6804,142.1214,131.4785,87.4072,85.8786,90.0046,43.0048,190.5276,142.7072,152.5654,158.7532,124.7168,120.1443,56.1378
45.8957,230.8907,68.6459,102.6155,206.4911,161.2483,104.4443,157.5819,42.6568,150.1547,161.6815,45.827,187.4959,174.7467,215.1451,71.3432,215.7945,127.376,29.5069,212.0201,46.1786,189.0796,150.822,160.2788,133.5743,191.121,90.4671,180.1118,42.17,31.8168,132.8846,119.4804,175.5998,125.3477,153.6117,174.0431,95.5509,141.5339,132.6579,87.0699,87.8979,90.7631,43.3232,192.4218,140.8179,151.6182,159.3997,124.4659,121.0037,55.5421
45.9533,226.8503,69.7561,103.8933,207.588,162.2217,102.298,158.4514,43.2324,151.6145,163.3436,45.2662,193.4321,174.271,214.5961,70.9763,215.3484,125.962,29.6293,209.6802,46.4044,192.4535,154.2733,162.2565,133.714,194.8543,90.5693,180.2727,43.3609,31.6651,128.9028,114.6565,176.5927,123.6166,158.1364,177.5934,96.0023,140.5667,132.5906,88.4922,88.0281,90.2764,43.1472,195.2747,142.3181,149.6492,160.8069,123.0466,123.5007,54.6526
45.7775,227.151,70.1988,103.6656,204.5676,163.885,101.5295,158.5226,43.0626,151.4674,161.1393,45.178,190.6599,170.5505,215.4118,70.9843,214.6581,122.0378,29.7342,208.0934,45.0703,191.4413,151.8527,153.7851,131.6007,190.1612,88.495,178.5688,42.7285,31.3961,127.1651,110.3835,171.1089,123.2228,158.4091,177.5123,94.7009,140.6554,134.4064,87.5444,88.2258,89.3172,43.9637,190.1407,143.1079,148.6547,160.7007,123.1722,120.4109,54.4617
45.9211,220.8424,71.8683,103.7716,206.8773,164.3845,103.5797,159.0857,42.5696,151.8543,161.9381,46.0279,195.0449,173.8312,219.2869,72.2839,222.4303,119.0656,30.1224,213.823,46.6693,194.0745,154.0559,155.0726,133.2409,191.3709,87.9487,180.9055,43.2532,31.5677,129.3992,111.5917,170.7956,122.2977,161.8458,175.602,96.8845,140.9273,133.0559,88.2526,87.7198,91.5091,43.403,192.5566,143.0595,147.9089,162.803,124.5386,122.2352,54.3003
45.1182,216.6545,69.2362,102.7602,207.0253,161.9929,104.0751,158.8172,42.2575,149.7656,160.7236,45.1558,194.2034,173.5767,218.7009,71.3875,215.5981,119.0267,30.2293,213.0093,46.5422,193.2058,152.9552,155.9171,135.7332,188.336,86.6374,179.7333,42.6591,31.2946,130.5008,111.7532,169.0118,117.7211,167.3315,178.0597,98.0937,134.9415,130.198,87.0857,86.0337,91.4681,42.8776,188.344,140.7465,144.03,161.888,126.9012,120.1627,52.0627
44.5661,209.494,65.2592,99.9593,202.1869,158.7578,104.355,158.7917,41.8837,147.9435,159.3413,44.053,190.7257,174.1762,217.583,71.3661,213.4931,120.3283,29.536,213.2328,45.0428,189.9514,148.4188,154.0357,132.7736,185.4713,87.3782,180.5181,41.2824,30.7924,130.8396,109.7847,165.7528,119.4196,163.4082,177.4111,99.4142,131.5134,129.264,85.6536,84.8099,89.728,41.3034,186.3716,138.8377,142.5692,161.2635,125.9482,115.3397,52.7335
43.8974,209.5553,65.4636,99.6016,204.3026,157.2644,100.404,158.8233,41.7743,146.2654,157.6676,44.0572,192.8801,178.4594,215.3918,72.4529,213.5058,118.6091,29.4791,217.0443,44.9182,188.5124,148.981,153.6901,131.4581,183.684,87.3583,178.27,41.9386,30.7028,125.5419,108.7184,161.5957,121.018,158.4338,178.3055,98.05,136.8768,131.7386,85.5529,84.8775,89.0861,41.682,186.798,138.7656,141.2952,159.521,125.2528,116.8451,52.9667
44.0489,206.9975,65.1046,100.18,206.7915,158.7015,102.5205,160.0416,41.9129,147.9981,155.0935,44.0967,195.7581,179.7062,216.321,71.637,213.1359,120.9645,29.5449,216.8737,44.8709,188.5881,145.5454,154.9025,132.5193,181.1177,87.4601,178.7892,42.4787,30.8412,128.6046,111.2724,161.3854,122.6559,157.8319,185.0763,96.8998,137.3754,129.9528,86.7801,84.0177,89.4145,40.3649,191.7293,139.453,142.1485,160.0348,125.1307,118.4205,54.0383
44.5984,204.1611,63.3126,101.2756,205.7499,155.2323,102.8449,159.9412,41.3045,147.3626,154.4047,43.2663,194.5214,182.0522,215.116,71.2997,209.6194,119.9964,29.5724,213.6709,44.3415,186.7098,143.7477,153.3474,133.1006,181.9161,87.166,176.7545,42.0341,30.1311,128.4841,107.1626,159.3644,122.6686,156.6597,185.9003,95.3375,133.0025,129.4332,86.1352,81.8731,89.0189,40.9003,198.6593,136.927,141.6836,157.0138,125.4686,119.244,53.9076
44.5674,207.791,65.1427,101.6182,207.9008,155.6016,102.7759,160.0917,41.3783,148.2422,152.3991,43.9397,199.8894,182.8889,213.2602,71.964,217.5311,119.6351,29.6371,217.7007,45.1642,191.4597,146.9971,155.3672,132.3044,180.5754,87.4693,176.082,41.6474,30.1427,129.3726,105.1555,156.5887,124.0526,158.7881,187.4849,97.5978,132.4009,131.5181,86.3865,81.1192,89.932,41.0425,200.1406,137.582,145.4423,154.0703,125.0131,119.1654,54.461
44.164,205.3447,65.5362,99.5229,206.2861,154.769,101.0192,159.1035,40.7351,147.2207,155.7319,43.2156,201.6176,183.5906,212.9829,71.4938,210.9726,120.4148,29.2577,215.0357,45.1555,191.3841,146.5134,154.6456,131.2811,182.8527,88.0025,175.9574,41.0111,29.7733,127.7771,106.5312,156.6367,123.7887,156.5735,188.1055,100.2671,129.9003,130.1149,85.816,77.2636,89.9457,41.0394,197.8304,135.296,141.4617,155.774,123.5859,117.2318,54.2803
43.9813,206.4178,66.5165,100.4214,211.7475,152.1891,102.1554,158.9769,40.6182,146.3587,155.5204,43.3027,201.4191,184.9249,211.6942,71.4817,212.4342,120.0723,29.2305,215.0941,45.9165,192.8465,145.7724,155.6697,129.6743,181.7149,88.1212,176.7447,41.4615,30.201,130.3483,109.2072,154.7421,123.9874,156.4536,188.8425,101.3096,133.0129,131.4885,85.7171,79.7987,90.5075,41.2917,198.1319,136.8462,141.5188,154.5793,124.3138,117.3947,53.8997
43.7075,204.6076,66.9222,104.1526,210.086,153.3574,103.0859,160.0592,40.8463,148.2134,156.6288,43.5547,199.3699,185.0626,213.4993,71.3297,211.3292,119.9683,29.5943,211.5526,46.3088,200.6995,150.0965,160.8074,130.2178,186.7614,87.7765,175.4088,41.8379,29.7649,131.0697,109.4277,151.0811,127.4786,155.7669,189.4582,101.8444,132.528,128.6477,86.5363,80.6268,90.6915,44.2231,204.3539,138.3826,142.4415,153.5387,125.6414,118.098,54.529
44.0012,203.2003,67.4896,105.5183,216.2103,155.3918,103.5524,159.575,40.8536,148.4698,157.2125,44.6238,203.0374,183.164,216.1119,70.0352,217.1543,118.7342,30.2256,209.2399,46.2452,200.4863,148.0389,164.5324,131.0918,188.3065,87.6224,175.3947,42.0384,31.2278,132.7984,110.311,151.8422,128.8485,156.3213,190.3934,102.1943,133.9213,127.9782,88.4794,82.2345,92.387,45.4507,205.3059,141.4159,147.0125,154.9623,126.9059,119.2945,55.0496
44.3416,207.0996,69.9988,107.0176,220.5543,156.4473,106.419,165.5315,41.6423,150.1572,160.9482,45.0481,203.3935,183.4347,217.9239,70.0978,218.1998,118.9652,30.3499,212.6521,46.8637,200.1593,150.1842,161.9046,134.6635,187.7416,88.4774,177.3064,42.4725,31.5476,134.8631,113.9364,148.4977,130.6377,155.6036,189.193,100.5837,136.3776,128.6712,89.4241,82.6827,94.4141,45.5507,207.4962,143.0254,148.1473,158.1609,130.0433,121.0488,56.5601
44.0017,208.9987,69.9883,107.2685,215.7451,154.1955,105.1349,165.2143,42.3183,147.3725,158.6134,44.9639,202.7962,181.7524,216.5155,70.2647,217.6933,116.7928,30.1735,211.9581,46.6827,197.6107,147.8262,162.0858,132.9825,182.8489,87.9587,174.9475,41.4734,31.0507,132.397,110.7606,151.5384,129.3236,154.93,187.5741,100.9451,134.1379,131.4213,89.1974,80.8489,92.0385,44.2044,211.1398,139.9973,147.0292,151.828,126.9088,118.8177,55.6844
44.1747,209.4702,70.5031,103.9393,217.5373,154.2497,105.2966,165.6017,43.4828,147.9651,159.5882,45.5495,197.2863,181.1941,213.6361,69.4818,216.6569,116.2986,30.2036,212.7,47.0841,195.3224,147.2005,160.4034,133.3269,180.573,87.7945,175.3291,41.2786,31.0503,131.8869,110.273,151.7416,131.4758,149.8598,184.9431,100.6795,133.6713,131.1741,90.1634,81.3867,89.975,44.893,212.6175,143.9978,147.619,152.878,122.2484,116.8529,54.7822
44.2943,206.0475,71.5697,103.7137,219.0672,154.5121,104.6176,166.2431,43.5136,145.1732,160.6442,45.5766,202.2501,182.1869,214.4421,70.1965,218.8446,116.8034,30.7381,214.4975,47.6868,201.2296,149.3422,164.629,133.5174,181.4082,88.043,174.0396,41.8499,31.4701,132.339,110.8707,153.3264,133.0456,149.7495,186.1193,102.6058,137.8879,129.4292,92.7037,81.6365,88.948,44.3505,218.4387,141.8395,146.2419,155.3727,122.5411,118.6444,55.7241
44.6309,206.4373,71.8919,104.0882,222.7669,154.9704,109.9772,167.9259,42.2926,144.3209,162.8529,46.8864,202.7785,180.0386,218.371,70.7085,221.6628,117.0803,31.009,212.3278,47.7487,201.8874,148.8407,164.5157,130.161,184.9379,89.1962,176.4478,42.5074,31.9086,139.702,109.3605,150.9656,132.2466,149.2593,189.4751,104.4155,137.651,129.744,94.291,83.2187,89.3641,43.732,217.3716,145.9179,145.2401,155.9565,127.4543,120.118,55.6627
44.6155,202.1692,69.9086,104.8833,219.6329,154.411,110.7404,168.4522,41.9333,145.8852,162.5142,47.7027,199.9739,182.5706,218.7309,69.2504,223.8332,117.6426,31.5162,212.6627,47.2965,200.1736,147.4221,166.7701,131.9136,185.7949,89.5378,174.6094,43.1221,32.1141,140.1252,109.9978,152.5637,133.5776,149.4814,187.8858,103.5159,137.9011,130.1123,95.8201,83.7377,90.0781,44.0809,224.2027,149.4084,143.5887,152.9845,127.9644,121.7384,56.2171
44.5543,200.5752,70.567,105.6224,218.2071,155.5432,110.2725,169.4315,42.5093,147.164,159.8451,46.7913,201.0948,183.457,220.5101,70.4631,230.6298,116.6449,32.1042,214.9963,47.7769,200.8043,147.6462,166.5106,133.911,183.0925,89.2432,174.7482,43.1546,32.7459,140.2923,111.4632,148.1222,135.955,149.1884,189.4851,102.3174,143.1769,127.8718,97.6993,82.9474,91.3618,44.9272,229.802,155.8247,144.4759,153.7302,127.5491,120.9764,56.9593
44.7756,202.8862,69.7756,106.1936,207.0689,156.8337,112.585,175.5423,42.8653,148.9293,162.3567,47.2273,199.0077,183.0652,223.124,70.4379,234.5897,117.8549,31.967,214.7224,47.1675,200.6966,146.1589,165.5117,134.4186,187.6067,89.5338,175.144,43.2067,33.2316,143.8574,108.127,149.9331,137.3992,150.2103,192.6394,102.4759,138.5603,128.2055,95.9177,83.5679,91.4279,45.8955,230.5158,154.9866,144.8903,150.5775,127.3975,121.3745,57.4596
45.5085,204.1436,70.2706,106.1847,208.1683,159.3928,110.8179,173.1745,43.0958,149.5495,160.3182,47.9944,202.1211,185.582,222.774,71.9412,233.0758,120.7218,32.2777,215.0807,48.0042,198.9847,148.0098,166.2818,134.6889,186.1162,90.5761,175.8311,43.5171,32.9241,141.6481,111.8897,149.5719,139.3447,148.0371,193.1562,100.4218,146.5004,128.6805,95.9926,84.3626,91.1796,46.857,230.2247,158.4754,146.4492,149.9923,127.4289,122.8722,58.0037
45.1962,202.074,70.4519,104.2723,202.3127,158.1213,110.8986,173.2643,43.2994,147.9992,165.8314,47.8428,199.1601,184.7858,224.3558,71.98,236.1856,119.0699,32.305,218.8653,48.0151,198.7583,147.0727,173.7751,136.2121,193.2584,89.1122,174.7667,43.5151,33.2782,139.4522,109.4504,149.9699,140.862,148.382,197.628,102.1541,143.5264,129.6318,94.6118,84.4723,93.8871,46.4138,233.0983,156.3686,146.2792,149.5835,133.9926,121.1503,58.4086
45.4152,209.0896,70.8692,105.2214,202.8484,158.588,114.191,176.7649,43.6906,151.375,168.826,49.383,202.2291,185.395,226.0581,71.7654,243.0138,119.2862,32.6409,220.0407,48.6797,202.3064,147.1726,180.0586,139.2375,197.4884,89.2335,176.9766,43.6498,33.8475,142.6556,112.743,147.6448,142.3942,151.2595,199.7339,101.9113,143.54,133.5552,96.2377,85.4646,96.1538,47.183,238.8606,158.8608,146.5396,152.0934,136.7754,123.1429,59.6963
45.1783,206.6995,71.7322,104.6025,205.5214,159.6976,114.2378,180.9216,43.6593,154.4993,172.4142,49.3708,198.053,186.2302,227.3108,73.7298,247.1407,119.0478,32.7759,221.7456,48.5467,201.5123,147.5446,180.7983,140.4988,202.1612,89.9408,177.9148,43.4524,33.251,141.734,109.9813,147.359,140.2997,155.6218,200.8382,101.487,145.001,133.9428,96.6711,87.4671,97.7199,47.4929,222.9175,156.8945,147.983,151.6414,139.6617,123.4343,59.059
45.7815,203.1692,70.0811,104.1978,205.43,159.8278,118.1224,180.189,43.6241,154.0105,168.6765,50.1873,199.3114,185.7401,224.8458,74.8628,251.5541,118.0674,32.7239,222.2065,48.8004,206.5412,144.9683,178.8164,140.9986,201.3817,89.4391,175.7893,43.2376,33.2896,146.6502,105.8412,144.8666,141.5943,157.699,200.0108,101.806,143.8557,130.2122,96.4839,87.2759,98.817,48.6033,224.723,161.0513,149.6237,151.2883,139.1844,125.0931,59.0167
45.8073,203.5263,69.3804,106.7074,209.3585,162.7974,119.8447,179.3579,43.9023,153.9807,167.5223,51.1888,199.2756,185.1921,223.1595,74.0101,249.6989,116.9401,32.6946,223.7117,48.4734,206.4646,145.7759,176.3875,140.5029,199.3665,88.9424,176.9768,43.1915,33.1385,149.1057,104.1245,143.5344,143.5053,156.0161,199.4829,100.4446,143.2491,130.4513,96.7301,88.7498,97.8536,48.25,224.5116,160.5819,150.9354,149.01,137.1651,124.7223,58.9669
46.1633,205.2696,69.3148,107.3467,207.3169,163.7622,118.7587,179.9027,44.3823,153.7617,163.811,51.312,199.4592,184.8549,222.3897,73.9407,251.4177,117.1147,32.932,223.7094,48.3584,207.3526,144.2376,177.1291,141.3369,197.0239,88.8224,178.6782,43.4095,33.5178,146.4741,103.1575,143.3329,139.2768,159.2726,195.8465,99.1237,139.9907,131.4311,95.1767,89.437,96.4531,47.8244,220.5999,157.6841,149.6047,149.8185,133.5042,125.0698,56.8181
46.047,207.2987,70.7636,107.8401,210.4407,163.4464,121.4737,182.7531,44.638,157.166,162.4898,51.6505,202.3153,183.3082,223.2909,75.4533,256.6942,116.6691,33.0813,227.8982,49.1367,206.7136,144.6703,170.7559,143.1687,197.3939,87.8729,174.4132,43.7193,33.8317,146.2479,103.4115,142.231,140.484,160.2571,196.6668,100.2268,141.3346,133.4858,95.6443,87.9867,96.6809,47.9068,222.9482,157.8305,149.209,146.714,130.3085,125.3324,57.2511
46.7172,205.4922,70.748,108.7549,214.6324,164.6549,122.3262,183.1037,44.9185,159.7393,166.6187,52.3938,201.6226,184.2417,224.1875,75.8698,266.9677,117.4921,33.5621,232.2415,49.5432,207.2637,147.2036,166.6743,143.9173,204.8085,87.7913,172.9253,44.3664,35.6033,147.8817,104.2354,144.39,139.5487,162.2854,198.6337,100.0573,139.134,131.1144,96.6428,86.6247,97.7408,47.7066,223.6411,161.8865,153.4778,147.9914,134.6081,127.654,57.7495
46.2437,210.8095,71.8065,108.0988,214.055,161.9493,124.9503,184.8934,44.2539,156.8484,169.3491,51.2985,203.3968,183.2706,222.2226,75.6511,265.1624,121.2938,33.4145,233.8512,50.1093,208.0262,148.4997,167.5838,144.6033,207.677,87.4581,172.1321,45.4953,35.0053,150.8833,104.7225,142.5727,137.9124,165.0456,199.7327,101.1265,139.2148,135.1224,94.3885,85.7889,96.335,47.3327,225.2165,162.1428,151.0847,151.6647,136.1446,130.5085,56.8717
46.7162,214.331,72.9565,109.8588,220.7255,164.3393,124.7975,185.4856,44.7025,161.701,186.7701,51.5816,207.612,184.9539,226.2145,76.5402,267.4676,121.9337,34.103,234.7472,50.2983,214.6149,149.9241,174.2341,147.8595,226.8462,87.7473,178.3827,47.0967,35.8912,152.8112,104.3792,143.1342,143.9349,165.6211,197.0889,103.6906,144.6141,136.0366,96.1949,88.7677,97.4126,48.8045,224.1085,164.4615,154.2719,155.0172,139.7521,130.9313,59.5729
45.3533,213.5519,73.7375,108.7272,218.0604,163.1758,125.5079,186.4396,45.2113,160.2529,190.0751,51.1964,209.0943,185.7276,226.5917,76.2897,271.4044,123.3719,34.1049,234.2251,50.4681,212.1863,149.8276,171.1674,149.3695,229.8518,88.8554,175.237,46.8491,35.6719,154.6124,105.2823,144.5391,140.4969,165.5791,198.6302,102.5057,142.3775,136.3192,96.8747,91.2112,96.5441,48.2743,225.3296,164.9278,153.9224,153.2486,139.1882,130.1634,58.5188
44.8368,213.1472,72.706,107.7477,215.5038,163.7223,128.1805,186.2233,44.6362,157.3216,187.4135,51.3485,206.8696,184.4174,225.6113,76.4652,267.5495,123.7886,33.1912,232.3127,49.8187,213.5359,147.6804,170.4348,146.8889,227.1823,87.8488,174.1051,46.1673,35.2665,158.5703,108.9561,148.9001,138.0035,164.7516,196.2987,102.2276,142.1834,135.4239,95.7072,90.8039,93.5404,48.8811,224.9206,160.0561,152.5883,151.8062,139.2072,128.767,57.4536
45.1863,216.0312,74.409,108.2863,217.3752,163.1452,127.6984,187.2646,44.4169,157.921,191.5391,51.819,209.9913,186.7871,221.2506,77.7553,266.4439,123.8646,33.0074,230.1779,51.6822,219.6882,150.264,172.5121,145.854,230.1204,88.3569,172.4454,46.922,34.9474,157.5978,105.5396,145.9077,138.4703,163.306,195.8741,104.9381,144.6482,137.0496,96.719,90.8281,94.8792,48.8996,223.2463,159.2273,151.5538,154.3153,141.3694,128.975,57.0739
45.1581,215.191,72.6965,105.846,219.1272,161.4534,125.6625,185.2747,43.4045,156.0792,194.4409,50.6263,206.5591,192.5058,219.9837,77.2948,262.4525,125.8543,32.5621,227.3371,50.8614,219.1834,146.6324,173.1023,144.5727,229.7077,88.7155,171.2499,47.0686,35.4344,154.3715,104.7532,144.5969,138.676,159.9391,194.9217,104.1871,138.4806,134.3851,95.2974,90.1167,90.0951,47.6366,217.065,157.0753,147.1468,150.81,139.374,131.4501,57.1611
45.5971,211.1814,72.292,106.3555,216.2425,162.7438,125.9761,187.6755,43.8735,155.8317,192.3408,50.9608,206.7357,192.4439,219.5968,77.1785,263.9757,124.4675,32.6109,225.9134,50.9439,215.7467,146.172,170.3148,143.2297,225.2265,87.8978,170.4275,47.7529,35.7097,156.2613,105.3235,150.1154,134.4462,159.7789,194.1576,102.6157,137.0479,133.0002,95.863,90.3087,89.2619,47.7116,219.3361,157.5251,148.4771,150.3342,137.7782,134.6072,55.4142
45.8563,212.1649,73.6383,107.7674,217.5415,162.6701,128.9738,189.4535,44.3912,157.9785,190.9736,51.4141,207.5583,191.5486,220.147,76.6974,268.6783,123.9941,33.043,228.1977,52.7871,222.4178,146.8719,174.5093,144.0516,223.2069,88.2912,171.6775,48.1466,35.9242,160.4809,102.9252,153.5206,137.3534,162.5104,194.1943,107.1811,136.7548,132.306,98.3082,90.1394,91.4503,49.7124,217.3644,157.8157,149.1981,156.0864,142.218,135.3215,56.5685
45.6138,216.7166,72.1447,108.6597,217.6977,163.8141,128.2615,189.6116,45.0554,158.4243,195.7232,52.136,205.3434,190.2577,221.5331,74.6323,273.2396,126.1234,33.3773,227.5171,52.1206,222.501,147.6992,174.2283,147.8667,227.9275,88.9452,174.8991,48.2203,35.911,160.4961,104.5281,152.954,139.1364,163.3959,194.2019,106.2988,137.2491,133.0834,98.4653,90.167,92.1912,50.114,220.1649,157.6847,148.2846,156.7127,143.8345,134.7289,56.8192
46.4614,216.8737,73.4765,108.5166,219.0801,165.195,130.0935,194.1521,44.7218,159.7161,192.0897,52.1824,208.5956,191.7686,221.6143,75.4605,274.858,131.777,33.3701,230.9426,52.5598,221.4429,146.3008,175.8644,148.207,224.7269,89.8839,175.5133,48.2536,37.0155,162.4519,101.1483,157.3064,139.859,166.6851,196.2211,107.6364,135.5761,132.8778,99.3918,89.9719,92.9187,50.4801,222.1274,155.7444,150.0546,157.0154,145.3535,136.2032,56.5854
46.5178,224.57,74.9047,108.469,222.2578,164.7925,128.9129,192.9737,45.789,158.0046,193.9603,51.7297,213.7723,193.0062,224.46,77.328,274.9571,132.3258,33.4604,228.4236,52.8338,221.4513,150.0536,178.4865,149.0188,223.053,89.0319,175.1748,49.5356,36.7022,162.4984,102.2716,157.99,140.0156,167.0223,196.2566,111.3937,134.6351,138.0173,100.3891,90.1972,93.4214,49.8752,223.9715,155.7932,150.0583,156.9812,147.6517,137.3851,56.8217
44.7692,222.8952,70.9323,106.8114,219.9794,160.3026,126.198,192.9485,43.9507,157.9254,187.9413,50.0784,207.8962,189.1404,220.8962,76.5464,268.6423,128.7761,32.6537,226.6423,51.9022,218.3228,148.0034,173.8863,142.8844,217.0422,87.8096,172.2636,48.7342,36.4019,158.6024,99.2636,152.7298,137.4012,164.6686,190.8412,108.728,130.2165,136.76,98.5712,86.0613,90.9066,47.5471,223.0356,152.6776,146.8701,152.7102,146.4913,134.9187,55.882
43.6252,231.3258,69.72,105.0341,213.6855,159.2237,123.4696,189.6992,43.7658,156.413,193.6829,49.525,203.5425,190.8401,221.1726,76.2272,262.8094,129.369,32.4857,223.8564,51.1992,220.1156,144.2538,175.9204,145.4863,222.9313,87.7499,170.4784,48.4851,36.1585,155.1798,100.6014,151.578,137.3724,161.968,187.7461,107.4373,130.1434,139.3065,97.3752,85.3776,91.9744,47.4091,222.7786,150.8141,144.7681,150.2594,147.1322,135.4419,55.9961
43.9961,233.7688,70.1739,102.3054,218.1509,159.8072,122.9921,189.9859,43.2934,152.6833,193.8879,49.8233,204.4138,193.0393,221.6065,76.8858,261.438,127.3174,32.1604,222.6226,51.1374,215.4384,143.5841,175.8579,146.1587,222.2588,88.4881,170.3277,46.7797,36.3615,154.7055,100.4475,153.5795,142.1796,162.2994,186.654,104.7655,125.66,143.1747,94.4612,85.8614,91.3462,47.6582,210.8932,147.7214,141.7843,149.2403,147.7378,131.4106,58.1584
43.9557,236.8673,68.9419,101.3931,215.4002,157.6618,121.4408,187.033,43.3586,151.3593,194.9255,48.9928,201.4035,190.9193,219.222,76.6785,262.2962,128.0152,31.7386,222.0446,51.3822,213.4866,142.6678,171.815,144.4665,222.6469,88.4009,167.9896,47.5415,36.3689,152.7222,101.7597,148.9521,142.9705,159.2869,182.7598,104.4118,124.4412,144.044,93.8127,84.4162,89.1516,48.1004,210.378,145.3763,139.871,147.2399,144.174,133.3234,58.38
42.7254,235.5695,70.9713,100.8484,213.3785,155.3675,124.2316,190.0414,42.9256,152.2342,200.2751,48.0426,203.6457,189.8886,220.6966,74.5415,263.4486,126.8124,31.6937,223.4954,51.3031,214.2412,141.0871,175.0934,146.9777,225.2663,87.9688,166.7553,46.9283,36.5405,154.8432,100.8237,149.2042,142.1909,159.946,179.7508,105.6789,127.4023,145.1259,93.842,81.6012,89.9954,48.1435,210.0214,147.3668,137.1881,149.8568,143.8146,131.7187,58.848
42.3255,234.4116,69.6739,100.4185,204.7792,153.3405,123.0728,188.2364,41.7404,148.7997,204.194,47.7028,202.6131,186.7223,220.2277,74.7137,251.5379,125.8497,31.0678,223.7148,52.4539,210.6247,138.2221,173.0285,146.6131,226.9931,87.2534,165.3998,47.3344,35.7041,152.222,99.8556,149.0451,139.2304,159.0755,180.3048,102.3649,125.8171,145.6909,91.5675,81.0531,88.7179,46.6112,206.769,144.6053,134.668,147.8295,142.6143,132.127,57.4013
42.2229,232.6437,67.1576,98.4184,209.8828,154.1327,123.6234,191.3772,42.2827,152.2486,203.3914,47.9941,204.0578,187.8081,221.9762,74.8489,257.7747,129.3514,31.2556,226.1208,53.2052,213.2406,139.4096,175.2478,147.8689,230.0012,87.9192,165.8006,47.1139,36.5913,153.5856,99.2995,150.0509,140.1268,159.203,179.6383,104.4834,126.1054,146.7212,92.8005,81.6645,87.5433,47.2983,202.0171,145.8774,134.7311,149.7445,142.0281,132.4795,58.5653
42.0799,238.679,68.1849,97.8156,208.5045,155.0526,125.493,190.9884,41.2628,153.5235,201.9091,48.4254,207.2248,189.6378,226.4637,73.684,244.7553,129.6793,31.1696,224.4518,53.6672,216.4131,141.7776,176.2164,149.2031,230.0161,87.3653,164.1836,47.0342,36.6505,153.0803,99.7142,151.6597,138.9686,159.8835,181.1275,105.3037,130.2758,151.997,92.7734,83.3128,88.8562,47.3278,200.5775,144.7729,132.9085,154.8898,143.8321,134.4813,57.7247
41.3088,237.0445,68.908,97.0066,211.1375,154.2606,122.4841,190.3761,40.4843,155.0697,195.1889,48.2996,204.7453,188.3185,224.679,72.8382,246.3664,128.7313,31.5905,223.5935,53.6966,219.6972,142.3288,170.1557,147.7143,223.4201,87.2107,165.2152,47.1916,36.7691,151.4539,99.2491,147.7603,135.5387,158.3877,180.1667,106.7703,128.3473,146.8453,92.4175,83.2866,88.9425,47.9794,197.3216,144.644,129.8732,154.5133,141.1043,134.6143,55.3733
41.1965,233.5944,65.9922,96.1486,208.7955,152.3998,118.4401,188.3766,40.5265,155.5216,194.2517,46.592,202.3648,185.0742,223.1798,72.0508,239.0198,126.5193,31.219,218.7427,53.3105,219.5776,140.5727,168.2765,146.106,225.4373,85.8867,160.1169,47.2019,35.1397,146.6427,99.154,148.6346,135.0627,154.2704,181.1616,107.4532,124.9675,145.3454,90.9583,82.3672,88.7992,47.2382,198.2147,142.3555,126.7463,150.9382,141.5027,132.4168,55.6433
40.9855,231.3425,65.7569,95.4096,210.2132,150.8561,117.0415,185.1487,39.9084,155.434,190.964,47.2313,203.0265,183.6238,219.5736,74.3234,238.7502,124.3396,31.1039,218.3206,53.8037,217.3493,140.8874,166.3856,148.2398,221.6947,85.2623,159.2351,47.4086,34.9101,148.2584,95.5408,150.2479,131.6674,154.4597,179.5146,108.9558,124.4886,143.4893,90.1956,78.0281,85.9703,46.2508,196.5485,143.9279,125.6058,146.4944,135.8158,133.2171,54.1334
41.0889,230.0176,65.3828,95.2351,211.524,149.7758,116.6512,190.818,41.5056,156.0713,192.5502,46.2711,201.9868,182.5801,222.8503,75.2225,237.1104,125.7214,31.0309,221.398,53.6459,215.9036,138.9424,168.9212,146.7635,222.6742,84.8016,158.9706,46.2933,35.1846,149.0492,94.0907,155.0578,130.1846,153.6228,180.5748,108.8642,121.2178,145.1698,90.0637,78.4246,86.78,45.9935,196.3307,147.5051,125.0369,145.726,134.5258,129.7112,53.9111
40.7601,235.8285,65.4455,98.0466,214.6079,148.8164,118.9159,187.4272,43.0024,157.3809,191.6347,46.7444,208.4526,180.1231,224.7749,75.6288,229.3927,128.2268,31.2246,221.0741,54.1906,218.3987,141.3364,166.8206,147.1814,219.4113,85.0136,160.0045,47.257,33.7497,151.9012,97.2192,158.6134,130.4146,155.3581,179.2273,109.5853,123.4034,147.9934,91.6734,78.4771,88.9229,46.3675,196.2838,150.8113,121.5548,150.2247,135.8157,131.7607,53.6757
40.2375,232.7229,66.2918,98.6645,217.4682,148.2488,117.1296,185.4939,42.7754,155.7444,188.9999,46.2668,208.6154,181.0736,227.0158,74.4113,223.5278,129.418,31.3032,217.581,53.5811,218.6859,140.6101,167.19,142.7247,218.43,86.0723,158.2947,46.4859,33.6301,148.7942,98.0569,159.2413,131.6852,149.8543,179.6989,109.4568,120.8166,147.458,91.3951,77.3832,88.2435,46.164,193.7464,146.7112,121.6213,151.1031,136.6266,130.6578,53.2071
39.747,234.7363,64.6838,98.5077,212.3427,147.3914,122.5939,180.7458,42.3432,155.0543,192.5999,46.121,206.7676,179.9554,226.4048,73.8955,225.9896,130.2728,31.3905,217.141,52.7569,211.5475,137.5435,169.1933,142.313,221.9487,85.3374,158.3004,46.0049,33.6292,156.6336,100.2476,155.8378,132.2351,150.0636,177.8001,107.6491,114.1204,149.8917,90.6385,77.1339,90.1212,45.2469,190.7501,147.6034,120.6179,151.3751,137.1903,128.5789,53.086
39.7402,234.3429,65.4914,99.2128,215.5899,147.4691,119.6521,181.6951,41.9184,157.6711,189.2903,45.6953,206.2454,178.5162,227.4491,74.8956,227.036,126.8479,31.5683,216.074,53.0108,208.1405,138.5765,175.8073,142.9233,211.678,85.5411,159.2203,46.2389,33.5832,154.869,100.8072,158.0274,132.9356,149.1287,179.5105,105.7151,114.8972,148.9086,91.3673,75.4201,90.4654,45.2549,188.3313,148.1204,120.2056,155.2066,137.7031,128.6511,53.3855
39.1176,233.0047,64.637,100.2033,212.4793,145.3383,116.1741,180.8328,42.0186,159.4805,189.8245,45.9472,202.7906,176.6925,227.2594,73.7139,222.9333,127.1069,30.9735,211.7049,52.6414,207.1234,135.859,177.3686,142.0391,209.926,85.1539,160.0978,46.4437,33.2207,153.7385,101.3203,155.6714,131.8874,145.8794,173.6139,104.8573,112.0819,148.1876,91.6432,76.977,90.8278,44.589,189.1871,147.4257,120.3967,149.4901,137.4411,129.5757,51.8922
39.5474,241.9124,65.8129,101.8187,219.1388,147.7937,117.4046,184.038,43.4997,160.7486,189.6401,46.277,203.4386,176.9414,230.389,73.4618,229.5637,126.0643,31.6046,216.9532,53.7171,207.452,138.4818,182.5891,145.1375,210.2641,85.008,161.4893,47.6764,33.6956,154.5229,98.7695,160.125,133.9729,148.9077,177.3118,103.7497,116.3573,152.0428,94.0801,77.823,92.5218,46.0278,190.5418,153.4725,119.4479,152.8294,138.2418,131.9343,53.006
39.0814,243.767,65.9182,104.7843,217.6422,149.8621,116.8872,182.9376,43.4852,158.7417,195.2828,46.8664,207.0248,175.2741,233.8403,73.5786,233.6221,126.216,31.4859,220.0563,53.8101,210.8287,138.8301,180.2293,146.5667,217.3091,85.2223,160.0756,48.197,33.6641,151.5649,98.8251,159.291,128.874,148.1568,179.8906,108.6016,115.8669,153.2849,95.0112,80.4234,95.554,46.2262,196.9753,155.5916,119.2126,156.055,142.8764,130.8426,50.7757
38.5658,239.9502,65.5356,104.9511,216.4189,148.6953,115.4387,185.7434,43.757,160.4812,197.3835,46.1471,207.0395,175.7876,235.1927,74.6234,232.4811,124.4167,31.9195,222.7531,53.7348,210.0264,139.8044,177.9084,147.1692,219.8363,85.0908,163.175,47.5416,33.2792,149.9054,99.8676,163.2,125.9394,147.9778,179.8916,106.9458,114.6323,149.6914,95.0906,80.2218,97.6635,45.483,203.4014,157.3401,114.8373,156.7331,142.4536,129.1287,50.203
38.6859,239.3778,65.1286,105.1743,214.9396,148.0908,115.5296,184.8995,44.1616,159.6714,198.8267,45.8624,207.3709,176.3141,234.5032,74.9795,231.9099,126.8138,32.5121,221.4344,53.1721,207.9297,136.3352,180.3155,142.8349,225.7347,84.8452,160.7192,47.0562,33.4039,151.8289,97.2602,160.4331,129.6439,147.502,179.7321,105.5674,112.589,147.4995,95.8022,79.5234,97.0434,45.9042,202.7561,158.7132,113.8678,156.178,143.4436,128.4343,52.3234
39.1496,240.4862,65.5185,106.6358,212.7079,147.8713,116.3869,185.2207,44.4666,158.5907,198.6129,45.9197,208.1369,174.6123,235.6753,75.1412,231.8112,124.5498,32.5297,227.5215,53.0471,203.9921,137.0584,176.8724,145.1303,225.4987,84.6326,160.4963,47.0971,33.9232,153.1464,97.9605,160.9488,130.7792,149.3888,180.2439,108.2843,111.5431,147.4957,95.3301,79.7542,97.2516,47.4511,199.7732,158.3194,114.3852,155.9481,142.6324,128.3288,52.2426
39.7481,242.6861,65.6248,108.4408,214.0594,148.1068,118.4552,181.0423,43.5149,158.5075,196.9057,47.03,205.5765,175.5638,239.9824,76.5726,233.1187,125.2175,32.6028,229.4549,53.9279,205.1523,137.9731,179.883,147.758,223.4433,86.4924,160.7411,47.7186,34.0328,157.4965,99.1526,163.5065,131.3251,149.8245,184.3281,106.5473,112.1227,149.5664,95.376,80.7004,98.9273,47.5427,195.5147,160.2996,114.2642,158.5041,147.17,128.7918,51.9324
40.067,238.5252,65.0256,108.5512,209.9935,148.2292,120.3556,182.1151,43.8157,156.4725,193.3274,47.2867,198.1024,177.5054,241.7071,75.9294,230.3315,125.6105,32.2807,230.1884,53.2707,204.8922,136.7046,179.7144,149.1946,219.983,86.8641,161.2851,46.9849,33.9674,161.1956,101.2532,162.3523,131.9669,151.2894,184.9517,107.158,110.5355,147.7388,94.8691,82.7278,97.7801,49.1451,193.7564,159.9625,115.4177,158.8344,147.5584,126.375,52.4458
39.8293,240.2724,66.5286,106.9234,212.7409,146.4169,125.606,186.8783,43.8641,153.753,189.6071,46.1701,201.6012,179.0144,236.8883,76.1698,230.7943,125.7052,31.7523,222.3673,53.7353,208.5291,135.8536,173.7166,152.0635,217.769,87.3732,161.0454,46.9214,33.1869,169.1956,100.6186,161.6471,126.6715,152.0799,181.8679,108.0427,110.1948,151.0457,91.8719,84.6534,96.9085,49.1779,192.6288,156.1534,113.506,156.1216,144.9678,125.9591,50.3106
39.7809,242.3334,65.7826,106.5535,220.2082,143.9826,127.462,185.8627,44.7056,151.899,187.1368,44.5681,200.6125,176.9323,235.6953,75.6987,234.6091,125.438,31.2774,220.372,53.9748,208.6333,136.2765,174.9932,152.3382,215.8288,87.0388,161.5444,46.2512,33.2899,170.9988,97.8365,159.5263,125.9936,150.2614,181.4514,107.7948,110.0236,152.2962,90.51,83.2963,95.856,48.8116,190.7562,152.7157,113.2004,155.3436,143.2984,125.2879,50.3561
39.4507,243.7596,66.8468,105.8058,225.2256,146.6435,129.7215,185.9163,43.9696,151.6644,193.7265,45.5276,200.6767,175.0246,239.5892,78.2435,237.6269,128.2222,31.0942,222.5795,54.5722,209.4294,138.4461,179.9832,153.1396,221.0406,88.5709,162.6032,46.2754,33.5052,172.114,97.1103,160.9271,126.7659,150.19,181.5132,108.6697,109.57,153.3796,89.998,83.6789,98.1817,48.514,190.4603,152.6381,114.0189,158.8491,149.0391,124.5512,50.933
39.6734,241.974,66.666,107.3035,229.8378,148.9579,132.9739,189.3016,44.6152,151.2695,188.7219,46.2834,202.3155,176.2764,234.9777,78.5293,243.8236,128.9116,31.0993,225.1415,55.7586,211.1521,140.6987,182.0188,158.9838,218.3058,89.0746,165.2795,46.5735,33.5593,175.313,96.493,162.9524,128.1268,151.7648,183.5304,110.1574,110.8589,149.9342,91.5368,84.9615,98.714,47.789,187.8282,154.9795,113.0716,162.3847,149.3943,126.0064,51.3655
40.2611,245.9134,66.1654,107.5329,233.3281,150.5399,133.3122,192.465,44.8431,152.3064,190.7976,47.0374,202.8669,177.4237,239.5661,79.974,240.8438,129.4706,31.344,225.3853,56.6219,211.0298,142.7364,184.2869,159.0694,218.7721,89.3752,167.5671,46.9028,33.8075,176.6597,97.8839,161.2394,128.1775,153.6244,186.1401,110.6246,109.7808,150.7999,93.0437,85.0189,100.4981,48.9764,191.0447,154.6648,114.8483,162.8263,153.4624,127.636,51.9859
41.2412,243.1013,66.2051,109.6766,233.4719,151.0157,131.1896,192.539,44.8853,156.3135,191.6317,47.7239,205.8789,179.4969,239.5259,79.8438,247.2236,130.186,31.7244,224.1898,57.5926,213.0076,144.2026,189.7871,159.3551,218.5707,89.7665,171.8208,46.7968,34.2984,175.4045,95.87,160.3265,128.0684,150.3916,187.2046,110.3279,110.2744,150.4254,93.6887,85.9116,101.7499,49.0541,196.5129,157.8686,115.5038,163.8045,157.5308,128.3891,52.0178
41.5199,240.3615,67.4458,108.9247,240.385,151.2289,126.5364,192.8961,44.7397,156.0157,200.5542,49.0703,201.7063,179.1846,239.4394,79.667,244.1107,130.6407,31.8308,223.945,55.7952,211.9908,147.0687,189.0041,160.4266,228.8745,89.6481,170.239,46.6632,34.0854,168.4735,94.837,156.9059,129.8016,147.8512,186.1216,108.757,111.8776,149.9233,94.699,86.628,100.945,47.8176,200.2029,160.9898,116.6255,167.5716,149.3312,129.4511,52.6439
41.4421,242.7678,66.8036,108.5437,236.8105,149.8808,127.562,193.7659,43.0324,154.1486,197.4721,48.7848,200.1411,178.4097,239.1359,80.416,245.4092,129.9859,31.7923,227.868,56.8138,207.5967,145.8948,190.9475,162.2584,229.3973,89.1409,170.3069,45.5876,33.1985,170.5891,96.7292,159.1747,129.9933,147.4712,185.0757,108.8974,114.0264,151.175,94.4004,84.7205,100.6482,47.6718,200.1255,163.3982,113.0504,166.8212,151.7395,127.238,52.9115
41.6306,245.9892,68.4337,110.0663,233.6917,150.0176,127.8017,193.695,42.5675,154.2239,199.2478,48.9336,202.0599,181.1804,239.1051,81.1976,246.622,131.1403,32.6054,229.4983,57.1785,209.7968,148.3617,190.6435,162.4675,231.2845,90.0581,168.0993,46.0862,33.6745,168.2573,98.7779,148.8536,124.5545,151.1142,186.5015,110.0585,113.6029,152.7834,94.8518,85.4767,101.8449,47.2463,196.9977,165.5504,110.7387,170.2151,154.5085,127.6311,50.697
41.8981,250.4516,67.7018,111.0019,231.1122,152.516,126.2914,195.4587,41.5968,156.2771,199.7857,48.5811,199.6848,182.6846,237.8218,82.014,242.0237,130.8313,33.3358,231.3432,56.9789,211.9588,148.4877,190.0132,163.2402,232.5485,90.0923,165.8474,46.296,33.6364,167.5818,102.6267,147.6638,124.391,149.7969,185.0829,108.1429,113.8244,151.2316,95.4529,86.4068,102.6383,47.523,193.5385,165.0086,110.6248,172.1812,153.2668,128.4906,50.3957
41.8509,249.6909,67.5645,109.3726,230.2789,150.3537,125.2588,194.4048,42.6184,153.7419,196.274,48.7271,199.0045,181.1694,237.6873,81.359,242.8592,130.837,33.0265,234.2162,57.3922,211.5115,147.8181,186.6136,164.8084,229.6076,88.8994,167.3317,45.9488,33.8958,167.4266,100.4284,142.6249,123.3265,145.6033,184.8182,105.7253,110.2538,151.8018,94.7567,86.6341,103.4534,46.5889,190.4328,160.1537,109.9117,173.3709,152.4833,127.3226,49.89
41.9192,251.6353,67.5473,112.8603,236.6253,151.7371,126.0602,201.7382,43.4808,157.2583,200.3292,49.165,203.7796,181.635,239.3242,81.5659,249.1028,131.7949,34.1751,238.7002,58.54,210.879,151.3506,190.5552,165.3982,232.4565,89.9217,168.6012,47.3789,33.9122,168.9537,103.694,149.3971,125.5405,146.4536,186.6713,104.4594,112.7861,151.4837,97.5218,87.7607,103.9987,47.6144,197.209,162.2751,111.056,176.889,154.0947,130.9444,51.0158
42.2556,254.5788,65.8433,112.8052,239.6289,150.2049,124.8159,199.9186,44.0874,156.9532,198.3027,48.6385,204.4058,179.8288,238.8875,82.1088,247.4133,132.9378,34.4217,236.8341,58.6563,211.1257,151.0937,187.2486,166.1952,228.5336,90.3386,169.9016,46.9045,33.9912,169.2401,104.0882,146.3998,127.3726,145.9565,188.818,104.3571,113.4501,153.3935,97.7163,88.0938,104.3819,47.8014,196.1976,161.2636,111.4941,175.2542,154.1012,130.0786,51.4994
42.4924,250.3433,67.8072,115.412,240.8437,150.7798,124.8381,199.8197,43.3198,156.8072,194.6548,49.7862,204.5043,176.2517,237.6647,81.7597,250.0043,130.6102,34.1545,242.37,58.8467,212.0638,148.3199,186.3369,164.6791,224.3629,89.1936,169.8905,46.7111,34.0923,169.8983,107.1762,149.156,130.0452,146.8281,186.9445,102.5525,113.9414,150.1299,98.1972,87.295,103.8182,47.4865,199.7378,162.3282,112.2409,175.5464,151.2134,129.287,52.0203
42.3871,256.7847,66.0704,116.4988,241.5075,149.5971,125.3308,203.7865,42.6845,160.0839,193.4868,49.3867,203.2252,174.8188,240.9488,85.868,251.9469,127.4067,34.0848,242.0843,59.2167,212.2846,147.158,186.3323,166.6593,224.2644,88.5959,168.7071,46.4171,33.7701,170.5012,100.9874,144.3673,127.7969,144.1206,187.2454,100.9931,112.1617,150.7246,97.7185,90.1862,103.2598,46.8723,194.7278,162.0391,110.4734,175.724,152.1563,126.8007,51.7299
42.5923,260.6898,68.0348,117.7194,241.9454,151.2199,124.6166,206.9702,42.9894,161.0681,192.3217,50.4351,205.8585,173.3663,241.0187,88.4863,258.4602,125.4479,34.6651,244.9223,59.8625,213.5695,148.246,193.6014,167.2846,224.8538,87.4969,167.2427,46.7434,33.9203,171.5913,103.813,143.521,127.3131,142.9745,187.4179,102.7324,106.9243,153.6273,99.3688,88.8447,105.2165,46.809,196.9075,163.2042,108.9123,177.0536,153.9548,127.0737,51.1243
43.2697,275.7406,67.2215,122.5417,243.4223,151.5606,124.1714,210.2006,43.0884,161.4669,193.0692,50.1873,208.6186,173.6991,248.8808,88.0515,264.3493,126.8402,35.0919,245.5571,61.1213,211.3791,149.3764,194.9221,167.9896,226.7084,88.0407,170.092,46.7853,34.3603,168.474,99.6016,140.756,126.9041,143.9699,189.008,102.3306,107.9407,160.6483,100.8229,89.6706,106.0481,47.3651,200.771,166.621,109.4047,178.7064,153.9641,127.8863,50.7762
42.0007,271.1553,66.4201,121.1755,242.3413,148.9514,126.9656,209.0478,41.7969,161.1193,196.0135,47.0862,207.9892,172.2456,246.7631,87.5952,258.4772,125.1673,34.8271,246.3105,61.5681,210.2887,147.8015,192.4969,168.9807,229.4215,86.9242,163.6972,47.6207,33.6089,170.5985,101.0377,138.5376,125.6327,142.1476,189.2091,100.7955,103.3397,158.7452,99.6506,89.5641,102.6735,45.2443,201.017,164.6622,107.8205,176.7189,151.8155,128.1622,50.1701
42.3827,264.4289,65.663,122.7958,241.9777,148.8693,127.5072,209.9229,41.4335,156.5752,202.291,47.1173,205.2767,172.6228,246.4844,86.0013,257.0359,124.8214,34.5965,244.3061,61.1937,198.0667,147.6227,190.0366,171.3017,233.3871,86.9966,165.3303,48.3903,33.5182,170.2502,100.4055,138.7352,124.3845,139.6962,190.1935,99.978,102.5651,157.508,98.1071,87.8028,102.4328,43.9763,203.5405,163.2191,108.7149,177.1562,149.4357,129.1649,49.4532
42.8237,270.1884,66.225,122.0893,235.4244,146.489,128.8732,208.804,43.3331,156.3727,202.2688,48.0449,202.6736,173.648,246.3908,86.1982,252.9119,126.3731,34.4902,243.151,61.0409,196.5825,147.6099,191.8608,173.9647,232.358,87.385,165.3839,47.296,33.6242,172.6249,97.6255,139.3754,124.9594,137.7515,188.9775,101.0123,100.6745,159.6235,98.516,87.1312,103.7379,44.6998,199.835,160.5938,108.6093,178.9507,147.838,127.7136,49.6661
42.8879,271.0886,66.1453,121.4522,234.0964,147.9667,129.104,208.8335,43.8867,155.8862,209.7965,48.144,202.4964,167.7819,248.0318,86.8231,258.9834,125.3021,34.9972,239.9326,62.5043,195.9749,147.83,198.9746,174.4653,239.8574,86.1579,164.2488,47.2673,33.7261,172.0591,99.2319,140.8019,124.0212,138.3293,195.3653,99.7216,99.8871,161.7271,100.7755,90.0779,104.5499,45.8671,200.641,161.0058,108.8014,179.9233,155.1021,126.5521,49.678
42.8057,270.9438,66.175,120.2635,231.451,146.2127,131.8786,208.5095,43.3287,153.7022,216.7718,47.6345,201.4614,167.2718,247.8856,86.8391,257.4265,125.1391,34.399,236.6438,62.3731,194.984,145.141,195.8165,171.3119,243.9985,84.9085,162.0056,47.1344,33.5959,173.3877,99.024,138.7822,122.2116,137.6307,193.8061,96.7007,96.473,161.7136,98.4644,88.7892,100.9001,44.9471,196.6038,156.4127,109.8899,174.3415,154.9616,126.166,49.1718
43.1697,263.872,64.5951,124.6124,232.6522,143.9454,129.1925,203.2268,42.8269,150.0703,211.3937,47.7169,198.1398,169.6243,247.2856,87.2261,256.3253,127.6436,34.0735,239.3807,62.8238,195.3107,144.6378,193.3482,169.1571,239.3354,84.6555,161.6126,46.5904,33.652,170.8393,102.0189,139.6861,123.8522,136.8864,191.7153,98.6338,94.5835,159.3079,97.8191,87.3136,100.8808,43.217,196.7281,152.0873,109.4923,172.7564,152.5151,125.161,48.8208
42.9022,272.0337,64.5874,125.4552,227.6301,144.416,131.661,201.1464,43.6914,151.0334,212.5523,47.8562,197.9343,170.0609,246.9318,86.4587,251.0209,129.5109,33.8875,240.8371,62.7953,194.8556,143.3541,192.2711,171.7624,244.1933,83.9535,162.0644,46.9831,33.5012,172.3709,101.7824,142.449,121.943,138.4837,191.3083,98.1738,94.5643,162.3417,98.8609,88.717,100.7382,43.6433,198.5282,153.0714,110.9883,173.724,154.8964,125.3669,48.8051
42.4818,266.9787,63.2473,124.2345,222.453,145.2938,131.1651,201.8088,42.9336,151.003,212.0179,47.3652,196.2538,170.8447,249.9531,86.1534,246.2378,131.1418,33.5393,241.0945,62.002,190.2546,140.2765,194.1075,170.0127,240.5624,83.6671,162.5137,46.1011,33.1962,172.7894,99.6906,137.5622,121.2709,136.833,187.3352,97.0574,92.4859,162.5206,98.2499,86.5418,99.5906,42.5199,197.748,150.7895,110.3509,170.4484,152.9943,124.728,47.9016
41.8405,271.2134,63.1428,122.8538,222.9255,141.5933,128.8435,198.516,41.9875,148.4577,210.544,46.4383,192.3325,170.6838,245.8843,85.1872,236.6364,128.81,33.1313,236.206,59.8787,184.4962,136.1688,189.6807,169.022,236.5512,82.4402,159.7973,45.6053,33.28,168.0671,100.0038,132.7202,116.5467,132.093,185.7008,95.3733,92.2764,162.8817,96.142,86.2274,96.1562,41.1723,193.9086,148.1718,109.4622,167.3917,149.4157,124.3277,46.189
41.6353,267.9771,63.4954,121.9778,215.2556,141.75,134.461,199.9301,41.9593,149.3796,209.9931,45.8009,193.0327,171.401,246.3429,86.3176,231.8074,130.6445,32.6887,235.2644,60.8182,184.8142,137.384,187.095,167.9828,238.7944,83.1036,158.9848,45.9599,33.127,175.0632,99.9702,134.5919,115.581,131.7781,186.0554,96.4229,90.783,160.2883,96.2215,86.0404,95.5227,40.9557,192.7291,147.3914,105.5261,166.7889,147.2219,123.5797,46.0588
41.615,265.4051,63.5983,122.4482,211.6293,140.9051,133.1253,196.0762,41.5878,153.6927,214.845,46.1588,190.5227,170.2101,246.9172,85.7403,231.6854,128.896,32.5259,236.4338,60.1557,184.7359,134.7284,187.2662,164.19,245.1415,82.759,158.2013,46.3137,32.7189,173.891,98.1251,134.7104,112.3095,129.619,190.3467,97.2324,90.9726,161.1791,96.9226,84.7833,94.0575,41.0794,189.9956,144.6554,104.807,167.4073,148.4007,122.7032,45.2867
41.9155,271.3155,64.8213,124.6043,215.2186,142.2572,134.5338,196.8967,42.164,152.9005,202.7897,46.2885,195.3422,174.545,248.2831,86.1631,236.2662,128.675,32.9881,240.9189,60.1093,189.1377,138.3969,189.7671,166.0709,232.4194,82.68,160.235,46.3401,33.0924,176.9156,94.0142,135.4212,112.8912,127.4165,192.2675,98.7218,89.521,166.9973,99.3393,85.0038,95.241,42.9258,190.1876,147.127,104.9819,171.5379,150.1536,122.7878,45.1321
42.2203,270.6464,66.2702,128.5747,224.255,144.1017,135.7054,201.0709,42.7886,155.4772,207.8586,47.3528,197.3598,177.0533,250.0824,88.3384,237.6909,128.5944,33.8693,243.5856,61.4681,190.6085,139.9376,194.7319,167.4032,238.4151,83.9522,162.1909,46.8879,33.2264,179.216,100.2602,140.139,114.2288,129.977,195.2457,99.6317,92.6134,167.241,101.4818,86.7302,97.9114,44.1766,193.7487,148.5711,105.503,175.1544,154.8774,122.8712,45.9541
41.297,265.6098,66.4807,126.2134,217.5383,142.7801,134.9408,189.8427,41.5663,154.8783,210.6622,45.3788,188.7671,175.6925,247.5432,87.0798,234.9959,126.1208,33.2642,239.8551,60.5013,186.002,137.2724,190.666,162.0369,239.467,82.6578,158.2548,46.0856,32.5168,179.2177,99.4365,135.6279,112.873,128.8389,193.5097,98.6213,87.1723,163.1161,100.9705,84.82,94.2959,44.1621,187.9331,145.1362,103.6685,168.512,152.4037,120.9608,45.7994
41.0449,269.3478,64.9431,124.4252,218.9736,143.8464,134.2407,185.6065,41.2451,155.7256,211.9761,46.0151,190.081,176.9492,244.9018,86.7531,232.16,129.3735,33.2135,240.6134,60.5169,184.5949,137.39,192.5715,162.2152,240.6965,83.9763,159.4312,46.4864,31.7145,180.0967,101.8118,139.5061,112.9619,127.8103,195.237,100.6276,88.2107,162.7519,99.3601,83.6817,96.1449,44.9842,185.0451,143.8551,101.708,169.5601,154.6896,122.9374,45.807
41.7422,274.6796,64.4264,125.6435,220.6632,144.7378,136.7479,187.0264,40.5743,159.2884,213.8486,45.9241,190.3085,178.8097,247.0464,86.6896,232.8226,132.0462,33.6446,243.2624,60.538,184.9463,137.6883,195.7933,163.2152,240.8012,85.4318,159.9181,47.0351,32.3783,184.3045,103.7758,139.647,113.8797,127.368,195.192,100.0393,88.844,163.3597,99.966,84.2843,98.6201,44.9981,187.8262,147.129,102.7943,171.2479,155.0874,126.6368,45.8473
42.4197,276.5249,65.1076,128.3868,217.1019,143.5889,145.3334,190.3209,40.5393,158.8712,212.899,46.5249,189.9372,177.302,246.9946,86.4319,236.298,130.3993,33.7511,246.533,61.0972,186.7506,138.2986,194.7772,167.4925,240.9715,85.2328,163.5165,46.3733,32.3681,193.7101,103.2173,137.3106,117.5612,127.4267,195.3166,100.7363,89.1986,164.2586,99.8264,83.4754,97.493,45.0608,184.2767,145.1593,103.7089,173.9268,154.3392,126.0325,46.1558
42.302,276.5029,64.258,130.7524,214.6642,143.9555,144.491,191.9354,41.1955,158.6507,207.085,46.7245,189.434,176.4655,248.1001,85.2212,240.1476,130.5418,33.8307,245.065,60.8538,187.6534,139.4917,194.7234,170.1464,233.4217,84.7944,164.32,46.9271,32.0738,193.2691,102.1078,135.8369,118.659,129.5807,191.5388,101.532,89.9467,164.9121,99.3698,82.0017,95.8898,44.4526,186.2039,147.5192,103.1865,174.2926,150.3113,126.3664,46.7197
42.8649,274.5302,64.4153,131.2942,213.9112,144.0382,144.0788,190.2258,40.4894,162.9598,205.8604,46.5589,188.6542,175.5283,245.6333,83.1038,236.4788,130.6155,33.8575,242.966,60.5256,185.3474,138.0268,195.6201,168.4453,230.7759,84.7593,162.816,47.3827,32.3724,191.5514,98.9356,135.0082,116.8157,128.4693,192.2022,100.2966,89.5619,163.2653,100.4409,83.1076,94.5915,43.8801,188.8218,149.2272,101.3747,172.8843,149.958,127.3685,45.1623
42.6139,278.3026,63.7715,131.1583,216.5913,141.3779,144.5435,189.4811,40.4244,162.8778,208.2469,46.4316,189.0496,179.8106,244.3491,83.9116,238.0369,135.2409,33.9274,242.3918,61.7451,186.4943,139.7635,196.2495,167.8057,232.8413,86.3885,162.311,47.9596,32.2292,190.405,101.5918,138.79,115.0163,128.154,188.8602,101.9262,89.0783,165.6266,101.1725,81.5639,94.9167,44.055,186.785,148.3371,99.4959,171.2519,148.3264,129.1911,45.0039
42.6121,283.9546,65.9097,136.129,222.0051,142.5497,148.716,189.9477,40.9358,165.3322,207.7745,47.1194,191.9349,181.2422,247.8366,85.0214,242.8391,139.8754,34.7358,254.1705,61.8027,189.796,145.9669,195.7932,170.6964,231.56,87.5561,164.7556,48.2757,32.3484,192.3895,105.0761,136.782,113.8078,129.4281,185.822,102.5437,89.0592,167.1507,103.4166,81.6479,96.7946,43.5601,192.8815,152.4369,100.1828,174.2563,150.7361,127.5477,43.9226
42.5248,286.604,64.4748,134.497,221.2404,141.3008,147.72,188.3367,40.7241,163.1102,205.366,46.992,186.8116,180.5322,245.9431,83.7519,241.8806,137.4706,34.652,253.2811,61.4619,189.2134,143.1302,188.8378,165.5408,230.8017,84.8209,163.6903,47.5422,31.7891,189.4982,99.8463,133.5571,114.3213,128.7683,184.9627,102.1184,87.7334,170.4579,104.2871,80.7686,94.9737,42.5492,189.4324,151.4622,100.2385,169.7259,147.9999,125.0103,43.8555
42.6243,288.1489,65.7054,135.1206,224.9273,143.4205,146.4053,192.0032,41.896,165.7187,210.8925,47.5284,189.4081,182.6204,248.9386,84.9784,249.9291,135.7691,33.9819,260.0793,61.9867,191.0149,148.3291,194.4155,172.3075,234.808,86.9001,166.453,48.2869,32.651,193.0252,100.7222,134.0888,113.6788,131.9304,186.2011,97.0523,87.7972,170.8151,106.6183,81.7367,99.4093,41.8116,194.5519,153.7519,100.1752,169.4766,152.9789,126.6264,44.1429
42.425,281.7344,65.8854,134.3352,231.1394,143.4073,146.294,191.7347,42.1546,164.7082,207.6908,47.8273,187.1143,181.6668,248.4162,84.4512,248.6478,133.4589,32.4124,256.518,61.9234,189.2751,144.499,196.9633,171.5178,230.1571,86.185,166.8742,48.9342,32.8949,195.2856,100.0846,133.0694,112.2883,134.4036,185.3326,96.6889,86.1625,168.7207,107.1513,81.5048,99.471,42.61,194.062,153.3261,100.4014,164.7756,153.2735,127.6602,43.3213
42.1847,291.3649,65.3131,135.1479,227.8175,140.3865,148.0088,192.2379,42.0814,164.805,208.0474,46.7787,186.2616,183.4335,246.8204,83.2207,248.735,133.1546,32.3626,259.6449,61.8707,188.9303,143.2774,195.8909,169.6518,230.9078,85.84,166.6769,48.6233,32.8933,195.8981,97.3462,129.6688,113.0069,133.7039,186.037,94.8171,84.3456,173.4556,107.7102,79.9347,100.4555,42.5805,193.9155,155.0481,100.1312,162.8445,152.2684,129.0309,43.3735
41.9109,287.9779,66.2049,134.4212,229.0812,137.35,151.0832,192.8774,40.6084,166.9603,211.8304,47.2293,185.0366,184.869,246.9072,83.8768,249.9754,134.8085,32.4035,262.2166,62.1273,187.8903,144.1324,193.1542,168.8423,235.5129,86.2888,167.8268,47.9385,32.6206,201.5277,100.0172,132.6694,110.8675,132.0479,185.7308,96.4985,84.9869,172.2631,108.2117,79.4398,99.6062,41.9597,196.3895,154.8886,100.3304,164.1635,153.3242,128.1457,42.5359
41.2524,286.1144,66.4736,130.4524,228.8728,138.7059,150.9295,200.8024,40.1779,164.4758,210.8209,47.2002,182.1115,185.6404,251.0196,84.3856,251.188,137.0226,32.3887,262.5086,61.6119,188.7083,142.7985,197.3322,170.0086,235.3318,86.5307,167.5022,47.8915,32.9414,200.6861,99.2187,131.6339,111.156,133.5375,187.5952,94.8647,83.0184,170.4293,101.3469,79.6753,100.0138,42.2414,189.6708,154.4799,99.9369,164.3679,155.7251,128.6612,42.5709
41.3036,283.3656,68.0641,131.5547,228.413,140.925,151.7204,198.4018,40.0989,165.891,212.2895,47.8895,182.2819,183.8428,254.9579,84.8389,249.5136,134.9044,32.9919,262.3153,61.318,188.9973,141.6896,197.7446,172.7674,238.2936,85.8627,166.7527,48.3433,33.275,200.1803,100.5157,132.0604,110.2996,134.9406,191.5692,96.4047,82.6809,168.9226,102.2193,79.7388,102.024,42.8776,189.2888,156.7206,100.3988,162.2709,159.1145,128.7472,42.115
41.3932,283.0326,69.1975,129.8351,229.0468,142.5096,156.9242,199.9547,41.4207,168.5804,211.6262,47.7773,182.832,183.6905,256.9772,85.1306,250.135,133.4549,33.0679,263.9317,61.6906,190.5807,141.3209,195.6124,174.7244,238.539,86.6288,167.6151,48.4329,33.819,204.858,100.9238,132.7963,110.8821,135.1555,191.7184,95.3506,80.8981,170.2241,103.6409,83.1873,101.0986,43.5579,189.8877,158.7155,102.44,161.414,160.4881,131.1934,42.6895
41.6477,291.6941,68.5434,129.9539,226.0464,144.1488,155.5008,201.2005,41.3523,167.2858,216.2482,47.4049,182.6547,185.5809,258.7927,85.3987,248.5124,134.385,32.5618,263.1035,61.452,189.7255,141.5916,193.3107,173.6896,244.1287,87.1787,168.3067,48.1079,33.5524,199.7404,100.2985,128.8097,110.1467,135.8212,193.6766,95.6203,80.3962,173.387,103.4792,81.5913,100.3551,45.5993,190.188,161.3827,102.7978,160.4925,160.8697,130.8963,43.04
41.9636,293.4705,69.6276,131.6417,233.6947,146.218,156.4611,201.3055,41.7206,170.5604,213.8922,47.9897,182.8513,184.5735,265.0118,87.7802,249.5322,137.4723,33.3025,260.1198,61.6861,190.3123,142.0963,192.8682,172.5193,243.4677,87.4764,167.1576,49.8424,34.1402,198.1552,103.8855,127.105,109.6478,133.6257,195.8585,97.3423,80.5074,173.7698,105.2889,82.5746,102.7199,45.9596,195.4047,159.7667,103.6,159.4954,163.5386,133.2273,43.6203
42.2838,290.1739,69.4747,133.9998,226.6523,146.6062,155.0089,201.9183,42.4244,173.4373,214.6446,48.357,182.5091,186.0367,265.242,87.1391,246.3101,137.922,33.5884,261.1098,61.392,192.1477,143.6851,192.5449,169.0628,241.3386,89.0789,172.0853,51.4092,35.5059,195.5912,103.1053,126.8959,111.6636,130.2631,198.1085,97.0795,83.0739,176.0463,106.3287,83.2079,103.2949,47.2769,191.9175,163.3938,105.9238,161.57,163.0619,136.6849,44.146
41.8304,290.148,68.2264,131.1755,227.7259,145.4099,155.5441,199.2118,43.1206,169.8295,215.2261,48.1312,184.1347,185.25,261.8008,88.6929,241.6703,138.9111,33.1818,257.3066,62.3929,193.03,142.2767,187.5534,167.3315,243.4983,88.194,169.3319,50.037,35.4894,192.96,102.8757,125.0791,108.455,131.7224,196.286,98.2381,80.2531,177.8563,102.9626,82.3239,101.0241,46.2569,189.077,162.0144,100.3047,158.6491,157.3599,134.3784,42.9186
41.6604,297.7107,67.9488,131.3779,228.372,144.673,158.3229,198.8973,42.3565,170.1857,213.4986,48.4897,181.7912,184.736,265.1843,86.8525,243.5857,137.5959,32.7641,262.5648,62.412,193.7677,141.8398,188.3393,166.9073,242.7484,89.1321,168.6919,50.1469,35.7017,194.1946,100.5461,126.7545,106.4141,134.9944,197.2655,97.6888,78.7997,182.4152,103.5853,78.5548,101.7278,46.311,189.5762,164.7696,98.9309,157.8532,158.5641,136.6332,41.7431
41.6238,301.0599,68.5419,129.5473,228.5955,143.7721,157.0814,198.0199,41.9795,168.0633,208.4083,48.1618,178.4496,183.8046,263.9763,86.9751,244.8591,142.1739,32.707,260.2594,61.5075,192.0952,142.2257,185.0519,168.7979,237.9596,90.0436,168.2882,49.4605,34.9936,193.0743,102.0832,126.1362,107.6872,133.9494,193.7646,98.0596,79.0254,185.2173,103.7366,79.5719,99.2259,45.3644,189.9874,163.7861,98.829,159.102,155.0449,135.05,41.7094
41.5633,301.9447,68.8767,128.7931,225.5396,140.9607,153.1628,196.4044,40.9433,166.5651,210.9078,48.2094,179.2001,180.3501,260.4449,85.9175,236.5993,141.7778,32.4783,260.888,59.706,187.2235,138.7341,182.4023,168.8361,241.3887,89.3652,168.3964,48.8943,34.4504,189.361,100.1327,126.1738,107.6195,129.0707,190.5936,96.7896,79.0551,185.893,104.0038,77.9043,100.1017,44.1237,186.9488,165.5427,95.9601,156.2438,155.077,131.3363,41.5979
41.5219,305.1075,67.9674,127.817,227.2743,141.2969,153.9304,197.539,41.2327,165.9634,211.4357,48.5311,171.8799,179.7431,259.6936,85.4828,241.5147,141.4483,32.4549,258.4884,59.7516,185.5572,140.2338,177.5182,174.7606,239.8944,89.1068,168.3471,48.5473,34.4219,190.6624,101.2446,124.0009,108.9901,130.1406,190.3794,96.9354,76.0064,183.603,103.3854,76.1224,99.6055,44.0215,187.0088,164.8311,96.8973,156.0771,153.2937,129.6817,42.406
41.6265,303.9489,69.5211,129.166,225.7062,142.659,148.9264,198.9187,41.6333,165.7923,205.4272,49.4216,173.3691,179.2271,262.7741,85.9825,241.1199,143.1186,32.9306,248.5583,60.2869,184.9692,141.3846,174.8558,174.7359,234.331,88.7164,168.9163,48.1158,34.0595,184.4877,101.7682,123.2926,110.4004,130.4611,189.1357,97.2543,77.4245,182.012,104.6389,77.4724,99.4548,43.1002,186.2874,164.9354,94.779,156.6885,152.6546,129.4317,42.5753
40.9349,294.4689,66.5861,126.3112,222.5621,138.9837,145.337,193.1582,39.5031,162.4244,201.5374,47.2652,164.7757,177.9684,258.794,85.2866,233.2498,140.7617,31.8846,243.5841,58.9729,181.4716,137.2895,165.8944,170.4208,230.0581,87.3824,164.4031,46.4373,33.2275,180.1557,100.5108,118.9327,106.3915,125.1511,188.7969,96.7738,75.0263,177.5313,101.5737,76.4532,100.425,41.2882,177.085,160.2689,93.2459,149.2086,147.9002,124.7894,41.4235
40.9731,290.799,66.563,126.9726,225.0877,139.5428,148.3916,193.6735,38.6868,164.5648,201.946,46.9563,163.4881,176.2004,261.4515,85.8781,232.6017,137.4305,31.652,244.1313,60.4758,180.0866,134.5942,165.9827,168.8393,231.4693,86.1698,167.0521,46.8907,33.4676,181.314,98.3222,120.5528,104.2708,125.6946,190.0052,96.0924,72.3003,176.4549,102.7486,76.3744,100.7081,40.5943,178.8709,157.6354,93.0392,147.4401,146.7121,124.9807,41.3544
39.7555,283.401,65.177,120.0895,224.6111,135.1967,141.669,188.4654,38.1987,162.548,199.0322,45.4896,160.3517,173.7493,252.7692,84.2848,221.8272,138.8339,30.7675,231.9196,58.2884,177.492,131.4934,160.1367,164.4713,225.9977,84.988,161.0009,44.9717,32.4026,173.6113,97.3389,118.1456,102.0348,123.6065,188.8386,94.382,70.7995,172.8726,99.4612,76.0738,96.1214,39.3296,172.4052,152.2168,89.3524,141.2323,144.0586,121.3872,40.1201
39.9295,287.2191,65.3105,119.9885,218.5341,135.1575,144.781,192.6574,38.1871,161.7183,208.1126,46.4264,160.4818,175.5383,255.5001,84.9519,224.0851,137.3046,30.7922,233.6176,58.5565,178.2376,130.9829,161.493,158.5324,233.857,85.9675,162.1662,44.7179,32.7676,176.9413,95.7429,117.5852,102.8266,119.7578,187.9496,94.2077,71.4939,175.6338,97.5068,77.1609,96.2152,38.2977,173.5208,152.6178,87.944,141.9767,145.0861,120.6954,40.3891
39.8606,287.9297,65.1818,119.326,218.2301,134.4207,144.826,193.0401,37.778,162.6053,212.6759,46.4674,161.3633,177.7571,258.9736,86.3787,223.9503,139.2573,30.8659,239.7707,59.5378,180.5254,131.8429,164.1459,159.912,237.756,86.6381,163.0274,44.2792,33.2681,180.446,97.3732,120.3084,101.1915,119.9798,188.5682,92.7725,70.6338,177.4548,97.4676,77.5298,97.2509,38.0776,172.8574,150.9832,89.0532,145.1438,150.8063,120.1405,41.083
40.1006,286.2567,65.1634,118.4863,222.9929,137.8953,142.7962,191.5295,38.0011,163.6539,209.1241,46.3502,161.1413,177.1644,257.3413,86.5177,229.2933,139.8683,31.1333,238.7575,59.4764,181.1784,130.3021,159.3699,155.6004,237.6398,86.7232,162.0762,43.2863,32.4662,177.2032,94.4477,121.7639,102.3849,119.5177,182.5296,92.4332,70.1864,175.8317,97.9284,77.8904,94.8663,37.5697,171.3728,150.8157,89.5358,145.9254,151.9103,118.8988,41.0808
40.0375,287.6065,64.544,117.8028,224.5921,140.2991,138.53,193.5026,38.0229,162.4168,217.0468,46.2141,161.6193,174.9586,256.5418,86.4467,226.2532,140.1283,31.461,235.8909,59.7376,182.0374,130.9414,159.1982,155.4621,247.4943,85.8153,159.9897,43.5586,32.7939,174.5883,93.9738,122.5576,102.2682,119.9864,185.9161,92.4378,72.0382,176.183,97.3552,77.6349,94.067,37.7867,173.1215,151.35,89.5764,146.5744,152.9834,118.454,40.7644
39.8514,294.9285,66.4553,119.8426,223.8364,141.5369,143.6401,196.4873,38.1102,169.4116,222.6488,46.9679,164.0705,178.6232,263.7629,85.8994,235.4885,142.3979,32.18,239.7539,61.3165,186.9138,134.3146,163.0903,159.9875,254.187,87.1989,164.0818,45.1909,33.7357,178.8792,98.1187,127.952,101.3641,121.8717,187.7481,92.7728,73.4836,178.5947,100.8874,78.4587,97.4774,38.0434,178.4324,155.3407,90.6891,151.2808,157.7729,121.8208,40.384
40.5161,307.7756,69.0757,120.8057,228.7112,144.6366,146.914,200.5224,38.1417,168.529,222.689,47.076,167.1648,177.8017,266.2181,86.6703,241.66,140.8609,32.403,242.467,61.512,192.1992,145.1414,161.2341,162.9961,256.4017,86.5329,169.0656,46.9352,33.3254,183.2868,94.9594,126.5848,103.0926,123.4032,184.4434,92.7106,74.4444,186.9016,101.7726,81.3183,97.8822,37.1431,181.0263,160.812,90.9295,150.5355,160.3206,126.04,40.5517
40.2007,307.6532,70.0164,118.9411,230.7991,143.786,145.9711,201.9755,38.7957,169.5406,223.8425,48.08,165.8363,176.8017,268.7259,89.1345,241.6417,141.2108,32.1849,242.2992,62.601,194.1963,142.2865,163.8548,168.4902,261.6255,85.9242,170.0745,47.7088,32.9133,181.8159,96.2374,130.1794,101.3338,125.3739,183.5427,92.8306,74.416,189.7515,101.7459,80.0346,96.4637,37.1357,184.1845,163.2523,90.3269,152.1757,164.4774,126.6098,39.899
40.6163,310.0064,69.0731,119.0075,231.6636,144.7855,144.0573,203.2945,39.3386,166.4253,225.6824,48.1652,166.6094,174.8912,269.6214,90.3837,244.4404,138.97,32.3754,243.3256,62.5448,194.3725,143.037,166.2406,172.7832,267.5911,85.3521,173.4714,47.1549,33.0725,181.4135,92.5653,131.7612,102.5346,124.6377,184.6556,94.8445,74.7727,188.2084,102.0585,81.9164,98.0792,36.9541,184.0864,162.3889,92.0007,150.6677,165.4838,126.3042,40.9075
40.8147,312.725,69.678,120.6016,232.3478,147.9812,148.0196,205.3407,39.2515,170.5538,232.4314,48.6901,165.3594,172.1798,271.9284,89.5286,249.4946,139.4131,32.4185,242.43,62.2578,195.5173,143.7408,169.5661,173.9362,272.7837,85.4679,172.8819,47.0249,32.8782,188.0384,93.3155,130.9817,102.4619,126.1228,184.5293,94.8935,77.5004,190.4351,102.9212,81.784,97.6459,37.0495,183.8075,163.4368,92.0852,149.8357,164.3777,128.1869,41.0721
40.5998,303.6222,72.3508,120.9138,233.6372,147.8971,148.5329,205.1316,38.9304,170.4765,236.3439,48.3428,164.9538,169.3225,272.8394,88.4412,248.7784,137.6725,31.9162,241.1422,62.8589,195.2417,144.4026,170.0826,176.0159,279.1456,84.8525,173.9282,45.5734,32.7558,190.0104,88.4852,130.022,104.52,127.0419,184.4266,95.3883,78.1676,185.4121,105.8495,81.1853,98.7496,36.5518,180.9639,164.7237,91.1077,148.6318,165.7288,124.6609,41.3138
41.1055,296.7425,71.2083,119.3998,234.7922,149.7709,146.4675,207.0311,39.8549,170.3473,241.6907,48.8004,166.4201,170.8062,274.5054,88.4987,249.0507,140.5272,31.9679,241.2652,63.0523,194.9398,144.0147,169.5958,177.9815,283.2609,85.3529,172.8258,45.3682,33.1157,190.3743,90.2551,129.0091,104.2874,132.4391,184.6566,95.715,74.3203,183.318,105.5117,80.5704,99.0944,36.5071,184.9173,165.5669,91.3908,150.736,168.6218,124.8024,41.3118
41.3234,299.396,70.6204,120.1934,239.5694,149.6798,147.9288,210.4767,40.0713,171.4042,237.6091,49.2502,168.1424,171.8689,275.6308,88.7783,248.9132,143.9225,32.772,244.8262,63.5353,194.502,146.096,168.5371,177.4255,279.7112,85.1349,174.4365,46.2958,33.6271,193.0094,94.6592,124.0145,102.572,133.1218,185.5547,96.8941,75.7641,186.182,107.3029,80.9699,97.7871,36.7821,194.9905,166.0851,91.0294,151.5755,171.8117,128.2192,40.6645
41.4071,289.5999,70.6347,118.6785,241.8049,150.0171,148.4712,208.2753,40.4989,169.4319,234.4383,50.1341,168.0171,173.5089,278.0268,89.4877,250.4827,143.0498,32.356,244.7694,64.2595,193.4608,146.3676,168.9506,177.6763,278.962,85.6641,176.0803,47.1782,33.4942,195.2872,93.2762,126.9677,103.8324,133.5944,184.1469,97.7785,74.3288,178.512,108.1343,82.4472,97.2309,36.886,190.2496,163.9803,95.2947,150.9599,165.77,129.1763,40.5211
42.2227,294.4925,70.9018,119.0605,249.7683,152.2377,156.865,213.6225,40.8086,170.9282,240.7721,52.1234,168.0315,174.0364,281.1811,90.0953,252.9949,141.4101,32.3847,241.799,64.8074,191.0141,146.9996,169.4054,180.1185,285.5116,85.6597,177.2758,47.0457,34.6233,206.1882,92.2921,126.2315,102.2941,134.558,189.9298,97.1087,73.79,182.2082,108.3725,82.5795,97.4525,37.3285,199.3004,162.1786,97.4656,154.0117,169.9573,127.7108,40.3249
42.4901,319.1186,70.6471,119.7297,245.153,152.08,156.8488,215.7073,41.0416,171.5709,241.2034,52.2725,171.6654,172.9286,282.7609,91.2624,263.1374,137.4403,32.8512,246.653,64.955,190.5305,144.4814,169.7261,180.2707,283.8271,84.3463,177.0784,46.9413,34.6722,209.1504,93.1032,127.5178,106.5997,136.4242,187.4123,98.6519,74.4026,194.8012,109.3366,80.3816,96.4502,35.4242,201.6745,164.2259,97.958,151.6932,168.6404,126.7416,41.994
42.827,327.6965,72.3832,124.5752,255.6449,153.2752,155.3174,220.3153,42.0498,173.4486,240.4145,53.4408,175.4488,177.8691,286.3445,91.2412,268.0312,138.488,33.3582,253.4687,65.7777,192.0182,148.3039,174.1628,184.2448,280.1592,86.457,183.2205,47.8873,35.1188,207.2771,93.4187,132.0031,108.9219,139.9182,187.8046,98.6287,75.2064,197.8271,112.2034,82.0381,99.7148,36.1811,200.2388,169.8308,98.574,157.2969,169.8583,128.6746,42.9696
42.2643,326.2331,74.6825,124.8295,260.9836,153.0173,153.4835,217.435,42.0872,180.9419,238.961,53.4686,176.9882,177.1321,286.0902,91.8909,264.9497,136.3795,33.6065,250.2948,67.1106,194.8829,149.7564,176.0995,185.9062,277.5254,86.6179,185.1035,48.6034,35.8256,204.3078,96.8214,128.0998,108.2968,139.959,184.6146,97.5147,75.5658,200.2485,112.7912,84.7058,101.5938,35.6721,210.0624,169.8891,99.5995,159.6404,171.1752,132.1349,42.9049
41.6929,328.3513,72.9747,123.9871,255.1563,150.9218,154.7564,215.9101,41.8302,176.6655,235.3388,51.6603,176.7589,174.769,280.4943,91.5931,261.8206,134.3271,33.436,246.1456,66.8782,193.6786,149.0629,167.5642,179.2528,274.3033,85.7657,185.8369,48.327,35.5826,204.4495,95.8855,130.974,104.5464,140.8239,185.724,98.441,75.1435,200.9833,113.0266,84.7075,99.8569,35.3099,207.9656,166.5032,96.4038,155.6276,170.0258,133.0355,42.0068
42.3919,332.2089,73.136,126.0756,257.6879,152.2128,157.5922,219.4843,42.6937,181.3748,239.2387,52.8878,172.1017,176.8099,284.2515,92.6095,266.0717,136.0777,33.9982,247.784,67.9066,196.791,150.3613,174.014,184.5694,277.9798,86.724,188.9668,49.3644,34.9839,206.8729,94.9402,132.57,105.2544,141.9157,187.2712,98.2211,74.9799,202.3244,114.8643,85.8531,101.3143,35.1091,208.3595,168.8183,98.6422,160.3256,171.1844,134.5042,42.366
42.1151,352.4138,74.2854,127.5289,266.5523,154.5508,159.4318,224.2409,43.6465,184.3067,238.9358,54.3182,175.9129,180.0701,289.7343,94.1904,272.1442,138.3653,34.5865,251.752,69.2895,196.5188,156.0578,179.6166,186.3983,277.3702,87.9841,191.5019,50.7718,35.7438,210.9484,96.6956,136.8904,108.0001,145.5017,189.3337,99.5794,77.0258,212.0347,116.0705,89.0696,103.9686,36.1421,206.7686,173.237,100.1132,161.2538,176.3723,138.6591,43.6727
42.6132,352.8781,79.128,127.9781,281.6723,157.6072,159.4605,227.9657,44.0549,187.9994,235.937,54.6182,185.0924,184.8758,292.614,98.7316,278.5705,139.2815,35.1552,254.6215,71.3017,203.0496,162.5734,182.2476,191.8805,274.5145,89.7436,193.657,51.1063,36.228,212.6193,101.4835,143.4539,109.5163,146.9062,189.6016,103.0458,78.5441,213.662,116.1186,90.1931,106.8684,35.7728,210.426,177.8155,102.061,168.5296,177.8733,138.1207,43.8916
42.1359,343.3768,76.9336,126.9673,283.3752,154.9438,157.9974,223.8517,43.2283,181.6758,232.6376,55.1637,178.5371,181.8246,288.9161,100.8024,273.3726,139.105,34.6211,250.596,69.1077,198.075,160.8467,181.4602,186.8069,269.8271,88.0932,192.5885,50.6241,36.1191,212.7186,97.6858,140.7602,107.4518,144.895,183.7899,103.1111,80.113,207.5776,115.8613,89.0305,104.3063,35.2711,208.6903,175.0433,100.6429,165.1396,175.7479,136.3971,42.8715
42.922,343.3994,78.1702,129.4613,299.2849,158.0474,160.6772,231.1209,44.0425,188.9816,239.5816,56.2296,184.1876,186.0869,293.7771,102.4263,279.0471,141.6292,35.4989,254.4408,69.7751,200.5583,163.3096,183.3667,191.7042,280.9112,90.3255,196.3657,53.9502,36.4577,218.1384,101.5518,141.2443,108.9367,146.9436,183.8738,103.0391,81.0981,208.6499,119.4027,91.2488,105.9888,35.2908,213.8518,181.0259,104.4142,166.1665,177.2706,143.9406,43.7145
43.0941,342.9896,76.181,126.149,292.0086,154.4718,160.3963,225.7208,43.738,185.808,234.6184,55.5181,179.7197,184.9748,290.7901,100.6574,286.2317,140.8817,35.4083,252.2849,68.7733,197.8301,159.5125,176.0014,189.2489,279.6129,89.0169,196.127,53.0568,35.5112,218.3579,96.0815,137.8935,103.9657,148.5832,181.7073,102.2728,81.543,205.9851,117.5627,90.5987,103.6333,35.407,216.015,180.4571,103.0371,159.6798,171.0384,140.6505,41.0611
43.7697,342.7415,75.0247,126.9868,293.3942,154.6789,161.2139,227.7734,44.0821,186.003,238.3021,56.7652,175.3697,184.6805,293.8322,99.5635,284.1196,146.5156,35.3619,252.6598,69.3091,201.6205,161.6111,177.4736,188.5163,280.7906,89.5544,197.3969,53.2189,34.8135,218.9359,97.6241,140.5557,105.8757,146.8341,179.5339,103.7524,81.1235,206.0698,119.4709,89.3875,104.2516,35.6815,214.168,180.5477,103.3619,160.6315,174.1287,139.5947,41.6309
44.1364,335.9769,75.2707,124.3354,292.3567,153.7153,161.0249,230.3334,43.7479,185.1711,236.0999,57.6103,170.8969,183.5803,292.9678,100.5334,285.2952,145.4365,35.6605,256.2648,68.6313,203.195,159.6645,175.3535,187.1613,278.8785,90.4596,199.519,52.1481,34.7114,218.0895,98.2192,139.1691,106.608,147.1972,176.7767,102.165,79.6378,202.3601,120.4989,90.2448,103.2812,36.0987,218.1285,179.4162,106.5057,157.356,172.9925,137.9646,41.463
44.3304,329.8826,75.8061,123.9334,292.3798,155.2591,159.2302,229.8191,43.1446,183.6264,241.2705,57.784,171.9134,182.7895,290.8257,103.2652,287.2568,147.0913,35.503,256.8633,68.9103,202.9248,159.6581,175.4038,189.6089,285.1632,91.2957,198.5984,52.2134,34.6388,214.2849,97.8416,142.9186,107.4034,149.1282,177.1885,102.7748,79.6544,198.3248,119.1907,90.1041,104.9329,35.9825,216.0681,179.1564,106.5814,158.7051,172.5227,137.5924,41.4634
43.9837,335.5403,75.1303,126.1363,293.445,154.1181,164.3194,231.7444,42.2573,184.6684,237.4881,58.208,171.7033,181.595,294.1835,102.8524,288.0727,147.1041,35.8489,256.7465,69.1089,203.5659,160.1523,178.93,193.3861,284.3867,91.3339,203.2724,53.0069,35.5844,221.1225,99.4615,145.6249,107.0654,149.521,174.2112,98.245,75.8495,199.4607,117.8208,90.4121,103.4201,36.1505,219.9702,180.6714,105.8511,159.1773,170.6952,140.2218,41.4845
44.8968,343.1813,76.7411,127.1138,293.6644,155.142,167.8332,234.2938,41.5032,185.0459,232.7686,59.1171,173.2954,186.4023,297.1096,102.0362,299.2093,145.2588,35.8746,260.3286,68.953,207.8916,162.994,180.5728,196.2194,278.6579,91.8392,204.6588,53.3699,35.8764,222.8291,99.2984,148.9396,108.8939,152.8655,175.3919,97.4669,75.8597,204.5371,118.2742,90.5554,104.2127,36.9952,215.9175,183.2092,106.2356,161.3223,170.099,140.7138,41.9688
45.4543,349.815,77.3809,128.3347,305.8737,154.0303,167.8116,235.7805,41.8114,184.6786,230.0719,59.6272,174.0592,186.9402,298.2714,101.5934,293.3261,144.9406,36.1981,254.4217,68.9782,209.9507,163.6578,180.6953,201.6729,275.3551,92.3354,206.4695,53.7083,35.6358,222.4717,99.6689,153.1768,106.3483,149.6103,174.0498,96.8612,76.615,208.9754,120.0839,90.0269,103.6611,36.4148,219.8108,183.7994,106.3375,162.393,168.4793,140.936,41.1899
45.1057,344.2814,74.9288,123.8985,287.396,151.3556,165.9356,232.1382,40.1672,182.2713,233.3641,59.6763,169.7628,184.6663,298.8343,100.5092,290.8634,140.666,34.9681,248.4181,67.2823,204.8619,159.0003,176.8057,193.0159,275.9691,90.7148,200.5722,50.8863,35.02,222.5435,97.4981,149.1324,104.7611,149.0969,174.8988,95.6405,72.9752,209.3092,115.5379,88.7825,102.4629,35.9606,210.7384,173.8995,104.1652,159.6501,172.227,133.4235,40.385
45.3536,350.4046,76.3343,125.0552,303.1727,151.0601,169.6721,233.2282,40.1367,177.9702,236.337,59.2441,171.3711,186.0208,303.4842,101.8008,296.4977,141.536,35.0139,251.6723,68.7596,209.3125,162.0897,177.3427,197.8444,275.385,91.3754,203.0023,51.7706,36.0735,223.2241,98.4485,149.1257,106.9157,148.539,168.9558,94.3156,74.2966,211.8057,116.0034,90.3939,103.3061,36.8525,213.5583,177.1222,103.4979,161.97,172.0975,133.8951,41.3732
44.8895,351.3336,76.2112,124.3948,302.0357,149.5936,168.0722,235.1084,39.9805,179.7741,234.9406,59.0197,172.9079,187.7222,307.3026,103.0322,292.1741,143.5168,34.7732,247.0397,70.1211,211.3469,163.2831,177.708,197.9076,272.4253,91.8798,200.7729,51.189,35.7889,223.7079,98.9115,148.2895,107.0796,147.6787,170.1105,95.0018,72.9187,212.4277,117.8067,90.1268,103.1307,36.4808,213.4105,181.7887,103.9746,163.8264,172.3406,134.427,41.2899
44.2248,359.0554,76.1691,121.743,300.4397,149.5566,166.992,234.204,40.7304,176.0612,235.1415,58.9988,171.434,182.1578,305.9329,100.3406,296.0966,138.5747,34.5425,245.4968,69.1248,209.9794,160.9405,173.895,198.06,276.2345,89.7449,200.2493,49.3133,35.7462,223.7597,98.403,148.3466,106.8501,146.3274,167.0034,94.8878,71.3828,217.4266,113.5712,89.9417,102.4748,35.5517,213.2881,178.6777,102.7837,162.4124,171.2426,130.7845,40.9299
43.4166,357.5616,75.3032,119.5519,298.0486,148.991,168.2587,235.8683,40.4877,174.507,231.8831,58.8634,169.7448,181.1986,301.7232,101.4543,293.0667,140.8212,33.9583,244.7617,68.6382,210.9338,159.7333,171.922,193.9586,272.0218,89.6564,200.1175,48.1775,35.5337,223.5997,99.5737,148.7513,107.305,146.5572,164.2209,95.0076,71.1977,215.5361,111.3945,91.5014,100.2074,35.2648,211.4213,177.0017,99.9786,164.8261,168.063,126.1753,41.1969
43.4878,356.6896,73.9315,116.1599,294.1809,149.2933,165.6574,232.0821,40.0339,173.5116,230.4049,57.8619,169.9072,177.6769,296.6383,100.4314,288.2904,140.9605,33.4885,239.458,68.3098,209.6032,154.7285,169.4147,187.437,266.1556,89.2095,197.9789,47.0773,35.0516,221.9324,99.6049,140.302,106.3604,145.8684,162.1907,93.0912,69.9812,211.4827,108.7289,89.4949,96.9114,33.6,211.6445,173.6479,98.7813,163.6216,162.4031,124.3863,40.9053
43.1851,364.6921,73.9817,115.9973,293.4017,146.5514,161.31,232.8259,39.3105,171.2482,231.5734,55.2144,168.2541,175.5816,293.951,103.1463,285.6951,138.6225,32.8234,238.3116,67.8089,211.3604,154.6246,168.7698,190.7348,262.641,86.4528,195.5829,46.4725,35.4105,217.5787,98.2487,135.8996,102.088,144.3783,161.7375,90.8065,67.8632,214.8394,107.8146,88.3027,96.4227,33.6902,212.5633,170.8701,96.7401,160.7188,161.532,124.4299,39.6315
43.1122,356.8688,74.7684,112.6655,287.9245,146.0565,155.4241,231.4754,39.6832,171.0439,231.0781,55.4067,169.4119,175.5307,292.7848,103.6107,285.6186,137.7627,32.4405,240.6664,69.0135,210.9848,153.9945,169.6315,190.6234,260.0482,86.3779,194.9731,45.67,34.0944,208.8604,95.5034,135.0276,103.9608,142.1493,160.0111,89.2814,65.4386,210.6737,105.506,89.5777,95.7728,33.2337,217.1496,167.8709,94.9415,159.9875,159.9925,120.6307,40.1367
42.6453,355.4826,71.8112,111.6864,282.521,144.8388,153.8768,228.7,40.1614,170.7205,232.8851,54.4133,164.2584,170.2207,289.5237,102.2255,275.6963,135.1525,31.9288,238.3334,67.2366,208.701,150.5995,168.0255,188.9372,261.7296,84.1566,193.6438,45.6609,33.7003,205.3714,94.1418,133.7868,103.8156,142.4359,159.1812,87.6281,64.6939,210.6314,104.0273,88.2299,93.2983,33.4352,212.4885,167.5122,94.1363,155.4361,158.8064,119.293,39.698
42.7119,356.3671,72.1629,110.0628,286.65,144.3497,147.7635,221.4187,39.3407,165.8311,228.6032,54.6139,162.349,171.4636,292.0014,102.8871,271.4441,137.2723,31.7275,235.3936,67.4974,207.2874,149.7579,165.2271,191.5832,259.8269,84.3047,194.7935,44.8284,34.2027,196.6697,94.0761,132.0628,102.8553,141.3358,161.2059,88.9056,63.3833,209.6012,103.7379,87.554,95.4403,30.9039,210.6569,169.3046,93.4698,153.7964,160.5516,116.0935,39.7653
42.3996,360.9055,73.1873,110.267,284.2087,147.4374,148.4279,223.732,39.4737,170.7712,223.5092,54.9672,162.6318,172.3433,294.2674,103.3338,276.1824,139.1712,32.2185,238.1655,67.8312,209.848,150.4059,165.6934,192.3261,255.566,86.2041,196.2902,45.1009,34.4747,196.0511,93.3453,135.408,101.9326,142.3729,162.0129,87.8139,64.1537,213.5103,105.0251,89.4134,96.3789,30.4913,210.0073,171.6894,94.366,153.4966,159.7109,115.7607,40.3096
42.9226,363.3459,72.0723,109.2318,286.0593,148.3349,143.6598,225.9611,39.5378,170.6289,225.3402,56.2084,160.197,171.7597,298.0701,102.955,273.0125,139.0438,32.3989,235.7293,67.4902,210.0406,148.542,166.4709,195.5185,256.5638,86.0767,197.4003,45.0256,34.849,192.5049,91.3856,132.8683,102.3757,143.394,161.5881,86.9522,65.3486,212.9515,105.2241,89.8822,98.265,31.4676,210.5284,171.3481,95.1593,151.5099,162.173,115.0359,40.1609
42.728,363.0829,73.5911,109.9433,287.9989,148.3124,145.6054,230.7443,38.9824,169.9595,226.5132,56.2144,159.8169,171.3547,298.8879,102.4119,273.1801,139.5666,32.6433,234.8408,68.5634,209.6082,148.7247,167.2095,195.6721,254.031,86.1282,195.4336,45.4217,34.4727,194.6222,90.7227,127.8613,102.3558,142.6335,161.2615,86.7697,65.0712,216.2458,104.6219,89.8596,97.5116,31.5297,208.5905,170.6274,95.8976,150.0813,161.2789,114.6684,39.8852
43.4131,356.7082,73.9716,110.4388,279.8091,148.6289,146.7175,227.8286,39.9847,176.6635,223.428,56.3387,159.8194,173.4384,299.3491,102.8373,274.2955,140.6069,32.7725,233.0087,69.0263,210.5717,149.3281,173.1898,198.3383,252.4927,86.0126,197.7746,45.5311,34.0333,195.1971,92.0428,126.5034,101.7626,142.0952,157.5259,86.8754,65.1043,212.1426,108.2011,89.4861,98.3535,32.3714,210.1978,166.4477,96.1988,147.3742,158.517,115.5592,39.4097
43.2173,360.8848,76.2073,113.2793,288.574,151.7913,149.399,234.0542,40.6263,181.9225,240.2223,57.4432,164.3378,176.2385,303.0684,104.7906,280.0458,141.7452,33.7237,235.7227,70.8044,216.1305,153.4052,176.4845,199.7906,267.4636,87.6279,209.2797,47.0846,34.4562,199.5439,91.6912,132.2112,104.1395,144.3687,157.96,88.0602,65.8373,215.2835,111.616,86.0797,99.7811,33.8122,210.5594,170.6857,96.8977,153.1934,163.4012,118.4501,39.7763
42.6028,357.3528,73.7441,109.0015,282.4395,146.5386,143.3259,226.5164,39.9024,176.0903,233.6997,55.4025,160.1737,171.5582,296.1632,102.4279,270.1447,137.2517,32.9114,233.7107,69.8568,214.9305,147.2598,169.9639,194.9695,261.4594,84.8717,203.5869,45.8128,33.8758,190.2969,89.8164,127.8002,99.0264,144.3213,156.2435,88.5255,63.1892,214.7252,108.2002,85.6948,96.2238,32.9678,207.532,163.9038,93.2063,148.8229,159.5296,115.2288,37.9093
42.1603,365.1396,74.4837,112.1276,290.8046,149.0176,139.7382,231.0654,40.0922,177.2211,235.6955,56.4602,159.5455,175.4343,300.9478,100.277,274.2031,138.4352,33.3523,234.5426,70.0113,218.3599,150.6689,175.3455,197.7571,266.8304,86.057,206.0153,46.5867,34.3002,185.8255,90.9345,130.0026,100.5333,143.5904,160.1664,89.1589,61.2886,219.5526,109.9501,86.5842,99.6049,32.8952,207.2701,167.9142,93.4987,149.8454,163.5826,116.9357,39.0378
41.6077,358.1999,74.4206,111.9589,285.7813,149.4485,142.9121,232.5097,40.4182,176.2762,237.6422,55.7638,158.3887,175.1094,300.8943,100.5915,278.2989,138.7922,33.7456,237.4741,69.3983,218.4487,147.8706,177.472,196.97,270.4251,86.4753,207.8335,47.7057,34.4097,189.4579,89.8732,128.1729,99.9881,144.6199,161.3081,89.6202,63.2707,214.8639,112.4689,87.097,100.5012,32.3748,210.2631,168.3282,92.6729,149.5563,165.8722,118.0434,38.8224
41.9916,349.4831,75.6843,113.5899,283.8506,151.9512,144.2858,231.7143,39.4238,175.9437,245.6429,56.6855,156.1816,174.163,304.9773,100.9295,280.3208,143.0572,33.8287,237.5437,70.293,215.7963,149.6847,181.4871,200.0922,274.6528,86.5717,206.1087,47.6154,35.0615,190.7326,87.1437,133.3425,102.6382,146.6527,162.7309,88.8102,62.4335,210.5328,113.9506,85.4441,99.7307,32.9346,207.1812,172.1177,93.8426,147.7206,167.5379,116.9021,40.1618
42.0522,351.8457,73.4128,112.4469,283.1287,152.2008,142.8257,233.4038,39.8425,173.6934,245.8828,57.5524,154.355,176.1048,306.2895,99.6953,285.0996,142.2888,33.7696,239.8924,70.1407,214.9966,148.5059,179.7919,202.8567,274.9537,85.6946,208.9651,47.299,34.7764,189.7117,87.9001,130.4611,102.9473,147.0515,163.4603,88.4968,62.4478,211.0221,111.855,86.4447,99.1651,33.3999,205.18,168.6246,97.0273,148.801,166.0456,116.6836,40.3489
42.0411,351.4123,74.1048,111.4253,280.9543,151.0176,144.002,235.6185,39.0109,174.6001,248.1654,57.0628,152.6924,174.7927,307.8994,100.0288,288.0131,139.9267,34.2235,242.2655,68.2133,214.0714,147.0337,181.6001,205.1298,275.273,85.016,208.5462,46.703,35.5307,189.882,90.0391,130.6497,102.348,148.0967,162.3989,89.2788,63.0176,213.0716,112.4869,83.4414,100.8177,33.7489,202.7481,166.6115,96.0399,147.9621,168.217,116.0925,40.3308
42.4734,356.5836,75.526,110.5186,283.4258,151.9271,143.428,239.3788,39.6723,175.906,242.995,57.8976,156.0177,177.3976,307.3614,100.8521,295.1196,143.2031,33.8821,243.4772,69.314,217.0034,148.4726,183.1629,208.8658,268.1081,85.9003,209.9826,46.0658,35.0253,192.2726,90.5347,131.1867,102.3968,150.9509,164.9934,90.1512,61.3161,217.4744,111.9714,84.2934,101.9122,33.25,206.3736,167.123,96.7465,147.5869,170.4099,115.3115,40.0204
42.5174,362.9074,76.4026,111.3677,289.5508,152.2319,143.3404,242.8446,39.8143,171.9584,238.4752,58.7208,154.7165,181.714,307.2605,103.4839,304.4514,145.7249,33.7346,250.9095,69.5614,217.7897,150.2009,184.9971,212.0527,267.7893,86.6994,209.823,46.1121,35.6593,190.9599,91.0023,132.5629,104.4046,154.0117,166.2174,91.4472,61.3156,222.2311,113.1714,84.0324,103.8658,34.72,209.0793,166.229,96.0611,146.9564,171.3334,115.05,40.682
43.0436,366.7939,76.9506,112.4202,281.9629,153.3226,142.5308,244.8414,40.141,171.7221,233.0746,59.1369,153.9048,185.1041,305.2406,101.0435,301.4645,149.0341,33.839,256.0245,68.6053,213.1871,148.0739,183.0858,218.1456,268.6624,87.5077,213.8457,46.3712,35.3445,188.3418,90.375,138.4991,104.6855,154.8775,165.0909,92.1189,59.8342,222.3612,116.0258,85.8245,102.3093,35.9025,208.6506,167.5595,95.9849,148.0054,169.6759,115.0408,40.9578
43.0362,371.0219,75.9697,111.8322,283.5351,153.7569,141.9876,246.1032,40.4084,172.2205,239.793,58.976,152.5415,189.4146,305.2854,100.4936,301.0146,151.7248,34.053,256.7331,69.5761,211.9398,149.0815,181.1023,221.1879,276.6592,89.5028,214.0145,45.4879,36.2241,188.2754,92.8324,137.8657,105.0415,154.8345,165.216,91.2243,60.4905,220.6746,116.4659,85.2882,105.0655,37.1229,210.1075,169.6784,96.1746,148.6238,170.0771,113.994,41.1932
43.2247,370.3503,76.8714,113.1457,286.4554,156.48,141.9259,249.7823,43.1236,168.4248,245.9453,59.0632,155.6375,188.9768,311.2319,102.332,302.7266,154.6032,34.3143,259.2493,70.9375,213.352,152.0145,186.2435,223.6567,278.395,90.2309,217.0906,45.7734,35.8116,189.0481,97.7721,141.8962,101.4976,155.9758,166.3935,92.6178,61.539,222.0372,117.4567,85.7548,107.6214,37.9966,213.6831,170.8473,99.4694,151.4945,174.0697,114.3834,39.5911
43.125,374.7637,79.0575,116.0023,291.3213,158.2879,145.3811,258.326,41.1584,174.7545,250.7389,59.7143,160.6265,199.3629,317.4127,101.6331,310.8047,157.7453,35.5731,262.1736,71.6272,215.3044,154.52,192.3094,229.0262,286.5824,93.0771,220.5624,48.1535,36.8219,188.6965,99.4104,149.6569,102.6234,159.0232,169.5095,93.6358,64.8305,224.5969,119.4361,86.2049,109.9134,41.4654,219.7638,177.5076,102.4289,156.1436,178.4863,119.3743,40.2252
43.9118,378.4539,79.7783,117.8968,296.996,161.7106,149.9121,260.7868,42.6986,175.5437,250.7849,61.5507,162.5034,202.3976,321.8781,101.6929,314.0541,159.4626,36.0484,265.3567,72.8769,216.8128,157.8975,199.3017,233.8842,286.4269,94.0428,224.4431,48.3508,37.1867,193.5107,98.2484,151.262,102.0765,160.4951,174.8008,92.069,63.1099,224.6946,120.263,87.7568,110.6513,41.7884,220.2196,177.1555,104.3046,157.6591,179.3778,119.9912,40.1342
43.9625,382.6288,79.5942,115.4565,285.0484,161.6337,149.993,262.008,41.022,175.0495,253.5483,61.6322,159.2049,199.9244,315.9842,100.9219,311.81,158.1181,35.5676,262.1831,71.8402,215.6167,157.1078,195.5391,230.3618,287.5924,93.2874,222.5098,46.9513,36.5501,192.7914,96.8389,146.553,104.9374,157.5273,173.4721,91.8978,63.4031,224.9297,119.9428,87.5792,111.9394,42.316,220.1939,174.2084,103.9606,155.6948,178.6148,117.8267,41.0695
43.2849,393.9759,78.8783,118.6419,292.1596,161.8642,152.437,267.8365,41.1438,177.923,249.3299,60.8117,162.9767,200.4882,316.0991,99.2057,314.4611,157.0691,36.2525,263.1633,71.7123,217.3465,157.7744,196.5733,235.4702,283.2238,93.431,222.5491,47.934,36.4367,196.8252,97.7056,147.1688,105.7751,162.7404,170.8506,92.0358,63.1772,229.6502,123.9057,87.2677,111.7952,42.5431,225.264,176.8415,105.2505,152.6358,179.3863,120.2822,41.4102
42.9527,392.1594,80.5204,117.1053,289.9538,160.9975,153.7026,266.1385,43.1081,177.7377,246.3444,60.3352,159.6621,200.7157,314.801,98.0098,314.0534,157.1557,35.8994,263.7453,69.8431,217.1029,156.1515,197.2179,235.3108,278.3811,93.2865,221.6444,47.5692,35.8435,198.9059,90.5566,147.2143,111.8425,159.5287,169.1757,90.3032,62.579,228.0886,119.4636,86.9016,110.767,42.8577,222.3524,178.3779,104.1804,151.4908,173.2105,120.1028,42.8472
42.9588,393.6976,80.1415,118.5603,290.6672,161.5317,152.8791,271.612,43.5983,177.2179,247.1065,60.6299,161.6378,200.2821,317.2982,98.9266,315.6679,155.665,36.8832,265.3437,71.5815,220.8233,159.3178,201.6343,238.2122,276.8307,94.4495,220.074,47.3553,35.7665,197.7974,91.9556,154.2026,113.0292,160.711,169.1242,90.1557,66.6464,233.256,122.301,88.3308,112.1769,43.476,221.6016,180.5896,104.1517,154.5274,171.5749,119.6243,43.991
43.0058,396.7537,82.2984,117.9052,294.5239,164.8762,156.1065,273.1498,44.5531,179.4131,248.168,61.3261,164.9898,201.3722,316.7066,100.7288,311.8806,158.3404,38.4545,266.0366,72.4872,223.9512,162.971,204.8111,236.9277,277.1662,96.0236,224.8594,47.7374,36.4073,201.9798,91.0389,152.7313,112.147,159.7184,167.5674,90.0044,68.861,233.8285,122.322,89.256,114.6695,43.4285,224.9474,186.3492,101.4958,154.3576,174.2225,122.6688,43.8909
42.9186,398.4773,81.9889,118.2191,288.5999,165.0992,154.4895,275.364,44.4847,179.3574,245.8495,62.3528,161.7962,203.6741,313.8406,98.9585,318.2902,158.8208,38.1822,265.7355,71.4389,222.3945,157.2448,206.3081,240.357,279.8062,95.9827,226.2884,48.009,37.2569,198.8046,90.9053,152.1721,112.4234,159.298,168.3608,88.5469,68.8772,236.9182,123.1264,90.3561,114.5468,42.8467,227.952,183.2802,101.2673,152.8225,174.1281,123.5045,43.7626
43.0742,395.7346,80.8805,115.3739,294.4102,165.576,159.0907,275.6498,43.1636,174.7801,246.855,61.5772,161.7298,203.2081,310.3422,98.1932,321.4367,154.0549,37.9815,267.3379,71.1769,222.5855,158.4599,202.9787,237.0864,279.9899,95.9028,226.8517,48.2036,36.8189,206.7075,90.6784,149.009,111.917,160.1144,166.2976,89.9651,67.4851,236.1788,118.8176,90.7565,113.4245,42.0858,230.3514,183.1774,98.5566,153.0285,172.462,122.9805,43.1333
43.0018,401.6601,80.2382,113.8383,284.5558,159.5651,157.8851,267.5288,40.8316,171.3894,249.9637,61.3175,156.5605,200.9981,306.1843,98.6999,311.836,153.5543,37.4614,265.5417,70.7618,223.3966,153.7083,198.8196,232.7144,283.113,94.9419,224.6846,47.6127,35.6984,203.3461,88.0269,148.2156,109.5568,159.088,165.7096,90.2647,67.5704,240.7717,116.0961,89.3345,110.3341,43.3517,221.4278,181.6915,96.5096,152.6574,169.7939,121.1655,42.3996
43.3108,402.3011,82.248,115.6974,293.9096,160.1645,157.3729,269.5265,40.7622,173.9942,251.3917,62.5464,161.1108,202.8525,306.3465,101.0217,311.6166,155.4409,38.2279,264.0638,71.229,226.7765,158.7586,194.6912,230.9817,284.5665,95.6353,225.8373,48.639,36.6618,200.5795,89.7804,146.6621,108.5131,158.8856,164.6019,89.9507,68.1439,241.5838,117.452,94.8313,113.3627,44.9699,227.7439,185.9945,95.7418,152.6604,170.5353,123.8511,42.232
43.4869,405.2683,79.3246,112.6161,292.4546,158.9895,159.2886,266.5558,40.2405,169.9222,250.4417,60.9003,153.1309,200.0212,303.7427,99.1157,311.6045,153.8469,37.6491,263.1483,69.8345,223.9111,156.8689,198.0261,235.397,281.0892,94.4739,224.7961,47.5198,36.6218,199.3677,87.483,148.6129,107.0777,159.3217,163.6534,87.269,67.9828,240.6339,114.8782,93.4407,110.6834,43.6767,217.1245,187.2798,94.1163,149.2723,169.3659,121.8488,41.5851
43.9046,424.1443,79.9939,109.5458,295.5995,161.211,165.0363,268.4336,40.3824,167.3637,251.8915,62.0608,154.5181,199.1193,310.5823,99.0058,316.2924,154.5806,37.3256,272.0981,70.6639,224.8468,158.4031,201.9241,235.7604,282.5212,95.7641,227.6863,46.1924,38.1435,207.4088,88.892,154.5503,107.4582,161.7302,166.9164,88.0762,67.6716,249.6435,113.0543,94.8339,112.0127,43.8889,214.2394,187.1525,94.8863,153.455,170.4189,120.0196,41.9154
43.859,430.9079,80.1696,109.4626,289.719,162.3398,168.0094,269.8511,41.3,169.5667,249.8366,63.2162,154.1129,195.719,308.2095,100.2166,314.8236,155.2739,37.6884,273.2334,71.124,225.1243,159.4647,200.1106,240.8378,281.5315,95.4246,234.0142,45.783,38.4825,212.7545,86.3557,146.3658,104.4549,162.5535,168.0353,88.2071,68.1584,253.9333,113.685,96.5644,111.8586,44.6467,212.2761,188.9387,94.968,153.157,166.6432,119.2178,41.2471
43.5343,438.1607,80.2863,108.0935,303.9048,162.817,169.0143,270.1887,41.1833,166.4299,250.2642,62.9163,152.5405,196.268,307.6457,100.2004,312.3885,157.0782,37.2955,273.4786,71.2647,227.7525,160.4131,197.1584,243.9978,283.4764,95.6317,232.5701,44.3692,38.9758,213.2788,88.282,150.552,103.9995,164.0061,169.499,89.1976,67.5249,260.088,111.6259,97.3385,113.2819,45.608,206.0196,188.6027,95.841,151.7621,171.686,115.1982,41.2326
43.5422,436.7686,80.7535,110.4749,309.2864,163.8039,169.7772,266.3882,42.1275,163.351,254.8178,63.5164,155.915,195.688,313.4518,101.5607,321.308,155.1086,37.1568,276.8634,72.9051,234.0526,162.8971,205.1297,247.1738,286.1686,96.2107,234.7481,45.3057,39.4296,213.2007,88.4446,148.5261,105.8272,165.502,173.6993,89.4879,65.8256,265.3508,112.6674,96.8194,117.7137,46.5645,205.5003,192.219,94.4562,152.9836,170.2603,117.1022,42.2346
43.3577,440.7206,80.475,112.0167,310.1678,164.7137,171.3667,264.2145,42.6199,163.626,257.4884,64.0314,155.0041,196.0746,316.7822,99.5011,322.1311,159.9015,36.8057,278.5123,73.7591,232.7089,162.5603,206.1691,247.188,282.1457,96.0736,231.7039,45.4525,40.0765,214.6041,87.9492,150.599,109.2257,167.8496,177.3584,89.5013,66.8648,270.181,112.9993,97.5638,119.9419,46.7881,207.239,194.2312,92.5581,152.6437,175.4629,116.5799,43.008
43.5686,433.3727,79.7184,112.2935,303.1281,166.2796,172.0175,264.2997,43.6478,164.8467,246.7453,65.1552,154.317,195.5693,316.5322,98.5523,319.6975,163.8209,37.1983,275.485,73.9018,232.0296,163.7069,202.761,247.5646,270.5062,96.6695,234.9568,45.1108,39.5648,217.2641,88.6836,150.8373,109.5936,167.1051,175.3034,88.1678,66.5858,264.7136,112.3174,97.8899,116.3363,45.5945,205.0035,193.5842,94.017,155.1334,168.907,116.4173,42.8064
43.7747,433.7106,78.7795,112.1184,301.7638,165.0874,163.6222,259.9949,42.6555,165.6845,245.6268,64.1828,153.4959,194.4489,314.2874,98.8407,316.1968,161.3522,36.9893,277.3741,73.4345,233.6956,161.9052,200.4517,241.528,267.7824,96.1988,235.9443,44.8883,38.982,207.0047,87.8083,149.3966,107.515,166.7664,175.4304,86.8696,64.3492,264.701,110.318,96.5449,114.3737,45.0052,201.7625,194.438,93.741,152.9142,168.5206,116.377,42.1167
43.6201,445.3306,78.0611,112.945,299.0921,165.3686,166.7272,264.792,41.7432,163.702,237.2849,64.4645,152.2982,193.5821,314.2042,100.9414,318.2722,164.7719,36.8887,288.6456,73.3392,232.1307,164.2087,197.3548,241.9071,264.3257,96.1119,237.0274,44.7513,38.477,211.6913,85.9002,143.6886,107.8897,170.3347,174.3437,86.9459,65.8175,268.5698,110.0003,94.6293,116.0401,44.8855,203.5472,193.3091,96.1597,155.0976,165.2017,115.7605,42.3137
44.4647,440.4992,78.4994,113.6474,292.5037,165.8418,166.5808,261.4494,42.9571,162.1737,237.1849,65.9235,151.885,188.4817,314.2022,101.4935,308.3761,162.9504,36.5612,284.0458,72.2506,230.8719,164.2844,194.8702,231.8259,262.465,94.4327,235.968,45.0226,38.3798,209.5321,84.6046,140.0454,107.3914,170.4289,173.6837,86.4703,65.4605,264.349,109.7989,94.3366,114.3987,43.2365,208.9411,191.6114,95.767,154.9866,165.4401,116.1015,42.0291
45.1365,440.17,77.886,112.347,288.8753,166.0307,160.9675,261.3864,43.1047,163.3207,237.6192,65.9253,149.4056,188.0678,315.7538,99.2718,307.5904,162.5008,36.0224,279.9164,72.5072,230.0588,162.0896,194.515,230.0449,266.0266,95.9821,238.5656,45.1769,38.4844,199.9367,84.6994,138.4259,105.6036,168.6186,174.3302,86.6159,66.1681,260.3761,108.582,94.0887,114.7859,44.4901,211.8038,191.7902,96.3381,153.7991,164.5604,116.7748,40.899
45.5008,452.955,77.7117,116.9462,277.5281,168.8941,161.9435,268.7801,43.8105,164.4558,243.4461,66.5434,148.6482,189.6855,321.9274,100.0198,309.1503,163.4296,37.3089,283.1947,71.9558,231.3575,164.8426,200.9848,227.2957,268.5003,98.5386,239.3359,45.8355,38.9705,201.6963,84.4719,140.705,105.3001,170.048,176.0942,85.1501,65.3656,265.6766,110.9889,95.6308,115.9299,47.6647,214.6737,193.2031,97.5887,155.5203,175.3001,118.449,40.742
45.965,444.2871,77.3652,118.0567,276.5404,170.1759,162.1929,263.5092,44.0266,165.2165,241.1148,67.0485,145.4754,191.1507,318.8013,101.3193,310.1411,163.0146,36.2859,285.0797,72.9839,232.9287,164.773,204.0485,227.8238,270.2163,98.4467,239.5786,45.6838,39.1973,199.1808,85.5921,138.0078,104.2359,175.3406,180.3329,84.8493,66.269,261.1744,110.6255,95.35,117.2834,45.4553,210.2107,193.8873,99.2166,157.3514,175.9873,118.0289,40.1511
46.1578,462.0092,75.3328,117.4448,283.7816,167.9859,161.5728,266.3603,43.3223,167.2465,243.0752,65.5143,144.5169,190.4286,317.8469,98.8077,309.3225,160.7679,36.2922,283.2237,73.1132,232.7716,166.0449,200.0529,230.1124,275.1392,100.1431,236.8766,46.1149,38.6676,197.4602,84.5157,133.7638,102.5817,174.6458,179.0616,84.5925,65.4394,270.633,111.6533,94.6173,116.1032,45.2996,209.6837,192.9191,97.4738,162.6984,176.0654,120.2542,39.6946
46.4203,466.8427,74.9976,116.1435,277.5132,170.3779,161.3094,262.4905,43.1053,166.4076,245.6888,67.3327,143.8813,191.3629,317.8392,95.683,313.5015,163.6482,36.1022,286.3837,73.2682,237.7552,166.8414,200.4438,232.8739,277.4907,100.2358,238.6427,46.121,38.8907,197.4813,81.1141,131.9197,105.2908,176.4915,177.8497,84.2438,65.8231,271.7457,111.8945,93.5528,112.5605,44.1509,209.5496,191.5307,100.6753,164.0852,173.5389,120.3067,40.7461
46.3432,470.8691,74.7999,114.0627,275.7223,168.025,159.3716,250.9954,42.4068,161.4953,237.3548,66.0873,142.5182,191.0716,314.1593,97.1659,305.2699,160.6569,35.5185,283.9353,72.3372,236.409,165.642,195.5657,226.1847,267.8716,98.3645,238.2892,44.5991,38.3339,193.897,81.0857,128.928,103.8379,178.9964,175.7585,80.1878,65.6125,274.1352,110.1009,94.6873,111.4282,42.9646,211.6617,191.8699,100.1714,160.7764,168.5512,116.9917,40.2757
46.804,467.7409,75.5069,114.3549,273.6353,170.5522,160.714,254.6298,42.7032,160.3764,238.9685,67.4087,145.5135,192.6049,310.1447,99.954,308.9913,160.7607,35.7356,281.7859,73.41,237.6677,164.2742,197.1396,229.4277,269.0994,99.7149,238.5273,45.644,38.5075,196.1792,81.0468,129.4011,103.1313,180.1495,177.1389,81.8819,65.524,271.0568,107.9126,96.4509,113.1367,43.3308,212.7117,192.5131,99.2949,164.1541,171.6531,119.5358,40.488
47.0856,468.6764,77.1428,116.1912,278.1222,169.0425,161.1637,256.6552,42.9195,166.3604,243.4243,67.6169,148.0035,199.3002,315.4044,101.2154,318.2736,163.5281,36.2553,286.8706,74.729,238.8212,162.962,199.926,232.9175,269.8665,101.6189,242.7618,45.8719,38.6787,199.1086,81.1933,129.9773,103.6848,183.756,178.0586,82.3751,65.6062,272.1298,110.1615,96.8309,114.4369,43.2581,213.6264,193.5871,101.8312,169.7216,175.3646,121.2214,40.5194
46.9531,476.7284,76.2318,114.4032,276.9845,168.6884,157.7153,256.971,42.8734,164.3036,243.8389,63.8298,146.7225,200.9943,316.1442,101.1557,319.7501,164.1718,36.2453,287.1008,74.0951,235.552,162.7057,200.0549,233.3993,269.8018,102.2507,246.0296,45.6823,38.7865,197.8197,84.3456,129.2685,105.9811,185.9746,171.1308,83.6656,65.8241,274.8058,109.5442,99.8798,117.9864,43.1755,218.6448,192.3474,101.3671,167.1532,176.3893,119.916,41.2295
46.9818,472.7409,77.3071,113.7989,274.6169,169.8576,158.4952,254.8739,42.4251,164.2151,245.4267,64.688,146.8523,200.2616,317.8103,101.4626,316.528,163.2393,37.0333,289.1529,74.1476,235.934,163.2035,201.0841,234.9164,270.2005,102.8159,246.6979,45.1651,39.1621,198.4484,83.4628,126.8662,104.4105,186.1321,171.6315,84.5643,65.6349,274.4456,110.8074,99.7133,118.6638,42.3989,218.5273,192.46,100.4295,166.0394,177.9877,120.3305,40.8142
47.8136,476.6085,75.2022,114.4935,274.5639,172.0749,158.989,262.2396,43.3883,161.4856,247.7392,64.5641,146.6211,202.0681,317.5922,104.2073,327.4196,159.8596,37.4912,295.1314,74.5512,238.3122,167.1827,200.6515,235.9727,271.7906,103.1941,250.402,46.1379,38.5468,201.51,83.9327,125.0255,101.7384,186.3228,172.0686,84.1746,66.272,272.0805,111.1136,100.2314,119.247,43.1493,221.1064,193.0344,102.3889,165.8795,177.5437,121.3948,39.5174
48.264,476.8721,75.7875,113.2706,271.9917,171.8765,158.8597,264.8286,43.9992,158.0205,243.2065,64.3319,145.0913,202.6321,313.3154,102.7461,329.0465,160.8017,37.3064,291.2449,75.1312,239.0013,166.1739,199.783,239.9549,269.4724,103.6626,249.2932,46.1525,37.6209,201.4948,89.8738,122.472,102.9708,185.9281,170.7989,85.9201,65.0252,271.2122,107.9498,101.6045,118.2125,43.1065,222.9602,189.0607,102.6061,164.4268,176.2601,120.5838,39.6569
48.1151,460.3795,75.4812,115.4929,276.874,173.1571,161.535,265.8465,43.8697,160.371,249.7598,64.2718,146.4121,200.6693,312.8164,103.0794,331.7129,155.6849,37.7477,290.279,75.7401,239.491,169.529,199.7906,243.4039,278.4134,102.7903,252.0986,46.4474,36.8794,204.6358,83.7027,121.681,103.0408,188.0597,170.625,86.1784,67.1475,264.171,109.5029,100.9716,117.2259,43.0351,227.5012,189.48,102.0821,165.2795,177.4136,120.9936,39.6201
49.0622,462.6836,75.5016,114.3513,274.7366,174.1348,163.2815,263.1973,44.8237,158.0318,247.8019,63.9082,146.0336,194.9681,310.5899,101.8794,332.2931,150.1401,37.3731,285.8428,75.1747,244.1031,166.8906,196.0447,244.9496,278.9126,100.9034,253.9939,45.8581,36.8947,204.2065,83.9056,119.7812,104.8768,178.7975,170.1345,86.8556,65.9345,263.3656,107.5591,101.4592,118.1768,43.0617,223.1481,186.8322,102.4597,164.1742,176.85,119.3986,40.8435
48.9652,459.9319,75.9022,115.1414,273.8082,174.1645,162.4244,264.7847,44.4222,158.0847,255.6564,63.908,143.3092,193.2703,311.0203,101.3475,323.4455,148.0701,36.8594,284.9565,75.0607,242.5328,167.7847,198.4295,244.7122,285.1556,99.9307,254.7782,45.9692,36.7941,203.7911,81.9077,122.2414,104.5018,178.4041,170.5352,84.7878,67.6948,264.7943,108.2492,101.6488,118.4775,44.0794,220.5316,185.1763,103.3582,163.2773,180.5322,118.8555,40.5778
48.9586,450.3868,76.5149,112.071,266.5756,171.0333,162.9791,263.3561,44.3948,157.1026,259.2781,63.7302,143.5641,196.7136,309.0939,99.2775,326.4007,149.3,36.4143,283.7773,74.0812,241.8351,166.3645,197.3867,244.1127,287.4885,101.2258,252.4614,44.7053,36.8314,202.2964,82.9227,122.5837,103.3242,178.1177,166.3456,84.8523,65.3737,261.1388,110.1756,99.0801,118.0583,44.6745,221.676,184.5365,102.2385,161.1562,178.4955,117.8982,40.013
48.9435,448.2753,75.9658,113.4395,272.6541,171.8426,164.83,263.3281,44.6279,159.979,260.4538,63.3009,143.5666,199.1333,311.4098,100.255,331.3638,149.784,37.0486,286.0669,74.3385,241.9618,171.0893,197.2867,247.3244,285.7234,102.6221,256.1673,44.4971,37.1028,201.9135,80.8402,123.2441,103.9932,179.1935,165.5755,86.1536,63.819,262.3695,110.4762,101.4066,120.8061,44.7965,217.3361,189.7419,102.5912,163.1049,180.3779,115.9188,40.4703
48.8674,443.3964,77.2354,115.87,277.7071,173.2038,166.4176,263.4588,45.1962,159.3899,262.575,64.1308,148.769,199.146,309.0942,101.0405,332.0121,150.5329,36.9939,290.5273,74.33,244.7061,170.2469,198.5077,248.4598,289.1559,102.3574,256.2879,45.1238,37.662,204.3336,83.3781,125.5684,105.7112,181.8042,166.3023,84.6335,61.7453,260.945,108.6827,102.9415,121.8147,45.393,212.4838,192.2521,99.9119,161.9618,183.9771,118.2106,41.2272
48.8349,446.7885,76.97,115.1765,274.4277,175.4749,167.6069,266.4341,46.153,156.9776,266.1165,64.7411,147.8485,199.1655,307.0057,102.463,327.2521,154.4218,37.0139,290.7729,75.1756,249.5577,173.1103,199.4097,246.0121,288.885,103.3104,259.8995,45.0189,38.0761,207.385,85.9289,126.2144,103.4981,183.2772,166.973,86.2129,62.7862,262.5331,107.6264,101.771,122.6077,46.7927,211.4829,190.5479,99.3459,163.0564,185.158,117.0436,40.5238
49.4639,453.0709,74.6556,118.2133,272.8584,176.0409,166.5915,265.7682,45.1019,154.9731,264.5171,64.7835,146.6923,198.5866,310.1154,100.4073,332.7563,154.7124,36.8059,290.9037,75.4865,245.8441,171.5899,204.3747,247.5741,290.8473,102.8685,261.1046,45.325,38.2266,203.4505,83.9171,126.955,104.3246,181.6119,166.8007,85.4973,62.2631,262.8347,108.1291,101.9347,123.3821,47.3893,210.2724,191.8324,100.4666,162.6486,188.897,118.05,40.0376
49.3333,457.862,75.3537,117.2968,275.1669,176.3906,167.5253,264.342,46.121,158.3565,265.5613,64.4372,148.6662,200.359,311.2756,100.6904,337.8631,153.1963,37.4504,292.4935,75.8684,248.955,174.0939,206.0986,250.8531,290.9995,102.9824,260.5725,45.5637,38.1589,198.3483,84.5888,129.9697,103.1182,180.8725,164.7339,86.2078,56.8619,259.3352,109.5476,100.4893,125.7879,47.8368,210.6912,196.2394,98.5973,162.4968,190.5155,119.2809,39.7951
49.1668,447.8822,75.0301,116.1648,274.7033,176.4043,163.8411,261.9314,45.2707,155.5346,258.3279,65.8651,147.1056,199.1091,307.4529,105.6484,334.9663,151.4953,37.7337,290.0098,78.4823,249.4135,172.5706,200.1568,240.0297,281.5994,102.1911,260.0733,44.3365,38.1213,194.4109,85.3002,126.9741,100.6659,179.799,164.5083,86.0665,57.3499,252.4548,105.6822,100.1059,123.5405,48.0589,210.0716,195.2187,97.8774,160.4264,184.571,116.7454,39.068
49.5469,455.9399,76.9089,117.3027,268.1415,175.6045,163.5413,263.1335,46.4762,157.3977,262.4973,65.8517,147.7819,200.7849,310.8376,105.0086,333.5085,154.114,38.1108,289.0218,78.7483,250.3099,172.3469,207.2878,238.1636,284.0173,104.4336,265.4644,44.7751,38.1363,196.6094,85.4032,124.8338,102.002,178.4304,166.8386,86.8913,56.5158,256.8299,106.2053,101.0666,124.2778,48.7249,210.0708,200.9406,98.8453,161.803,185.0568,118.477,39.2098
50.2715,465.7428,78.162,116.5086,276.373,175.0102,162.9159,262.8183,47.0596,156.8011,261.212,68.2671,151.1313,201.7634,312.9616,103.2113,342.4045,151.8227,38.3143,294.9475,80.6282,254.4409,174.5431,209.7692,240.0947,283.6786,104.4205,266.8048,45.5224,38.632,198.4706,83.7,124.7432,98.4334,179.8872,169.2768,87.8077,56.5122,259.4541,106.9235,102.4605,126.6975,50.5246,210.0295,202.6379,99.4774,167.3515,186.8894,120.1744,37.8511
49.7074,471.1979,81.05,118.157,276.9486,175.8103,166.3521,265.5177,47.3939,156.6169,258.0344,68.1122,151.2719,201.2797,316.3051,100.4942,340.5177,151.3283,38.7447,303.6421,80.1103,255.9129,176.0148,209.0966,241.1524,283.5279,104.5633,268.2506,45.2826,38.321,203.0439,85.4491,126.7807,99.0409,180.8584,171.4936,88.4335,56.0977,259.7722,107.7451,103.1863,127.1329,52.2729,209.8034,203.3001,99.0463,165.3607,190.9704,120.9579,37.914
49.0843,467.224,79.957,120.6282,277.4591,176.0984,170.8969,265.3367,48.5953,159.5402,257.504,67.6661,148.6479,205.5473,316.5921,99.93,344.1228,149.8499,39.1848,302.3619,79.0382,253.2778,176.6121,209.9946,240.7742,285.6602,104.4323,265.9391,45.4451,38.6837,208.7333,81.74,130.6041,100.0445,183.1529,174.8473,89.9282,56.1223,258.8321,107.8542,102.8079,127.9416,50.7028,209.5573,204.6614,99.6787,160.0486,196.6914,122.2773,38.0807
48.3521,456.2898,81.8447,121.2135,273.406,182.5995,175.2761,267.3243,48.6683,164.6207,262.4154,68.6241,148.5997,208.5046,316.9063,95.5498,346.9422,152.2281,39.2287,299.5779,78.1127,256.197,174.7135,211.8604,239.3622,290.4459,104.462,265.4249,45.7039,39.4979,212.9083,84.7265,131.6959,102.9359,183.4539,175.7036,89.2704,56.6575,254.2103,109.0066,102.7032,129.0711,51.3468,215.287,206.6599,100.7463,160.9916,194.4026,124.0576,38.4381
48.386,451.7534,80.7322,120.9545,275.5325,183.3642,170.7625,267.3399,48.1797,164.2687,262.6561,68.84,149.053,212.0894,314.2153,96.3929,344.6066,147.2843,39.0369,301.8045,78.3632,258.6898,175.3959,209.4736,237.2113,289.6039,104.9757,267.0062,45.5565,38.7708,209.3691,83.0777,130.3408,104.6511,184.7872,172.3029,91.26,56.7205,251.3824,108.7771,104.2212,129.2237,50.9637,216.135,210.1439,101.7327,163.1834,193.0561,124.5956,39.6165
48.8948,456.9175,81.2245,121.1857,277.0789,183.6605,172.9864,266.8898,48.4193,161.9384,268.4823,68.3537,148.886,214.5566,316.556,95.997,339.4154,148.6379,39.1152,300.158,77.8615,258.9134,172.0267,212.5333,237.5394,294.2348,105.3759,267.318,45.5267,39.5479,211.7524,83.2112,125.3182,104.1245,185.5544,174.8969,90.6716,56.6741,254.3333,107.7185,102.6516,130.8195,51.0579,214.6656,207.4357,102.3389,162.8776,193.367,122.6589,39.6221
49.3445,451.4458,82.3874,122.988,279.0206,186.4195,175.2577,256.221,45.4422,162.1335,264.1151,69.124,147.8304,213.0069,318.4286,97.6179,343.0299,146.7561,39.8459,303.9295,79.8707,262.4408,175.772,216.1562,238.0748,288.0506,105.0785,270.4232,46.2569,39.924,216.357,82.9035,127.0528,104.5869,185.2455,169.9548,91.8044,61.9024,256.5453,109.1431,104.9157,132.5992,50.7187,220.0754,208.3133,99.8112,164.7952,195.9288,122.6995,40.3639
49.5812,453.8271,81.8867,123.709,282.2933,186.8864,177.4253,259.9485,45.3323,163.2266,263.0108,69.5643,147.518,215.0256,321.3343,97.8682,335.9017,147.3835,40.1533,310.5307,79.2603,256.6835,178.7109,220.3748,237.9443,287.8423,105.8277,270.3646,47.0416,40.6802,216.8658,83.1237,125.6766,105.0186,186.387,166.9535,93.0032,60.0521,257.3973,110.2606,104.5629,132.4999,49.894,223.6166,211.596,102.5861,167.0711,198.211,124.0807,40.8295
49.9504,456.8605,82.0894,124.3184,286.0324,187.404,179.0834,261.9405,44.8383,160.7464,265.5314,70.6828,148.3534,213.5552,321.2071,96.9048,335.7629,151.321,40.74,314.5774,79.2574,254.7937,179.6978,220.2343,239.5265,294.6675,105.6571,268.9437,47.57,41.8131,218.341,83.1251,125.3477,106.0171,184.1432,168.2626,92.8579,59.8599,261.2851,110.4382,110.029,135.7223,50.2287,222.3837,214.5411,103.0295,168.6805,201.1449,124.5717,40.9983
49.8674,449.3415,82.3134,123.6148,286.1889,189.0996,180.2119,262.9763,45.4097,161.2595,284.0303,69.742,149.9178,214.4074,317.1759,96.5607,332.0362,150.6297,40.4524,315.4909,79.752,265.445,179.2989,218.8037,240.8033,313.3903,105.8209,273.278,47.2255,41.5525,219.3736,84.9717,120.0247,106.7428,187.1415,164.7747,93.5763,60.8414,254.7911,110.4967,107.9756,136.5851,51.1303,227.2146,209.8146,102.152,167.6419,198.5301,123.0871,40.716
49.1728,453.0533,84.0514,123.8377,287.0673,188.9245,179.2087,261.0763,45.606,161.5056,284.0056,70.2612,156.8139,212.709,317.5918,98.1505,328.2907,147.3192,39.9672,313.1186,79.8158,268.2408,183.5532,221.4506,244.8366,317.6153,105.5343,271.2495,46.7909,41.3893,217.7992,83.7225,119.4052,105.5648,186.003,160.7759,95.7813,59.543,258.2209,109.4204,106.6853,137.8194,52.3515,224.8601,207.6495,100.1846,170.8669,198.8741,121.5128,39.9528
49.2912,462.4403,83.3423,123.1575,297.8695,189.9525,178.9479,262.4933,45.6635,165.5198,287.4798,70.0195,158.31,211.3792,314.0201,99.0403,329.2857,145.251,39.9166,314.6404,80.6477,271.603,187.1127,225.032,244.7046,325.5063,106.3221,270.5986,46.4306,40.9971,214.2568,81.9994,119.9496,107.1029,187.6941,164.6064,97.9647,59.692,265.3061,110.4124,107.9522,139.4939,51.7296,228.4014,207.4647,99.947,171.6771,198.0953,121.11,40.1241
48.9993,468.8337,83.0896,123.9656,285.7369,189.7339,175.9174,260.176,45.399,160.4729,284.6174,69.2878,156.1747,210.7825,311.115,96.7647,328.3191,140.5389,39.7406,319.4255,78.7559,265.9256,184.6544,228.8851,245.1662,324.8579,106.7281,272.2279,45.5848,40.8141,207.7284,79.7386,118.6917,106.1337,189.902,163.1821,97.1493,58.1251,266.0466,110.6008,108.6446,138.5016,52.6349,226.361,208.5983,100.2997,168.6559,200.1713,118.9921,39.9425
48.9899,463.0291,83.56,122.5235,288.0604,187.1455,166.8256,256.4384,45.2862,158.7123,286.3551,69.3691,154.3601,210.057,313.6266,97.2393,325.3604,141.1326,40.2347,318.6892,78.6566,266.7617,183.4597,229.0452,243.6859,325.3941,106.9312,269.5716,45.5016,41.0953,195.9082,81.0553,114.2379,104.792,188.4914,166.0529,97.4202,58.135,263.7786,108.9425,106.3934,137.7404,52.8957,230.3078,207.1468,99.2829,165.5437,202.9294,118.3185,39.4972
48.446,468.5111,81.4747,120.7168,287.161,186.6784,165.3892,258.5726,44.6039,155.7887,296.6453,68.001,150.8429,209.6269,312.5115,97.2101,326.6788,138.2367,40.0802,318.396,78.9959,266.0228,181.5791,227.7754,242.206,333.1293,106.7917,267.2812,45.534,40.9656,195.0884,83.9232,110.6263,105.8853,187.2541,164.4583,96.9132,57.5192,266.4709,107.7842,107.4852,136.6626,52.9897,227.8286,206.7964,98.4633,165.5436,201.925,118.9727,40.2584
48.3104,467.2208,81.0576,122.3034,286.0893,186.8488,170.9305,261.6169,45.8459,157.3749,281.1806,67.8098,151.5702,209.441,312.1857,95.9077,326.7847,135.0515,40.1055,318.279,77.9421,262.5851,178.1544,227.6743,243.7112,322.1022,104.8202,266.4009,45.6317,41.6297,198.8834,82.597,110.004,104.8647,186.147,164.1846,96.1263,56.8637,266.1417,108.8632,110.5123,133.601,52.4917,232.0421,206.0116,97.2356,162.898,196.3734,121.5648,40.1734
48.6762,471.9986,82.7208,121.6693,285.362,186.993,168.1678,256.354,45.8062,159.7452,289.7491,67.5738,149.9312,209.822,315.0796,94.8263,326.033,135.9587,40.1029,313.0633,78.2632,260.9839,178.6947,231.5523,242.3938,335.0069,105.6698,271.411,44.453,41.227,194.667,83.2148,108.731,102.8507,185.8453,168.5383,95.2264,58.2385,267.9733,109.7395,110.1463,135.781,51.5712,233.4514,205.8306,97.2675,163.2159,199.9305,119.6376,39.8571
49.3641,474.7077,82.677,126.2593,296.7432,188.1938,165.1133,257.36,46.6938,159.3026,288.7755,68.1467,148.0573,206.0597,313.9308,95.8926,325.7419,138.5882,40.1634,313.3742,78.5622,261.8943,181.0256,234.77,242.4747,338.6968,104.6561,273.3473,45.093,40.9085,191.6302,81.0351,108.1448,101.9015,188.0415,170.3139,95.9091,56.861,272.8941,110.8233,107.2956,136.798,51.574,235.9046,208.7162,97.6551,163.1358,202.2968,121.2665,39.6662
49.1643,464.9626,82.9952,126.6566,288.2144,188.4983,165.443,258.5776,47.5096,160.2535,298.2876,68.6371,148.9173,206.6134,314.5058,97.7639,328.0952,136.4802,40.2862,320.6033,79.9134,266.069,181.5293,237.3084,246.0813,345.9333,104.8039,278.2891,45.465,41.0831,191.0558,79.8491,110.9573,98.9359,188.5387,170.0795,96.7795,58.223,266.8375,112.0086,108.9244,138.3846,52.4778,238.3752,213.7529,98.6512,164.0641,204.5134,123.2203,38.4359
49.6283,465.58,84.5684,128.7852,292.076,190.8498,166.6681,258.196,46.9815,162.8621,300.2233,67.9785,149.3296,208.7042,314.6157,97.9387,332.5733,136.5963,40.5397,320.2289,79.6202,264.7328,181.2101,237.6086,248.3244,351.0308,105.8986,279.023,45.617,40.885,193.9369,79.6773,111.2265,97.9477,190.4928,172.7954,96.0786,57.5533,269.3541,111.2896,111.4896,139.0609,53.4008,233.7625,219.4476,97.0592,165.5972,205.6978,124.1372,38.8048
49.5246,463.8235,83.5212,124.6507,278.4732,186.6215,162.8157,256.7049,45.7614,160.0841,305.766,67.3253,147.6561,208.1326,311.2326,98.5426,330.5902,136.7938,40.1805,320.1603,79.4885,260.9646,181.5831,238.1926,246.9206,358.7688,105.1335,280.049,44.8113,40.7687,188.7127,80.682,110.9304,94.9053,187.9228,175.2243,93.9645,56.7768,269.0572,108.8015,111.3617,138.4413,54.0621,223.0892,216.297,96.044,167.0078,205.958,118.858,37.7753
49.3696,459.6712,85.5835,125.7429,279.057,188.2007,162.1589,256.3166,45.9789,158.2997,307.5492,66.875,148.266,204.6122,312.6329,97.9994,326.2986,134.7976,40.6199,323.5831,80.1267,259.8561,182.2048,237.7001,243.239,361.7187,104.6521,282.2266,44.7745,40.3082,187.6479,79.4336,111.2287,94.1212,186.3391,176.0219,92.4629,57.0297,266.2597,109.0869,111.8397,138.2606,54.8994,222.4776,221.0843,93.3581,167.2826,209.6902,118.3179,37.8252
49.4297,461.2493,84.6418,126.5248,277.1791,188.0228,155.3373,257.047,45.636,158.1221,311.3815,66.5518,146.8873,206.2802,313.6207,98.2024,324.4467,136.3096,40.3973,326.8613,79.7028,259.4828,181.09,239.5264,242.3972,371.581,105.0294,280.9519,45.1001,39.5274,180.5845,81.1648,111.8175,95.3226,189.9841,176.8926,93.3544,58.1212,264.3842,107.3964,112.9756,136.8198,57.1155,226.8358,219.1384,90.0357,168.1245,210.9427,118.9784,38.4077
49.917,466.048,85.1687,128.1618,276.2746,188.509,154.0235,262.2978,45.3081,158.0385,307.7571,67.6259,146.5127,206.8358,311.2608,98.5317,324.8868,137.0211,40.3193,328.4468,78.9425,259.4144,179.8092,238.8966,240.6212,376.0278,105.8123,283.521,44.7906,40.2351,181.2888,82.7155,112.8527,99.0335,192.3222,175.6466,93.5274,57.8155,270.5115,107.3892,112.9882,139.3201,57.0046,223.3252,217.7968,93.005,169.9799,218.7068,118.8888,40.2361
49.3197,463.6432,84.2047,128.2012,275.2769,183.749,148.3893,259.2244,45.1051,156.4565,315.9143,67.7037,147.0142,205.7613,311.2574,97.0522,320.8712,137.1041,39.788,328.9728,78.1278,263.2717,178.4361,241.23,239.2135,382.3266,104.8482,282.6904,43.2579,40.5874,176.5059,84.4141,112.7388,98.7561,192.964,175.3016,92.0348,57.04,269.3392,107.202,111.5017,141.1022,57.6313,220.0575,219.5212,92.3475,167.1817,220.5617,114.8286,39.929
49.5993,473.1449,83.7774,130.2905,277.9651,180.5185,150.8266,262.3946,45.9276,157.4035,321.3432,69.8184,146.4041,210.5245,312.5459,97.1558,316.38,140.074,39.4208,330.4903,79.1547,260.5234,180.706,246.8542,242.6201,387.5058,106.3667,276.5029,43.3248,40.6444,177.4145,85.3223,113.9107,98.8307,199.0703,177.388,91.5628,58.0193,272.8835,108.1128,113.7442,143.965,58.2261,223.1653,219.786,91.808,166.7785,224.6521,116.2329,40.3035
49.7474,473.4556,86.5344,131.6362,270.1818,179.2568,152.0564,264.3778,46.219,157.3647,322.9186,68.1647,146.741,213.2682,311.1359,96.3072,320.4545,138.2794,40.3068,335.0168,79.8806,263.6507,187.4248,247.9821,242.1332,393.2102,106.2694,278.1659,43.1881,40.9234,177.5184,84.5441,119.1244,98.542,197.5574,173.7797,91.628,58.0958,272.3163,108.1801,112.2368,144.5453,58.9156,219.6102,219.5173,93.0769,168.7797,226.9889,116.8828,40.9432
50.255,472.2593,87.658,133.228,274.6556,178.1318,152.9692,269.3083,46.6196,158.0751,325.6054,68.6484,145.2682,215.0474,309.6185,97.0891,317.1228,140.3803,40.4098,335.3697,81.3415,261.7654,186.1719,246.5618,240.6176,395.68,107.0901,281.4634,43.2383,41.9705,178.7696,82.489,121.4176,96.0657,195.5691,169.2792,91.4379,57.4522,277.2341,109.1553,111.2957,146.3524,58.3721,218.0503,217.5305,93.0384,169.6842,225.1559,116.091,39.8424
50.1118,468.9804,88.1535,132.4437,285.7244,180.4795,152.2046,266.6785,46.1969,156.7578,327.3299,68.3308,146.136,216.1909,311.2478,100.7784,316.5644,143.1881,41.1383,335.3962,80.9728,264.0598,188.1284,247.7699,240.8588,397.7141,107.2809,280.2678,43.7094,42.4277,176.5598,82.1362,122.1841,96.9368,195.6068,169.4756,93.6512,55.7211,274.4812,108.8663,112.2957,149.2113,59.377,217.6995,217.9574,94.1136,171.5251,226.9686,118.3397,39.9888
50.8673,471.7624,88.7381,131.1256,284.7215,178.0296,151.3916,265.5297,45.1984,154.1632,334.2586,67.9849,145.0972,214.5582,311.6545,100.3879,310.4095,140.8591,40.7217,331.6709,80.5367,252.9992,186.3224,247.7293,242.5717,400.0668,106.9591,276.221,42.9641,42.5946,174.4944,81.1321,119.5893,96.5281,195.8105,169.4435,93.9171,55.7943,273.6121,107.4994,111.7109,144.9121,59.9816,214.2776,212.1961,93.9107,171.2433,226.144,115.4558,39.842
50.3592,473.5128,88.4839,133.0855,280.819,177.9717,150.6926,267.1634,45.2222,157.8211,328.8395,68.5459,145.4905,215.1819,311.5538,98.3225,306.92,140.7775,40.6543,333.8092,80.3121,251.7926,186.8605,249.0255,240.4963,391.437,107.5358,274.6286,43.471,41.2745,174.9305,81.9032,117.1085,95.4693,197.0987,169.4639,92.133,56.2378,272.1881,108.0709,113.3165,145.1514,60.218,208.5293,215.5983,93.2821,166.9381,223.4548,116.462,39.2071
50.4383,473.9884,89.6395,131.4046,282.5671,177.8335,147.1025,270.7746,45.6839,158.652,324.9094,67.3055,144.9053,218.1311,310.812,98.1782,310.8009,144.2808,41.4521,333.9858,79.9222,251.4934,188.4451,247.4114,241.8745,389.8187,109.3172,276.4646,43.959,41.925,171.7138,82.5215,116.1065,95.3752,200.7211,169.6799,91.0263,56.5581,270.8078,109.0562,110.7788,148.6182,62.2278,215.0837,215.5364,91.9631,166.0719,222.5388,117.584,38.3952
48.5589,488.5474,90.4614,130.3395,283.6496,179.3301,147.7929,274.0476,46.0607,158.2748,321.2796,67.426,146.1575,220.6528,306.3429,99.0783,307.8729,144.3549,41.751,335.1824,79.0933,252.2849,189.0665,244.7401,246.1499,383.8668,110.1287,278.8877,43.8792,41.5706,172.7068,82.5927,121.5404,99.6837,199.6728,173.0115,91.7532,56.0078,282.1688,107.6556,112.4523,147.954,62.0111,212.9242,219.728,92.1884,165.7901,218.1447,116.9288,39.808
49.1985,492.4327,92.0139,130.7,282.9453,179.724,146.5163,271.3843,46.749,157.2032,333.0853,67.9526,147.2265,221.0712,307.2769,98.4448,312.9038,146.4363,42.0109,339.5834,79.6568,254.0493,189.1799,249.5599,258.2167,399.4406,110.3628,278.8455,43.095,41.7257,173.162,83.2046,121.9924,100.3552,201.1795,174.9035,91.8719,56.3739,284.3212,107.0267,112.5735,150.9731,62.6707,216.4331,215.6072,93.0537,168.6623,223.3629,114.4931,40.2561
49.3485,504.2431,92.6572,129.7745,292.3801,181.898,148.8483,274.5821,46.1292,159.229,338.8436,67.4584,147.9107,222.7935,308.7119,97.732,315.2694,146.1843,42.3812,347.4229,79.7749,256.1486,191.2532,252.0183,262.2628,408.17,111.2961,281.8256,44.0248,41.1773,174.9175,83.7267,120.2421,100.3133,206.207,176.0097,89.5951,56.1815,286.8672,108.0109,111.8074,154.3348,64.631,217.3295,212.2016,93.5716,169.4912,224.0881,118.2469,40.4065
49.5305,496.5722,92.1995,129.8104,286.9845,182.9239,148.672,255.331,45.7482,155.5009,343.1303,67.2097,147.0908,219.3726,305.2643,98.5799,313.1175,144.2824,42.6303,344.7698,79.717,257.8304,193.8062,248.7915,263.6373,413.2224,110.6648,277.4821,43.7001,41.2329,174.6582,85.5017,117.1815,98.8519,203.8542,176.031,90.0875,55.9932,283.944,107.0326,110.4854,151.6396,63.7137,216.0789,210.4877,92.4442,169.5703,224.6189,117.7619,39.4992
49.0403,495.8947,92.6765,129.0169,286.5346,182.4842,150.1879,257.5941,46.4293,153.1929,344.4286,66.2533,144.0596,220.6956,303.7937,98.577,306.9717,147.1065,43.0021,353.3018,79.8381,259.562,194.1055,249.2706,263.0145,416.8654,112.4569,280.3436,43.2765,41.0333,176.5637,86.851,116.1511,99.88,203.0296,176.5703,91.4802,55.4348,278.7968,105.979,109.401,152.4631,62.9534,209.4034,208.7338,92.0266,169.4154,222.9798,115.8281,40.1485
49.0072,491.3904,93.2909,130.6046,290.9886,181.6117,152.1189,257.3491,46.6243,153.3353,337.2207,66.4145,143.2752,219.9293,302.9596,98.3372,304.0482,148.7281,42.85,350.2409,80.2279,261.9233,193.5087,245.8456,266.8334,411.4438,112.7957,273.4038,43.471,42.8734,178.4796,87.1153,113.9218,100.4914,201.7651,177.555,91.8121,55.5971,275.0812,106.0543,108.9875,152.7729,63.7863,212.9899,207.0696,90.849,169.6352,227.01,116.8957,40.4193
49.6633,492.1883,90.8877,129.7262,287.0,181.9624,150.8907,258.1718,47.352,151.3881,337.7752,67.236,145.4736,222.2117,300.0309,98.4591,302.8915,150.8239,42.5873,347.5468,79.2346,261.6215,193.0251,247.5847,268.014,411.0149,111.8081,274.4181,43.3509,42.3503,181.419,84.5894,113.5686,100.7955,199.2121,178.4842,92.1817,56.7042,275.415,104.3537,111.2827,154.8673,61.5996,207.5753,205.3343,90.1642,168.7203,229.2323,116.8272,40.5841
50.2028,493.6236,91.2201,127.512,294.3574,182.1417,148.4328,258.245,47.0898,150.8898,344.3533,66.4932,144.8594,219.9519,296.9709,98.5703,299.4213,149.2952,41.8824,344.667,78.515,261.961,192.9932,247.7435,262.7951,418.4014,111.8052,275.1604,43.0296,42.7285,179.0643,84.393,112.1715,101.4479,199.8738,178.2916,92.7314,57.8261,274.4843,103.5023,112.9176,156.3197,61.936,205.3279,195.8283,91.1933,170.9212,226.2847,116.687,41.1653
50.6907,486.4101,89.693,125.7507,281.5442,179.513,146.1068,250.799,46.3232,147.4608,339.4302,65.2089,141.6079,218.2154,294.2925,96.5541,293.2796,147.9911,41.5754,344.9361,77.8503,260.8756,190.7912,244.98,258.5304,414.6861,110.3943,273.9279,43.3563,42.8872,176.7818,81.2645,112.1488,103.9604,197.6002,176.1711,91.484,57.1215,270.1588,102.1863,112.9359,152.3992,61.7692,205.5087,191.5635,91.748,167.4907,222.5383,119.6659,42.5596
49.6914,475.0181,90.7081,126.8688,284.448,181.1481,145.2045,252.7292,46.8337,147.7998,332.6389,65.1877,141.1948,216.1409,293.4914,97.0462,289.4271,145.9274,41.665,344.4708,79.0721,263.7908,190.9747,237.8111,260.5646,409.3391,109.3213,273.952,43.7875,43.3479,175.6571,78.9839,110.9452,104.1119,198.3877,174.5755,91.8373,57.5002,262.4483,101.6626,110.6911,151.4239,62.0139,206.5344,193.6335,91.7397,169.5737,217.5217,121.7943,42.8827
50.1129,472.9899,89.7636,126.9266,282.8595,183.0049,150.7415,247.4491,47.6396,148.5704,335.4045,65.1076,140.9657,217.3632,294.7082,96.0396,288.347,143.912,41.8938,328.3074,78.3508,264.6089,187.3864,236.8215,259.1154,410.3874,109.0633,271.9718,43.4189,44.6021,181.7058,75.9344,113.98,106.4376,198.8753,177.8586,90.8133,57.5484,262.6991,98.948,110.6657,151.8131,62.4886,209.123,187.8916,91.6963,166.782,222.0086,122.3063,43.4371
49.6284,472.7234,88.5638,125.3472,289.1438,181.6905,151.6675,251.1865,48.9151,147.8157,344.3963,64.5747,139.2076,217.3827,294.3614,94.4664,288.2583,146.0989,41.8507,328.7122,78.2537,265.6252,188.3385,235.7132,263.9609,413.3792,110.9172,277.8639,42.9782,44.1906,185.5791,75.2403,114.1613,105.5006,197.2946,178.1682,90.2088,57.7295,262.5518,98.4073,112.5792,151.1143,62.9626,202.7475,186.6816,92.4967,165.1581,218.6735,121.8848,43.2532
49.309,477.0572,89.8465,125.2832,284.3192,186.2366,155.0215,253.9411,50.2796,147.9341,348.8737,65.0693,141.6171,220.2749,299.9393,94.023,293.7533,144.6982,42.1602,333.0402,77.8161,267.9436,189.9127,237.6239,269.8797,418.8576,114.442,279.8747,43.54,44.7627,188.4373,75.6206,116.7227,105.3878,198.7628,178.9764,91.4849,57.2389,264.5236,98.0869,111.5194,156.2909,64.8773,206.9523,188.1161,94.6002,169.3808,222.7304,123.338,43.388
49.3624,475.8773,89.889,123.9652,282.2249,186.1221,154.3624,253.8458,49.4429,147.129,341.5271,64.4685,138.3679,228.277,295.5659,95.6064,295.8415,147.1164,42.015,335.3323,77.9924,266.1341,189.3915,232.1601,272.4617,409.5221,115.9194,282.8351,43.362,44.4567,187.35,76.5004,117.9382,105.6673,198.0527,177.5984,91.5217,56.345,267.6674,97.5418,113.3981,154.4639,65.2521,204.8484,190.2622,92.8606,167.8304,222.4012,121.4891,42.7776
49.7091,461.4701,90.9213,124.1424,283.5934,187.9747,154.1207,253.7683,49.2184,145.3295,342.6985,64.5113,139.0234,226.6428,293.2463,96.0888,292.2254,147.8127,41.9478,335.756,78.5894,266.3147,192.6133,234.8023,276.1291,404.574,115.0667,284.5646,43.2881,45.3982,187.1909,76.9122,117.9467,107.1357,197.7526,180.3827,89.5503,57.2924,259.214,96.3628,114.5606,156.0289,65.5581,204.348,189.2393,94.3992,168.1758,223.8281,119.8504,44.0415
49.7343,450.3706,90.4255,126.0442,283.3993,186.4365,147.9289,255.2041,49.1532,145.2864,347.2146,64.7146,136.0258,227.04,292.5493,95.6144,289.3333,147.4948,41.9639,336.3577,78.5586,262.1001,192.8392,236.1017,272.5352,402.1207,115.667,282.7899,43.0599,44.3717,178.722,76.4665,115.2202,106.6793,195.6633,177.9644,90.1362,57.1416,252.2711,96.3476,115.0484,155.8253,63.6977,204.8931,190.8632,95.0887,167.052,217.7696,119.8701,43.6985
48.7119,455.8585,86.252,125.9584,282.7416,183.5646,148.4871,251.5906,48.586,144.3001,344.4938,63.5431,133.9681,219.3462,297.3996,94.1182,281.0249,140.2248,42.0226,331.1186,75.9641,257.193,188.8133,231.7198,266.69,398.762,112.8247,278.3598,43.5917,44.1839,180.7922,72.5191,115.3138,104.2216,192.3692,177.9331,89.3388,56.2711,251.3063,96.4972,110.9666,152.9487,61.722,205.0504,190.7578,93.4782,163.3733,214.6584,120.0602,43.6775
48.7244,464.4087,89.1086,125.6526,285.7263,183.6278,149.6549,249.1219,47.6635,144.0459,326.0051,62.5972,131.8366,217.3128,298.3087,94.0073,280.3438,140.1347,41.8583,332.1793,75.125,245.5561,187.1293,228.2969,268.7923,376.1877,113.3846,277.9123,43.3319,43.727,183.2577,72.1529,110.9542,97.8998,191.8651,179.3215,89.8477,56.3915,258.6594,95.5673,112.5791,151.9114,60.9461,202.8321,188.7342,93.9256,161.9366,208.1588,118.1365,40.9594
49.0953,460.461,90.1158,127.7182,289.418,187.7568,154.7879,255.2444,47.5999,145.6105,325.2936,63.7129,133.0013,218.3116,297.6379,94.5844,283.8552,142.8542,42.3456,329.1629,76.1433,247.2984,192.2322,242.7012,272.4507,368.108,116.4467,282.6587,44.4848,45.1109,189.1029,74.0103,114.5997,99.7911,195.0308,179.5209,90.5974,56.7654,263.1302,97.3429,112.1261,154.2851,60.8711,206.3543,186.2754,94.174,162.736,213.3371,120.4356,41.4642
48.3505,454.5021,89.6218,125.5521,292.0451,188.3077,151.412,251.8658,47.924,143.8911,321.953,62.9006,130.9439,218.254,298.9484,96.0451,280.0991,143.6861,42.2309,329.8929,76.0141,245.5481,191.9028,242.4483,268.0984,365.8727,115.9116,286.8493,44.2995,45.2367,184.7702,72.6949,113.5873,99.0475,195.5837,177.5563,90.2311,57.3345,257.1462,96.4911,113.7018,152.9003,60.6325,207.0421,184.3687,94.4607,165.4558,216.0964,120.0389,41.4076
48.5749,448.4008,92.4505,124.6409,291.1318,190.5469,150.6725,254.4449,47.6185,142.8696,326.1746,64.3427,130.8338,217.1556,300.6437,97.4322,283.604,145.2681,42.0238,334.0934,76.2978,249.9392,191.3664,250.5071,270.0619,370.7198,116.9423,286.5468,43.9541,46.2209,185.0846,72.8163,115.0608,97.7094,194.0219,182.3368,91.5452,56.1279,254.0866,95.8901,115.7779,158.5861,59.5932,203.3794,185.4785,95.2208,166.7995,217.2077,117.9487,40.5472
47.9696,459.8323,89.1049,121.2481,280.1413,187.1029,150.6643,247.1262,45.7,138.4255,323.5349,62.9744,128.4069,219.7971,293.8911,97.2889,279.1838,142.6279,39.863,326.8052,75.0359,249.6012,186.8863,249.6547,261.5208,370.5374,114.85,281.8339,42.2588,45.379,182.8654,72.1005,114.2212,96.423,183.4862,185.046,92.1203,54.5681,259.2191,93.2473,114.5933,155.3882,58.9723,195.391,178.894,95.0095,164.7076,214.8942,113.8551,39.2805
48.7236,457.2003,89.5749,121.0799,281.3823,189.1127,152.0081,248.3151,44.432,137.4229,324.6596,62.9877,128.6066,222.0242,292.1875,98.026,274.999,141.4938,40.1451,329.1486,75.4701,253.131,188.7255,256.2653,260.3984,368.4795,115.7367,282.6524,41.9909,45.2167,180.9073,69.5093,116.5471,98.5074,183.1227,186.7347,90.8091,54.4961,257.9829,93.641,113.3119,154.9591,59.247,197.8481,179.1224,94.9409,166.8288,213.5046,113.1379,40.2375
48.5952,465.3545,91.0395,121.7724,283.6026,192.1133,153.3519,251.9282,44.6184,137.4929,327.0986,64.0878,127.9062,222.627,295.772,102.342,286.2438,142.6365,40.4316,341.3412,76.0102,251.8447,191.1637,256.8278,263.859,375.5154,115.8357,286.5016,42.4355,45.6125,182.8592,70.8879,117.8926,97.6507,184.3352,187.3197,91.1632,56.7902,262.3267,92.9174,114.7302,154.7306,58.5234,199.8575,181.7674,94.6129,167.2865,216.6576,113.9645,39.034
49.9792,465.3508,90.9086,122.3996,283.3897,191.8922,155.6775,251.6939,44.313,137.0916,332.506,64.6135,129.2871,221.9095,296.8414,104.1921,288.5357,144.3452,40.494,347.4223,76.6656,253.0621,191.7542,255.8599,269.3943,382.8372,115.773,286.081,42.1353,44.2923,185.7251,69.4798,118.6417,97.381,187.8024,187.1375,92.4226,55.8967,265.5519,92.3455,114.1421,157.5039,56.8998,203.2236,184.5498,92.8404,165.342,216.5492,114.4097,39.1739
50.2186,485.8184,90.695,122.6755,286.1638,194.8978,159.6347,257.07,44.4061,136.3326,336.9473,64.4535,127.7977,221.2549,298.638,103.4392,292.2027,146.0567,40.6401,349.2197,77.8827,254.1569,195.2265,252.9782,274.0606,390.8211,116.2762,289.7035,42.7754,44.2045,189.4427,70.4216,118.5541,99.1166,187.8969,187.6699,92.322,56.0059,278.2593,91.3164,115.3737,159.5846,57.5428,206.779,188.1906,93.3368,164.9189,221.2858,113.4224,39.6782
50.825,488.1465,88.6976,119.6264,288.6239,192.3842,159.0055,249.5451,44.0019,137.243,334.7454,64.3037,125.1496,216.6669,297.013,100.3511,292.4046,138.8504,40.723,347.0184,77.0372,249.9006,193.7201,253.1083,274.0738,384.9472,114.6436,289.9244,42.6084,43.6067,190.2401,69.4318,115.1903,96.6964,185.6552,185.6391,91.3596,55.5893,280.1128,92.1067,115.3847,155.9216,57.0962,207.2831,188.2236,94.1822,164.0704,237.1796,112.3505,39.3895
50.0922,495.0633,90.4711,121.5507,298.2678,194.3611,156.4416,254.2358,43.9416,140.134,341.0096,63.4151,127.4651,222.5846,300.7965,102.6495,296.3305,140.016,40.6544,349.6264,78.3778,257.5391,196.0888,256.7192,268.3468,395.9774,115.5908,290.2877,43.861,44.4308,188.2173,68.0469,117.2516,98.8072,187.5678,186.5344,92.3462,55.1916,285.1556,93.3221,110.9644,157.0819,58.023,206.4034,187.6537,94.5542,168.3302,237.0096,114.8227,39.7141
50.325,492.1394,91.2401,125.0554,288.8082,195.7001,155.9183,257.7287,44.9144,140.7461,348.1925,64.3454,129.2157,225.7369,300.9555,103.623,295.8266,143.01,41.6194,355.6263,79.2194,258.6533,199.6936,260.1542,267.6625,396.1927,117.0568,294.5212,44.1667,44.5954,187.2795,68.2209,119.2985,99.7359,189.1945,187.7083,93.7376,53.3553,283.0888,94.2762,111.6468,158.8493,58.0137,203.0962,187.5449,94.5011,171.6093,236.8686,116.3789,39.9323
50.9418,491.5045,92.2673,123.8369,297.9033,199.1169,158.4817,262.2155,44.6656,141.8723,347.2399,65.0844,130.3601,223.7047,304.9462,104.602,299.7289,143.1978,42.9833,357.0947,79.3762,264.277,203.67,267.494,268.7056,395.0952,116.9582,300.7351,43.83,45.0366,191.7074,69.8768,121.3941,101.4801,188.7531,188.9196,94.3526,52.8868,281.8292,96.278,113.9506,162.6099,57.7924,211.355,187.7739,95.0377,173.0142,240.8501,114.3458,40.1215
51.1688,506.1067,93.6419,124.3079,301.6222,204.4751,157.1617,262.2023,46.1212,142.5342,348.0892,66.7589,131.3091,226.7918,310.1885,105.2419,302.3053,140.1304,43.4658,361.8417,79.6272,266.7631,202.8238,272.6477,273.0223,407.6598,117.2168,304.2547,44.7204,44.2291,190.3613,68.7314,120.3317,100.0464,191.0327,191.4105,93.0888,53.2528,286.967,96.0443,115.0408,169.723,58.4216,211.6383,192.9015,97.1132,176.2175,251.2477,116.5936,39.5595
50.9225,497.8579,94.3356,127.4667,297.1084,203.9868,156.3733,261.2629,46.7751,143.2074,352.1455,66.8801,130.3419,229.4182,311.4892,105.5882,297.5241,139.2949,43.7235,362.856,80.9318,268.8722,204.6661,277.1603,271.2341,412.2112,116.5114,301.7433,45.3476,44.9388,190.0785,66.8912,120.5161,101.2732,192.2145,192.77,95.1198,52.5735,283.4152,96.1145,114.3143,170.6572,57.5916,213.9824,195.3654,97.4806,175.9127,251.5415,118.0009,39.3415
51.3933,499.7193,92.1739,126.949,288.9693,201.4415,152.3386,259.3171,46.5588,138.01,347.9246,65.9104,128.1283,224.4461,306.2023,103.0273,289.1455,137.3419,42.8495,351.2293,78.8838,263.4551,198.7089,274.1255,268.6227,405.5622,114.831,296.7686,45.0572,43.8474,184.1773,65.2433,116.9955,97.1993,192.2545,191.7292,94.7186,53.5719,284.8839,97.7496,116.4028,167.9907,56.9851,211.8818,190.2014,95.7131,171.8391,244.0998,118.2874,38.1174
50.9144,495.3704,92.0664,130.5839,291.9275,203.8656,144.9717,261.5647,46.4316,140.8575,347.413,66.5581,128.592,225.2681,305.2747,103.1478,291.4143,135.5304,42.872,353.5849,79.0013,267.2259,199.5059,274.7533,269.0202,401.6986,115.0827,297.219,45.4859,43.5976,174.8746,65.4946,115.3003,98.5427,193.1655,190.5359,96.3081,53.4288,285.6198,97.9271,116.8128,168.643,56.0444,215.3385,191.5344,96.961,173.8805,241.9292,119.1097,38.9769
50.8997,502.8122,91.3732,130.2578,292.6583,202.6686,153.6894,255.8883,46.5143,142.2476,345.267,65.8609,126.8662,222.9422,303.4547,103.1126,292.5881,132.4534,42.7091,353.971,78.0106,267.1222,198.7818,271.2768,264.1075,400.306,113.9417,295.5843,46.1518,43.0488,186.0664,68.0417,111.354,98.104,192.9919,188.0015,98.3681,54.1108,290.2314,97.3674,118.6206,168.5074,56.5812,211.7197,196.6103,96.2501,173.3007,241.3064,121.0778,38.6309
50.4343,494.9096,89.8295,127.4113,292.7166,199.546,150.922,250.5195,46.5763,140.4923,339.3295,65.8632,124.1497,214.7076,301.0125,106.0029,283.2412,130.9926,42.3189,348.598,77.2954,264.5398,196.5963,265.1949,259.3988,398.0537,111.8715,290.11,45.5542,43.0334,184.2925,67.7293,113.4372,95.4764,189.9122,187.2315,97.0722,54.3943,288.2658,93.7993,118.9886,161.211,54.9998,212.2477,189.4318,96.9183,173.3016,235.732,119.22,37.2304
49.6246,498.2693,88.6182,126.3313,288.3956,200.9357,146.3164,247.5791,45.9532,140.2238,335.5591,65.1927,121.4319,212.0155,297.6898,103.8121,282.8562,130.1817,42.0571,348.4634,75.8366,262.7211,192.7827,263.6412,255.3512,396.6896,110.6974,289.311,45.5097,42.6962,177.9108,67.7749,112.1999,96.7739,189.2145,186.6517,98.8185,56.4191,292.6015,93.0384,120.0848,161.3026,53.4509,208.5297,189.4392,95.3212,170.7499,232.0233,119.5213,36.9382
50.162,490.3829,90.4837,124.1465,288.0607,201.6333,142.3133,251.5351,46.8438,140.9869,332.9242,66.2084,124.4065,216.0754,297.5523,105.315,286.7985,130.2503,41.9183,344.822,76.2165,265.5166,194.7929,264.5612,259.6487,392.7541,111.1468,288.9327,45.3682,43.3132,172.2641,68.2177,110.1803,97.1508,188.5394,184.1459,99.0522,55.9038,292.0186,92.854,119.6828,160.8407,53.0108,210.2326,190.9316,95.4783,169.8195,223.1339,119.185,37.0354
50.3717,473.6151,90.7833,122.5486,290.8397,200.7538,140.5051,250.0757,47.1857,139.726,331.4555,65.6057,121.6675,214.5097,299.8434,105.012,280.8365,127.6912,41.8414,344.3914,75.6385,263.836,192.2728,261.6633,263.7361,385.806,110.0771,283.9866,44.7898,42.7815,169.9016,68.9721,111.1272,95.628,189.7008,179.4878,99.5068,57.598,287.3007,92.908,119.4423,162.3503,52.3345,204.3646,187.0018,96.5568,169.6614,225.2927,117.5494,36.8738
49.9981,493.0696,92.5095,123.6814,297.5563,202.2046,141.5134,254.3054,46.9767,140.5421,335.1087,65.156,124.8095,216.6557,303.2975,103.8029,286.4432,126.4137,41.7708,345.0141,76.6825,267.0404,195.8132,266.6996,264.7295,384.4527,111.8833,286.8246,45.1387,43.4681,171.9236,69.4092,115.2129,95.6466,192.4031,184.4436,97.8506,57.0922,294.8874,93.511,121.7136,166.7867,52.1697,185.7597,194.0582,98.758,172.1252,228.1315,120.1064,37.1269
48.7692,481.0007,93.0684,120.3961,289.9095,199.3977,141.687,253.9975,46.5683,140.0482,333.3096,65.3134,123.7974,217.0298,301.6849,102.5459,285.5299,127.3052,41.811,338.284,76.2656,267.725,196.8315,258.3821,259.0228,374.694,112.5655,288.4393,44.8461,42.6852,171.5776,68.2417,113.0946,95.1531,191.6528,179.5168,98.9427,57.5947,290.7427,91.8508,120.9516,165.1801,51.4151,187.6024,191.2824,99.6301,169.4797,226.4986,118.2283,37.5843
48.7414,496.6711,92.4144,123.7137,291.3128,199.776,147.3709,258.4443,46.6064,143.9938,338.0515,65.2743,123.2788,221.4151,304.586,100.1992,290.3926,126.4748,42.2817,335.5332,76.2967,270.7752,197.6087,255.4102,265.8627,375.5248,113.868,291.0418,46.3215,42.9768,176.8109,67.9941,115.0879,96.9639,194.7739,181.2895,98.7846,58.1117,296.3116,91.9667,120.5372,169.4275,51.2919,195.1157,191.4852,100.1118,169.5419,234.3535,120.6461,38.0696
49.0841,496.7243,94.6549,126.3105,298.747,202.8731,148.4196,259.8835,47.5843,145.2891,340.9388,67.4166,124.2415,223.3219,304.1986,100.7178,293.3392,128.7892,43.0445,333.5249,77.7352,271.2559,200.0546,258.8346,269.0164,374.378,116.8128,295.6326,47.1585,43.4852,177.1258,68.7039,118.509,96.3946,195.3542,181.859,100.6826,58.7184,297.3079,92.2275,120.8998,172.5066,51.7685,191.1949,194.0661,100.3522,171.5739,231.0247,122.5354,38.2846
49.0452,511.2933,92.8023,126.1923,295.1196,201.946,147.5034,260.1916,47.2246,144.7794,339.4658,67.0913,123.2232,220.9952,304.1832,100.4309,291.4413,130.7556,42.7874,337.1522,77.5297,272.8649,198.2155,256.8584,266.869,375.6381,116.5492,296.4943,46.6862,43.5991,176.1901,69.2036,118.1556,93.0036,195.6107,182.9125,104.7769,59.2837,302.5009,89.9252,121.0072,170.2828,49.8148,190.3543,193.3676,99.7107,168.7632,232.8492,121.9485,36.6075
48.3283,499.1576,89.332,121.9897,293.1085,196.8341,142.1475,248.5351,46.5045,139.7377,325.4024,65.2923,118.1279,216.3408,292.367,97.4759,271.3533,133.6373,41.2598,327.2741,76.1223,263.1082,192.9248,244.842,255.0449,367.1219,115.1328,284.3524,44.639,41.8923,170.5706,66.8831,118.7946,90.304,187.2536,181.4135,103.8201,55.8579,294.5775,85.9153,118.3363,161.3147,48.9368,181.0831,182.1119,96.5543,162.2749,219.7401,116.5615,35.7159
47.6221,513.8126,88.7157,120.0523,288.5941,196.5372,143.8327,246.6218,45.6977,138.6141,319.0222,63.7591,118.3817,216.0852,290.5372,98.2004,273.3146,132.0981,41.0104,327.2948,76.9496,265.7324,193.4209,246.1318,251.8943,359.0814,114.5903,285.0387,44.2326,41.702,172.1039,66.6134,115.6178,88.749,185.6274,181.6524,104.236,56.1048,307.0761,85.1753,116.6894,158.5664,46.9753,178.2281,183.4522,92.752,163.0379,215.8712,114.6618,35.3045
45.9799,512.2292,87.3753,120.7282,278.7975,193.0348,140.3001,244.4302,44.7394,137.7305,322.4843,61.2191,117.5869,212.9701,286.7031,95.9744,269.3457,130.8038,40.3572,323.9652,75.0215,264.0555,186.6507,243.1029,249.3096,359.7629,113.627,280.8768,43.6322,40.7387,168.6677,66.7279,112.9687,85.6364,183.8404,176.0866,103.1178,55.0569,301.4894,84.3671,114.2779,155.0961,49.0267,177.1686,179.4929,90.2405,158.6046,212.1723,112.101,34.0223
46.0408,520.5301,86.7964,122.0388,275.4905,192.2516,138.9543,240.8644,44.1621,137.7986,323.7178,61.1368,119.3909,210.3468,284.6349,96.6358,268.8284,129.696,40.5136,324.8031,74.4507,263.962,188.8915,242.225,249.6151,357.4638,113.0691,280.2555,44.6702,41.1588,169.1173,66.6789,110.2423,87.487,183.5973,174.4881,103.5373,55.3122,301.5768,85.309,113.2472,157.1597,48.97,178.7112,178.5256,90.4017,160.3093,209.3472,112.8226,34.6907
46.2792,513.5319,84.9964,119.2994,264.5411,191.3746,133.2758,236.955,43.3818,138.0488,321.0188,60.33,115.7166,204.6148,281.1946,95.3516,268.3682,123.5649,39.8304,320.8198,72.9796,259.5847,182.7532,238.2038,244.8757,354.3327,110.3826,276.4024,43.848,40.4782,165.4044,65.6288,110.0194,86.2847,180.5494,174.9659,100.9327,55.6037,295.4133,82.2658,111.4298,154.1735,48.397,177.602,176.2151,89.2383,156.4701,207.1939,109.7551,34.4961
45.0295,500.3915,83.9915,115.1137,262.9916,184.2487,129.047,234.1112,42.6985,137.2572,314.6275,58.2551,115.1066,203.1803,275.0548,94.4318,254.7043,124.3118,38.9068,314.0175,72.4495,255.7487,179.0911,228.5124,244.8537,348.8528,109.612,271.0613,43.3149,39.6648,159.4895,65.5262,109.271,83.8217,175.1889,173.6639,96.4744,55.7103,287.6766,77.8167,107.8185,146.2701,46.8726,177.9223,169.4613,87.9181,151.7033,200.6261,108.6514,33.8276
45.7155,496.9498,81.1358,112.516,259.6725,179.6049,127.7937,230.3278,42.6786,134.4163,308.0004,57.595,112.3074,199.2606,269.5827,92.5684,251.5546,124.6253,38.467,313.0823,70.4815,259.3407,173.342,219.3338,244.7505,340.4092,107.1027,266.1836,42.1153,39.7525,159.5744,63.7816,106.6024,81.4703,171.2219,173.8596,96.4605,55.0197,286.7783,75.4966,107.526,144.1775,45.8371,175.0724,165.5397,86.8598,151.8289,194.1012,106.1563,33.0874
45.7064,506.5142,82.9803,113.7975,266.6913,180.3358,128.4637,235.4345,41.2572,134.534,308.2555,59.1767,112.6473,199.0567,270.5503,91.6426,252.5797,124.4905,38.6025,317.7074,71.083,261.5085,172.2268,216.814,249.1061,335.4297,106.7746,266.4559,42.1274,39.944,161.4145,65.5669,108.1819,81.7345,174.441,175.4459,98.8958,51.1977,289.7562,75.5058,106.9003,143.7732,44.8656,176.5714,166.1559,85.9848,151.1278,198.5588,107.3584,33.213
46.1052,506.7611,83.0709,113.7224,275.7569,182.0976,127.7035,237.7465,40.3112,137.5479,307.3779,59.5478,116.0262,201.3652,273.2957,91.4124,250.9526,125.6671,38.6066,320.1236,70.8682,261.0374,172.2448,219.1498,248.0844,338.2579,107.5914,265.3106,42.5157,40.1774,160.5227,65.3311,107.0224,81.6573,175.4426,177.286,98.1857,53.7097,294.1704,76.9203,108.4607,143.8138,44.4441,176.2335,165.269,85.3558,149.4555,198.1609,109.2911,33.3457
46.4759,510.9968,84.415,115.4014,274.0586,184.8567,129.5896,243.523,39.9024,136.6267,308.592,59.7633,114.903,204.7166,279.7178,93.3533,253.4172,123.8917,38.8604,327.8837,71.444,266.1985,172.9415,222.3494,253.5717,337.5969,109.28,266.5133,42.483,40.8409,161.892,62.7385,108.4134,81.2008,175.6827,181.5576,98.2486,53.5114,293.1183,77.323,107.9469,149.5046,45.5664,180.1901,166.2436,85.7163,149.3814,202.1818,110.3515,33.4886
45.8533,503.8737,80.9926,113.7375,271.9548,180.7447,125.611,239.9368,38.5944,131.9081,307.9103,58.5134,113.08,201.1779,275.3812,91.0779,255.5029,122.3916,37.8131,324.8351,69.2181,261.239,166.6051,212.22,245.6913,336.7827,106.8144,261.0434,40.8739,39.8644,157.2003,63.1145,104.9516,81.6578,172.1447,177.6023,96.75,51.0828,290.0004,75.0049,107.1225,148.9114,44.6861,175.3938,162.8061,82.5787,145.8668,197.6391,107.4161,33.6096
44.8377,491.8358,80.2134,113.9111,265.5013,179.4189,126.2127,235.0243,38.5614,130.5651,301.2784,58.514,110.6343,201.6158,274.4709,91.7381,244.95,122.3659,37.1029,326.9466,68.3785,258.9192,162.4843,211.2585,244.8018,329.1456,107.5406,257.7731,39.9501,39.8174,159.5312,62.9806,112.6215,84.7914,165.872,177.6807,95.1736,49.049,286.6383,75.4901,106.9294,143.9,45.1498,172.9073,157.9241,81.736,143.1207,192.2147,104.2603,34.9075
44.7443,496.2574,79.1712,117.5286,273.2369,178.6934,123.0535,234.3282,38.3992,134.1265,301.1982,58.4901,110.8032,199.5381,276.9835,92.452,244.8698,119.7518,37.4822,327.4578,68.4131,256.2301,162.888,215.336,243.2704,330.9548,106.1267,256.9608,40.6761,40.0955,157.1787,61.4877,108.2399,84.1702,168.5398,176.9759,95.5939,49.0023,287.7465,76.4544,107.5128,146.0501,44.8792,177.8474,160.3304,83.1989,142.534,193.5228,105.6777,35.0901
44.8377,489.6175,77.3121,116.8459,270.1817,177.9071,121.7182,235.9452,38.2532,132.2195,300.6409,59.1217,110.7473,199.8821,274.4554,93.0378,243.0415,119.5417,36.8269,330.8719,67.9236,256.4635,159.8276,212.6758,240.152,329.1447,106.6198,258.7627,40.5556,40.1841,154.0098,62.2306,106.5714,84.8261,167.0617,173.7788,94.4298,48.7904,283.8954,76.5485,106.4932,143.9146,43.7054,178.9804,159.4267,83.9786,139.5292,192.6049,104.9396,35.5156
44.5949,486.7145,78.1235,115.5106,275.2652,178.316,119.0773,238.2888,37.8025,131.1467,306.3873,59.8141,113.391,203.0714,279.2527,94.2699,241.2036,119.1898,37.2852,335.7064,71.2073,263.375,163.3712,219.0861,240.1569,335.9735,107.0365,256.6704,41.0213,40.0573,150.0319,62.0969,108.3257,84.5764,166.4696,174.9803,94.9648,50.3481,280.6799,79.0254,104.3973,148.2626,43.9039,185.1722,161.3688,83.7763,143.6716,198.2831,106.2099,35.6263
44.6169,485.7694,77.5088,116.0644,273.5334,177.0439,120.1015,238.9291,37.7137,129.6277,306.8757,59.1695,112.6158,203.2159,278.1591,90.5503,242.6856,117.4127,37.4933,333.4732,70.3162,259.9878,161.8236,216.3941,242.4931,337.2657,107.9856,254.7859,40.9592,39.7584,151.969,61.7065,109.4252,83.1499,169.2943,173.6609,94.32,50.9567,276.9419,79.0107,105.4191,146.8733,41.3129,182.1171,159.3851,85.0365,142.4578,199.7162,106.2722,36.0094
45.3366,479.8301,77.8328,117.1886,276.3816,178.8179,123.5223,240.7583,37.3547,131.2647,310.7312,59.6726,112.167,203.7085,279.0028,91.9907,244.3161,115.2784,37.2773,329.2133,70.4432,261.652,162.4701,215.9365,246.0647,336.5154,107.85,252.5362,41.1072,39.6299,155.6869,62.3625,114.3656,84.4629,172.4905,174.6777,94.4965,52.7551,274.33,80.2699,105.6573,148.8875,41.8016,186.1638,159.3366,85.6596,142.9169,200.0466,106.8638,36.5327
44.9347,480.6505,76.9615,115.1271,272.7277,177.9893,122.1983,237.1676,37.5654,129.0092,317.4997,60.1044,112.9273,200.4177,279.111,91.5277,252.234,114.2499,37.1982,329.8722,69.9187,264.3076,163.4851,219.209,250.5346,341.9978,108.4359,253.283,40.8388,40.1595,155.1577,61.727,116.3236,85.539,175.7515,172.0071,94.3261,52.158,272.6053,79.3024,105.0501,146.967,42.08,182.0161,155.365,85.813,140.9515,201.9043,105.1554,36.5837
45.4425,469.9101,79.1344,115.5859,268.2909,180.1943,124.9183,237.007,37.3224,130.2268,317.971,59.2295,114.6108,201.7803,282.4232,95.2125,255.6247,113.1725,36.3465,335.1181,69.5184,270.9779,163.7577,221.9662,250.7706,341.181,109.4809,251.0013,40.7123,40.6983,161.284,62.469,118.1289,85.9694,178.7733,175.38,96.2967,52.3931,269.4923,80.6994,105.7554,151.1249,41.5163,181.9444,157.9448,85.9475,141.2582,205.0289,104.4966,36.4111
44.8503,475.5801,81.093,116.9912,274.8187,180.3366,121.1575,238.3025,36.5298,128.1215,323.346,59.608,115.5205,203.3822,282.2825,97.7285,252.7133,115.4845,36.5544,341.0887,72.1347,282.6063,165.7764,221.6117,251.4926,348.6087,110.972,253.8257,40.3153,41.0763,155.2488,60.6358,118.8511,85.9475,179.6148,176.1616,97.8657,51.7653,269.6091,81.1569,107.0282,150.2756,42.9808,185.3175,157.9115,85.4461,140.5775,207.4873,103.5523,36.0118
44.4138,470.8887,81.1617,117.2115,277.3984,181.1742,126.5784,243.6884,36.5932,129.0596,316.4716,59.841,117.2703,204.2683,280.6217,99.6055,259.0539,116.8371,36.7409,340.7822,71.2556,283.6482,166.7894,224.3874,250.6785,343.1111,110.6326,253.4286,40.6228,40.9282,161.3947,59.7088,121.4168,86.1966,179.2605,176.0759,99.2691,54.1012,269.8746,81.7119,108.1633,149.9501,42.985,188.16,158.7307,84.9682,139.125,206.086,104.1456,36.3581
44.0036,459.4811,79.2995,117.1999,274.9893,179.1005,127.775,240.058,35.8748,127.7989,313.0761,58.6534,114.4692,200.6734,277.2898,97.2684,253.5649,116.3589,36.4337,335.6623,70.4033,278.6996,164.3535,223.1856,248.1533,340.6207,110.4895,253.4582,41.141,40.8845,164.6883,59.9055,120.1265,84.0859,179.6301,179.8241,97.0436,53.8312,264.927,80.5762,105.0261,145.8257,44.2171,182.2439,157.4648,83.1311,139.1217,204.5957,105.8251,34.9725
43.6537,452.2512,78.9162,116.5106,269.1838,180.911,125.9146,238.6753,35.88,128.1749,312.0271,57.6307,113.1275,201.569,274.8168,95.2945,256.8855,118.2134,36.1698,333.6369,69.9575,278.5476,164.276,226.6098,250.873,334.4707,109.461,249.1722,39.9624,39.6322,161.2563,59.3211,120.0594,82.8848,177.908,179.1655,97.4574,54.0272,261.79,79.8698,104.6419,142.3403,43.959,181.4541,154.7283,82.7716,139.1381,203.3352,102.9208,34.7304
43.7812,440.2104,78.5142,117.4988,265.1722,182.4392,126.6037,238.0434,36.03,129.1429,308.2363,57.5216,112.5106,197.6147,272.6534,93.6687,257.6341,116.7021,36.389,334.8337,69.3254,275.3481,164.006,222.3378,250.2522,329.8026,108.6373,248.5669,40.042,39.976,161.4491,58.1903,118.6741,83.4423,175.6369,177.6643,95.651,53.2188,252.2155,80.7802,105.4225,139.4918,45.1652,183.6281,160.8195,82.6203,138.9535,199.1355,101.0587,35.5493
42.7127,432.9631,78.5907,116.6766,265.7693,179.5417,127.1817,234.2769,35.0517,127.6602,286.1363,57.0574,112.169,196.9571,264.9446,94.3348,251.8651,116.1341,36.2452,332.9626,68.7682,275.0728,162.1156,214.9238,248.1254,305.8671,109.0974,243.2882,40.0719,38.779,163.0659,60.2038,117.2602,82.0064,175.3414,172.9807,99.8799,51.9101,248.2278,80.425,104.716,137.7348,45.615,181.6893,158.2553,81.1846,137.0432,190.2003,100.7786,35.0371
42.4811,424.7195,78.3205,115.801,261.0763,177.0851,126.7432,238.8581,35.148,128.1941,285.1547,56.4186,110.9212,195.5222,264.1903,93.9906,254.597,114.4801,36.0318,330.6462,67.7598,275.787,162.3486,213.7886,245.2113,304.6135,109.0394,242.7681,39.4929,38.7774,162.288,59.4802,116.3538,80.9871,175.5142,171.8671,100.0667,51.4558,246.7886,79.4215,103.1674,132.7787,46.893,183.6349,156.812,80.0587,135.8633,185.7368,99.8209,33.851
42.7408,424.2832,76.8132,114.6544,253.7138,175.2609,127.8464,234.6713,34.56,127.5321,284.4407,55.5348,109.6835,190.4897,261.3779,93.712,253.3986,112.0597,35.2128,323.6017,66.3697,272.72,158.3447,208.2447,243.7762,303.299,105.3888,237.6281,38.5896,38.4774,163.8475,60.6027,112.0259,79.7397,175.7437,172.6315,98.5752,50.7313,248.1385,78.7524,101.9515,128.665,47.1948,176.7727,155.4863,79.0979,134.4066,182.0586,97.7068,33.0579
42.9806,421.2853,77.2138,114.6259,257.4433,175.6359,125.8672,235.4307,36.357,126.4574,279.3299,55.7842,110.3834,191.3617,262.6363,95.0958,248.9905,111.9098,35.3622,318.0819,65.6116,274.8258,162.6733,209.3588,240.6093,297.4786,106.2043,239.3212,38.4845,38.4766,161.0153,60.9141,113.5351,79.3226,176.8059,171.7466,98.5817,49.2847,247.6235,78.4614,101.4554,128.0305,46.7654,178.6723,151.0915,78.262,132.1219,185.0706,97.4841,32.3697
42.433,416.2361,75.7679,114.4436,242.9445,172.8578,124.832,227.624,35.4644,125.9759,268.3022,54.5538,108.4337,188.2043,258.7398,93.486,245.4985,110.7805,34.987,321.2961,66.2895,270.7527,159.6938,205.5532,234.9828,285.8092,104.6481,232.1143,37.833,38.0536,158.5132,60.7482,114.7643,78.8802,178.0482,168.6005,98.8433,49.1142,245.9831,77.4719,101.4713,126.4199,46.741,173.1815,147.872,74.9952,133.071,179.673,97.0637,31.7436
42.5849,411.563,76.1141,115.5463,251.478,172.9809,131.4118,226.301,34.9222,126.1254,270.452,54.5562,108.9893,188.3276,260.2277,92.6026,247.1212,111.8025,35.6373,322.3922,66.3482,275.0427,160.0224,208.6157,234.5967,288.693,103.8572,233.3843,37.66,37.8227,167.6028,60.8647,119.169,78.8419,179.8409,168.1637,99.2604,47.4062,247.8278,77.6497,102.0454,126.6533,46.9363,172.9581,148.7192,74.9848,132.4225,179.0048,96.582,31.5831
42.7401,408.4064,75.204,115.1343,248.6171,173.4117,128.3824,227.5743,34.835,126.3724,265.0213,53.8369,111.6519,185.7485,261.5749,93.2747,243.6195,109.9122,35.6267,326.9754,68.5345,282.0195,161.5451,209.2898,229.8163,286.8896,102.9636,232.8561,37.5952,37.7147,161.5499,60.1485,116.955,78.2313,177.5623,165.5108,98.4004,48.5086,247.7945,77.401,102.6966,127.0669,47.854,173.1283,147.2821,75.0947,133.1018,183.276,94.9636,30.9579
42.4491,404.6758,74.1258,111.8222,249.7036,169.737,125.3407,225.3863,34.1722,119.8611,259.7951,50.3931,109.191,180.874,256.7783,93.8924,241.0125,105.9732,33.8843,322.2343,67.3873,277.8056,158.821,204.5167,230.5132,278.7348,101.6969,227.5379,36.1985,37.6333,156.3388,56.6373,113.8477,78.0762,173.3168,162.4554,99.8112,47.2616,242.4436,74.3721,99.7528,122.0366,46.0726,169.7377,138.4888,72.067,128.8645,180.5037,91.0529,30.9673
42.3206,406.6707,73.0226,112.5762,253.5137,171.5899,125.3175,227.8655,35.2344,121.7247,256.4941,51.4478,110.363,179.2106,259.5793,94.4783,242.9625,108.5464,34.2295,325.0273,67.8164,289.6451,162.0363,210.7457,232.8297,275.223,103.0417,229.5038,36.1673,38.083,157.6323,56.9079,115.8892,80.3268,173.9553,166.7434,101.3006,47.6334,238.6312,73.8407,102.0875,127.1004,46.8459,174.918,139.3638,74.5411,131.7311,177.3328,92.0294,31.4691
42.5402,415.5204,75.4318,113.332,251.5178,172.1138,126.4286,235.9362,35.4484,123.8273,254.9989,51.9703,110.7179,181.6035,261.1913,93.5122,250.0218,106.2314,34.7094,333.4585,68.6363,290.858,167.7799,212.0575,240.372,271.2623,104.3911,230.4189,37.3303,38.4659,158.4892,56.4844,118.2751,81.0431,178.9442,166.5672,101.0123,47.3642,242.3383,74.3757,102.8642,129.2854,47.7933,176.8339,142.2294,74.0899,134.5093,181.2436,96.1656,31.2097
41.8528,415.1792,75.6676,113.7452,246.4821,168.6787,124.5801,231.8373,35.7012,121.6735,252.7142,51.7073,108.6061,181.1476,258.5002,92.2291,243.088,106.0931,34.8319,330.4159,67.7998,285.6696,164.1113,200.2585,238.0708,272.2622,104.7741,229.9541,38.5392,38.6325,158.3878,54.6224,118.7686,78.8147,179.0532,163.0406,100.5419,47.1596,238.6094,75.1436,103.7355,125.8988,45.708,175.9021,142.2048,73.2467,129.1502,179.9532,99.5651,31.0462
42.0803,423.3381,74.7426,113.0103,248.097,170.401,121.4053,232.2366,35.5651,121.1451,250.8901,52.2412,108.6948,184.1585,258.7257,90.4481,242.6654,105.3251,34.8032,331.7916,67.7315,285.6208,165.9355,198.9716,242.3955,270.5069,105.6102,229.5724,38.3615,37.8751,154.4678,54.8716,114.9713,81.2421,180.2819,160.6042,101.5222,49.5456,246.545,76.7298,105.3641,126.6447,46.2506,176.445,141.7721,73.6393,128.0008,181.4326,99.885,31.8919
41.8789,417.2491,71.6841,113.6285,230.5089,168.7452,118.8888,226.3058,35.0549,118.4929,239.5816,51.0624,105.1222,182.75,260.2449,87.2012,233.592,104.0908,34.4546,325.4011,66.114,275.3297,162.2748,189.4591,232.0636,262.8226,104.5096,228.2278,37.5347,38.2275,151.192,53.632,111.2011,80.942,178.7998,158.7864,98.4247,47.1651,243.392,74.7572,103.4273,123.199,44.8758,173.312,134.8416,72.2717,123.2259,173.3391,98.4237,31.5139
41.5615,412.4594,71.8069,115.3317,230.9582,167.0486,118.5187,225.58,35.3154,118.5176,241.7291,50.5686,104.7357,183.1172,266.4215,85.7675,235.2521,104.7184,34.5147,327.4605,64.4402,274.2597,162.4673,187.7114,230.8837,259.7918,105.657,225.1737,37.1492,37.2166,149.8834,54.6052,113.4142,79.0956,177.9301,158.7335,99.3258,48.4778,239.5523,74.711,102.5664,121.4236,46.1898,165.883,135.6612,71.504,122.7063,172.8894,97.1186,31.0775
41.674,403.5944,71.5575,116.7177,234.0611,168.3841,121.9188,224.0671,35.8427,119.0568,240.0306,50.9922,105.2442,179.5019,268.5882,87.0707,242.7195,102.715,35.1516,332.345,63.9215,276.9473,161.9688,191.4109,237.1138,260.4356,104.3163,226.1298,38.0087,37.9803,153.8214,54.0186,111.1834,78.7628,179.4859,158.9865,100.4667,51.1347,234.1967,75.5216,102.9717,123.0212,46.1076,174.3731,139.7013,72.0687,123.4157,176.1231,99.3917,30.8135
41.2043,400.7089,71.037,116.2069,230.0979,168.2886,121.5891,221.9172,35.6261,117.0522,233.0436,50.3945,106.4286,179.7483,264.7188,86.5293,234.797,101.845,35.2431,331.0441,63.849,281.5713,159.1105,180.0655,238.1776,254.3032,104.3117,225.4603,37.7001,37.2371,155.4722,62.0418,109.4478,79.1812,181.8442,155.0176,102.0762,50.8123,234.3631,74.0587,102.2175,116.7474,45.8001,170.5537,138.8092,69.7827,124.0855,170.4816,97.6263,31.1697
41.16,401.425,73.2551,117.2228,235.2026,169.2107,119.9967,223.7813,35.129,116.4994,236.6764,50.6532,108.2889,181.5937,267.725,87.1301,240.1461,102.5313,35.7533,336.2002,64.717,285.8806,158.6909,180.4542,238.8421,255.2813,105.5679,219.3707,37.9798,37.7169,153.0404,59.3599,109.1496,82.1259,180.07,157.6876,102.1864,52.0703,236.8648,74.8716,105.5982,118.8776,47.2379,170.8065,140.239,66.6266,126.2931,171.915,98.5174,32.1669
41.099,408.2149,71.602,117.7612,233.8005,167.4695,115.4071,225.0222,34.8613,118.2518,236.5672,50.4494,106.9727,181.6583,266.1901,86.8227,237.27,101.8651,35.6393,332.5301,64.1663,283.5029,154.4256,177.9876,234.5746,258.5895,105.5085,221.5251,37.6694,38.0524,145.4928,61.3463,110.7317,82.3633,179.5274,153.7172,100.3764,51.0932,237.6855,74.0067,104.8626,118.9541,47.3465,171.8582,140.2342,66.4127,127.938,168.6457,97.0155,32.6357
41.9461,417.5154,75.7719,119.9019,239.8849,173.587,116.1836,230.7755,36.3774,121.8273,234.3766,51.2216,110.3155,184.5046,273.9875,91.4343,243.9226,104.4722,36.9832,341.1601,65.5378,293.3386,162.8241,183.5575,241.7011,258.2189,108.7466,227.0366,38.8579,38.9845,146.8813,62.2354,112.7588,85.8556,184.6409,156.3097,101.1278,51.6257,242.0816,74.3981,107.4556,122.6943,48.9651,176.3504,143.3483,70.0933,133.0987,171.0571,99.241,34.3006
41.9709,424.5324,75.6521,120.2056,242.8675,177.0954,117.9528,246.9111,36.9543,120.977,232.438,51.9467,112.8088,186.2588,278.1568,93.6936,249.0352,105.5108,37.1995,345.8935,66.4724,297.2086,164.6476,193.2636,244.8198,259.7292,109.884,231.598,38.6571,39.1405,147.8191,63.0082,112.7218,86.0738,189.0894,158.5604,102.0851,51.975,245.8265,74.7298,107.612,125.2598,50.3616,176.6876,141.693,68.8279,138.0044,177.7932,98.7215,34.6474
42.3438,425.4663,78.3453,120.9073,247.8309,180.1255,122.5497,244.5664,38.8459,122.5592,231.8366,54.2083,112.8993,189.8905,277.5043,94.8875,245.943,106.3448,37.7066,343.5263,66.9568,300.1338,169.1017,194.3838,245.4833,258.8805,111.3748,235.1981,38.7751,39.7136,153.262,61.9785,112.3646,84.0869,188.9486,158.3086,104.814,51.9719,248.7235,75.0787,113.4374,128.8345,51.598,180.5377,143.7147,71.9798,140.9319,179.2372,99.5498,34.0608
42.7155,423.9855,79.6154,122.5863,249.3025,183.8408,120.0567,244.4881,38.619,121.7169,229.7026,55.0886,116.499,192.4725,278.1743,95.7828,251.614,108.4259,38.3382,346.2123,67.7567,301.9509,171.8614,196.5971,248.8718,259.351,114.3079,237.6055,39.7616,40.2572,152.057,62.1973,112.7733,84.8342,188.4955,160.2798,105.4771,52.4538,244.5387,76.3007,117.3893,127.0992,50.7842,181.5833,145.0282,72.5819,143.0393,177.4177,101.2447,34.5113
42.4398,419.5911,78.783,124.2688,248.9098,182.4481,122.0437,243.1933,39.3615,121.223,230.1587,55.0398,117.3656,190.0216,275.8786,94.604,249.0718,108.6428,38.4728,352.2573,66.4414,294.2824,170.7861,200.2466,249.7909,263.3163,114.6922,240.129,39.0883,40.4568,155.4782,61.7303,115.5655,82.9794,186.4108,154.6858,104.8965,53.4416,244.6446,76.2429,117.3268,124.8001,51.7073,180.6882,145.3889,71.9261,141.9772,172.7428,100.1895,34.2201
41.8972,420.5593,77.2428,126.2189,250.2809,183.0235,123.032,244.9609,39.0261,123.8099,232.1731,54.6269,116.4696,191.2334,274.8006,94.0832,248.8028,107.5344,38.4086,352.7442,66.468,289.3818,171.1464,202.9615,247.9453,264.8544,116.1044,239.9387,39.3076,40.5357,158.1575,60.9181,113.874,81.6724,187.4437,151.8385,103.3498,54.0041,247.0939,77.7335,117.412,123.5871,51.9341,181.2837,145.6316,71.0179,139.866,170.6751,99.853,33.5583
42.5762,416.0579,76.7484,127.0996,254.0464,181.5647,125.3165,243.3511,39.3365,123.2115,229.8457,54.7419,116.5927,191.0769,276.8011,95.5071,249.771,106.9869,38.379,356.8645,66.1907,292.8886,171.4458,201.4279,251.9179,262.7459,116.1629,241.3546,38.6955,40.5681,160.4888,61.4471,113.7132,81.0735,187.8309,152.3772,105.1789,54.1188,245.0682,78.9596,120.878,120.3007,52.2733,184.092,145.8467,71.8636,141.3273,168.694,98.9588,33.5762
43.0444,419.8127,76.9116,128.1121,249.9388,182.4553,125.6616,242.9129,37.6656,126.2617,235.0687,54.8552,115.0792,192.7739,280.4299,96.8073,246.5346,107.2195,38.567,349.7901,66.5435,298.3984,174.5892,204.7157,250.8651,264.028,116.4546,240.6224,38.8652,40.8927,160.4713,61.7935,111.7409,82.4344,186.3722,153.5521,105.8664,53.7624,245.9652,80.1079,121.1517,122.0537,51.0539,185.1651,144.1821,72.5056,142.4927,172.6827,100.173,34.0492
42.8003,413.8832,79.0397,130.2072,253.117,188.6856,132.5648,245.2606,37.9428,125.9916,240.5438,55.4275,117.5532,193.3637,283.6002,99.6619,250.5526,104.8456,39.24,349.3984,66.4948,298.7429,178.5281,210.0371,253.7459,267.2201,117.9346,243.1843,38.8949,41.5908,170.4566,62.8232,116.5243,84.6477,191.3659,156.2489,105.3264,56.8176,238.5693,80.6685,121.1445,129.2834,51.8734,184.4487,147.3519,72.0677,145.6144,177.5148,101.1944,34.679
42.1948,416.6217,79.9558,132.5436,253.1942,189.5813,134.9721,249.5732,38.0793,127.1197,240.1994,55.6441,120.3171,198.7074,283.4155,98.4492,256.1997,107.8443,39.2433,356.1213,68.0175,304.3256,179.4932,214.3968,258.3975,267.7471,120.6215,244.9877,39.4319,42.1405,173.0145,64.2506,113.9197,85.9807,195.3295,157.8176,105.8433,55.7798,240.7945,81.2098,121.3502,130.2057,51.3871,184.7661,150.5517,72.3324,147.0833,179.8347,103.4977,34.6313
42.9349,415.6959,78.7439,129.8287,253.8674,189.5167,134.6684,250.3986,37.7002,122.6905,235.2868,56.1057,119.8985,196.2222,279.6497,97.1981,254.9187,106.3434,38.9137,355.9812,67.4499,305.6281,179.8222,211.6566,257.2086,262.5001,119.8863,239.5032,38.396,41.1976,176.9886,67.5021,112.7236,86.5713,192.1043,156.6698,107.9241,55.3403,239.9811,81.8779,122.7419,127.5141,50.8554,183.7394,148.3711,71.7901,146.5221,174.4578,102.0287,34.5877
43.7904,408.5229,77.4136,131.7649,252.6559,188.8838,136.6916,250.236,37.4393,121.4771,233.9897,56.4313,117.8263,197.9872,283.6125,94.7093,253.0754,107.0831,39.0686,351.26,66.4372,299.5264,176.3643,209.1099,259.479,261.6831,120.8282,240.9336,38.7563,40.4038,176.2198,66.9128,118.4763,85.9143,189.4571,155.5813,106.9309,54.4176,236.2578,82.7844,124.2182,124.894,50.6507,186.9705,152.6353,71.1797,144.7129,173.5131,102.691,33.934
44.3335,416.8412,77.2305,133.7808,252.0444,188.7761,135.6847,249.9132,36.5123,119.4258,237.8165,55.6705,116.4825,194.9663,282.0816,94.912,255.0608,105.0327,39.021,350.2105,66.076,299.1836,174.6933,209.8746,256.3931,267.2087,120.2799,239.5057,38.4197,40.3455,172.9711,67.6241,112.8793,84.1108,188.0251,154.8043,105.5636,54.2912,242.0115,81.9297,124.0006,128.0852,49.9539,182.6528,152.6531,70.3631,143.08,173.6096,103.075,32.9064
44.1738,413.3769,75.8131,131.7417,253.658,188.6157,138.3789,245.607,35.9913,119.165,237.9331,56.055,116.7535,193.4498,283.8898,94.8211,253.4424,106.1217,38.8709,351.2834,65.372,296.9064,174.5548,205.4489,255.0669,272.2605,120.0996,236.7503,38.1027,41.0605,172.2412,67.2711,111.4757,83.3113,188.409,153.4893,104.6053,54.8583,242.5983,81.2202,123.3783,124.7572,49.6523,192.586,152.2016,70.8453,143.1636,169.2459,103.3136,32.8504
44.6018,409.3217,75.8309,134.9287,255.4601,190.2383,134.4125,248.9273,35.8174,120.2282,234.0308,57.0023,119.2184,198.2507,283.2982,95.3968,254.3259,105.8333,39.1014,355.6642,65.4585,298.6356,174.4601,202.5802,257.987,266.6555,122.3333,236.997,38.4352,41.0763,167.0318,67.7083,114.188,83.7843,189.7948,152.5569,105.7519,54.1606,246.3777,81.5106,125.4387,124.811,48.7593,196.2487,156.7419,71.1548,141.5355,170.0692,104.4737,33.1319
44.3549,418.9528,75.9903,133.9722,256.6842,191.6846,133.755,247.0779,35.4339,119.1577,232.9551,56.8687,119.5763,199.214,281.1635,91.9327,253.8614,105.1838,39.1439,357.9767,66.2237,301.8059,178.6441,203.7927,258.8569,266.2852,122.579,238.7896,38.3722,41.3328,168.429,68.3191,113.2735,86.1336,190.9066,150.1934,106.4002,54.5714,253.4021,82.7014,121.9379,122.3414,49.1595,199.2063,157.498,70.8842,142.0311,172.3927,103.8301,34.2231
44.1474,419.0205,75.6227,134.5679,255.195,189.9536,135.4335,249.6681,35.1905,119.69,232.7969,57.3755,119.2166,196.2553,277.4401,91.8339,254.4541,103.7224,39.1125,355.3228,65.8678,301.9182,177.9654,205.5239,254.1962,266.3183,121.5464,240.8061,38.5828,40.9489,171.8074,68.4477,115.1807,88.5554,195.0863,150.953,106.476,53.7026,253.9044,83.1948,124.4413,125.0389,49.8108,203.933,157.3126,70.7775,144.5595,171.2517,104.2098,34.7729
44.6377,428.529,75.4431,135.108,254.1118,193.9342,142.4519,249.6917,35.3202,119.8345,236.0226,57.7576,118.1694,196.5645,280.1938,90.847,258.1908,103.1459,38.7074,356.0527,65.7378,298.3033,178.8195,208.1185,255.1588,269.1764,122.3871,242.2052,38.5577,40.405,179.5739,69.161,118.022,89.7232,197.0887,152.2,106.029,54.9794,258.4764,82.5373,124.5868,127.4765,50.5012,198.1597,156.3481,71.1304,145.781,175.8072,103.0846,35.5766
44.2932,428.0839,76.0747,136.1078,253.6505,191.9597,141.1051,251.6968,35.3042,119.2731,239.1741,57.258,119.1128,194.0567,280.4141,92.5166,255.5785,103.1669,38.8624,353.2425,65.6547,298.7661,175.5657,210.0451,249.4373,272.9584,121.4751,242.7818,39.0741,40.8965,178.9656,70.6626,114.8533,89.1802,196.8156,155.3621,104.9032,55.391,257.7172,84.6239,123.7683,129.6099,49.9552,195.3871,153.9333,70.4089,147.3327,179.571,102.8063,34.8
44.2944,422.8445,76.9573,133.8291,254.7794,193.0614,141.3114,246.4924,35.0259,120.4116,242.6253,57.042,118.3686,195.1011,285.1077,91.1071,259.0184,101.7807,38.9742,352.4985,65.7399,294.2996,175.4242,211.923,250.5675,278.1935,122.0974,243.1404,39.6615,42.3454,181.4467,69.4547,111.6175,88.7255,196.0898,153.2808,103.681,55.647,254.6305,85.391,124.4357,131.0108,50.0553,196.5114,157.8126,69.7802,146.877,181.9872,104.8062,34.3915
44.5294,439.3011,75.1313,131.8498,245.0082,192.7204,139.4712,245.9365,34.6186,118.0693,232.0764,57.5487,118.1335,190.6826,286.6292,90.447,260.7194,99.1444,38.3987,354.3424,65.7315,293.7574,173.2338,210.4733,251.3082,270.7443,120.0756,245.232,39.2629,42.2302,177.3193,69.047,111.4465,87.6315,201.133,150.499,102.1485,55.9652,261.9537,84.6643,124.1281,130.4303,47.9746,197.7132,156.6662,70.4657,145.0595,178.6721,102.8046,33.7048
44.6802,439.7443,76.2595,134.5999,247.955,196.1349,144.6664,252.9206,35.221,118.356,235.7342,59.6689,119.0264,192.7814,292.1052,89.7481,264.252,100.5353,39.0658,356.482,66.5056,300.6976,175.2853,216.0285,254.8825,274.9141,122.0661,248.6237,39.6721,43.3506,182.284,69.2279,112.0855,87.9869,204.7267,152.0089,105.1444,55.0585,264.9074,85.1576,122.9224,133.2693,50.2271,196.9219,160.7367,71.5435,147.6968,186.0962,104.0745,34.2683
44.6227,443.3931,75.9619,136.6543,242.99,194.5832,147.375,249.2897,35.0572,120.3886,239.2499,60.0772,119.853,191.5581,288.7498,88.9923,264.9161,99.8104,39.3498,354.0871,67.7532,302.5106,176.2872,218.7639,254.1277,276.6869,121.4854,249.5071,39.41,43.2711,185.3671,69.7767,109.8992,87.8442,214.6096,155.0242,108.7332,54.2924,263.317,86.8565,124.6013,132.6673,51.409,202.6394,164.3755,70.7471,148.5966,187.8432,105.0288,34.1285
44.2194,444.337,76.4374,136.7522,246.2656,196.6948,146.1587,246.9653,35.0214,122.3412,242.0818,61.6603,120.4143,192.9838,290.6572,90.693,265.1569,100.715,38.509,356.1244,66.8456,305.3323,179.3537,222.2347,251.5723,281.0161,122.8326,252.0391,39.3904,43.8006,181.7427,69.4471,114.6627,87.1611,217.0987,154.7965,106.9966,53.9754,261.9778,86.5303,123.1396,133.3385,51.831,199.1308,162.2912,70.4383,151.9941,188.4352,105.0852,33.6262
44.6655,440.8876,73.8497,135.2132,244.0659,197.5904,146.1446,246.5693,35.4514,120.1246,240.1168,61.2081,120.1043,194.6113,285.7089,91.1401,266.3379,99.5529,37.8329,358.6514,66.0596,304.4701,178.6627,217.743,251.2239,279.0813,121.9575,253.3254,39.1544,43.9235,179.0963,69.5393,114.7212,87.8679,216.9043,155.3822,107.0672,53.1305,261.5084,84.4879,123.1916,132.1879,52.2212,201.638,159.6117,70.9354,148.7565,187.6921,103.2056,34.412
44.7881,447.8852,73.8964,135.1413,239.7535,197.3681,145.9223,245.0876,34.9991,120.9489,239.5338,61.8175,121.5487,192.5845,285.1442,90.7631,260.943,98.9318,37.1999,362.6341,66.381,303.7991,176.058,217.0605,250.4737,276.4039,122.0002,249.9977,39.0284,43.3108,180.2649,72.3233,108.3115,87.3282,216.2339,159.4271,106.5584,50.8672,260.3229,82.3424,119.3333,131.8657,52.8748,200.1555,156.799,70.9438,148.0066,184.5905,102.5338,34.2297
44.0288,443.8454,72.6268,134.5047,242.4699,196.8502,145.731,252.5328,34.6391,122.5621,237.7679,60.9239,120.8111,188.6615,285.3908,89.9522,265.8273,95.8392,37.512,364.4897,66.2478,302.8828,177.166,220.8957,250.4989,274.7073,120.4384,248.3174,40.3699,43.836,181.2218,71.2686,110.7974,88.5534,212.475,160.4663,108.2211,51.9979,256.051,83.9403,118.8382,131.8953,54.3974,205.754,154.9115,70.3412,147.1331,186.783,104.0861,34.2034
43.8967,433.3354,72.4651,134.4305,235.256,195.4562,143.2802,249.5119,32.4886,121.5126,233.1526,59.5916,120.51,187.0218,288.2102,88.9048,262.8133,97.075,37.1516,367.0914,64.8538,296.6112,175.6024,219.6567,250.3921,268.6945,119.7615,244.9379,40.1179,43.4453,177.4287,69.9547,108.7165,87.5493,210.1315,158.9228,106.5207,52.7216,251.815,83.8304,118.1352,129.8288,53.5932,204.7911,154.1736,69.5827,144.2309,186.2014,103.3902,33.7735
43.7305,425.3075,73.0744,132.2573,237.5122,192.9918,140.885,247.7816,31.9645,113.2478,228.6112,59.2051,116.935,185.0233,283.2191,88.0959,256.1822,96.3877,36.2253,364.7726,64.4707,286.7848,172.2121,212.9345,244.8125,263.1024,118.1392,243.1612,38.9889,42.4972,173.9912,70.2,110.3326,86.3915,209.5904,156.9327,107.4947,48.8534,244.7286,81.5117,116.3531,127.7185,51.906,197.1127,150.5138,69.8921,138.8636,182.069,101.8114,33.2287
43.844,435.8796,71.7155,128.9972,236.8364,192.7355,141.7382,244.0075,32.7956,110.8018,227.4604,59.3522,117.1364,180.1743,286.29,87.7988,255.5208,94.9391,36.9611,366.9294,64.9641,283.0507,171.1321,215.6672,250.7001,261.458,116.3344,244.5233,39.1015,42.0162,177.1277,69.6714,111.6802,87.6603,211.3152,159.4037,109.099,49.5022,247.0937,80.7102,117.6833,126.2231,51.2216,193.807,149.0389,70.0234,138.0455,181.2888,101.5042,33.7114
43.5292,431.8975,72.5806,128.3294,239.2939,193.0402,144.3833,242.6843,32.4796,110.4735,229.9332,58.6784,117.2518,179.7618,285.6476,87.1714,251.8889,94.5003,36.8388,360.7805,65.8587,291.3445,168.9128,213.3458,248.3925,263.7169,115.0178,242.8914,38.6293,41.5863,180.9397,68.7276,111.5756,86.2886,210.0938,159.9099,108.7911,50.4017,246.2655,79.256,115.8171,125.1665,49.8917,192.7766,152.0571,69.7162,135.3281,182.4666,99.8468,33.3815
43.8868,430.5433,70.4772,127.4093,238.5222,191.4945,144.6293,239.5622,31.7037,109.0411,226.4789,58.0256,116.1277,177.0789,284.6562,85.6798,252.3276,94.0535,36.4005,357.2027,63.1064,289.7471,166.9269,210.9831,246.4508,258.3081,113.4272,241.0164,38.1556,41.2882,182.8426,69.3566,111.2634,83.199,210.5453,160.2951,105.2945,48.8248,245.9961,77.6593,119.3386,124.1398,49.77,189.9989,151.3894,68.164,131.9633,179.3258,99.3486,32.6381
42.9852,427.5164,70.5762,129.3301,249.3989,191.1332,146.5662,240.8152,32.1246,109.2761,230.0908,57.1392,116.7907,178.0256,284.4475,84.3254,255.873,93.4154,36.04,361.0074,62.1136,289.4936,167.9997,211.0251,245.1044,256.7186,114.6958,235.6612,38.7027,41.6399,183.4041,68.1835,111.3675,81.322,212.7551,162.904,104.8796,50.5703,245.9663,77.0712,118.8759,125.4816,50.8156,187.2663,154.9646,66.6796,131.507,183.2657,99.8966,32.0335
42.7754,424.1979,71.105,126.8858,248.1067,194.6335,146.7382,245.1571,32.6251,110.2385,237.5551,57.2819,116.6213,181.624,284.6078,83.2334,254.2151,94.7876,36.12,365.331,60.3289,288.9868,168.971,209.8586,248.338,267.5667,115.4856,239.4809,38.2709,41.4098,183.3387,67.169,110.397,83.5458,213.0504,161.6234,106.597,50.7398,244.2993,76.072,118.6981,125.0171,51.0928,189.9304,157.3908,65.8153,132.075,181.4417,98.2007,32.7477
42.5217,417.9896,70.4769,125.4743,249.5751,192.9191,146.0188,239.6981,32.994,109.9657,234.2969,55.6768,116.6474,181.2382,283.4579,82.3023,250.1708,96.7671,36.02,367.3729,60.2588,287.3313,168.6131,207.5526,259.1899,261.5532,114.9493,236.2438,38.2217,40.9924,180.3548,68.444,109.782,83.4437,213.4228,161.8696,105.7656,48.6539,241.1266,75.9067,119.5496,125.5518,50.7955,185.715,158.5731,65.243,132.6284,175.2181,97.3784,32.5226
41.8718,425.2437,70.2947,125.455,245.3728,190.7332,148.7851,239.7553,32.9956,109.3255,231.8279,56.4641,115.3909,182.7534,285.3776,81.8372,249.7441,98.3463,36.476,367.45,60.3341,288.1266,165.331,209.5327,259.8034,261.0057,115.5762,236.299,38.4769,41.2728,180.8788,65.6715,102.8415,81.8843,211.7423,162.539,104.0999,49.6196,242.1658,75.8109,118.8018,122.7176,50.8833,187.2219,159.6077,66.3494,133.6883,179.4891,97.3243,31.8953
42.2129,423.707,69.8974,124.2856,251.2306,189.9756,148.1293,241.0266,32.7925,107.6659,222.0004,55.5295,115.681,185.4326,285.9125,82.3797,246.3239,97.5963,36.4489,366.7683,60.0108,291.1501,164.6154,204.1132,252.5983,253.7649,116.6567,233.8475,38.1058,41.1003,179.3745,65.7937,103.4318,81.7885,211.1426,161.1662,104.5422,48.0479,239.834,74.4888,116.6334,118.9775,49.8933,187.9737,155.3233,66.6368,132.9091,174.9384,96.8061,31.7436
42.0051,424.7347,69.0534,123.0979,244.0801,193.3796,146.9563,240.5487,31.779,104.6474,218.9417,55.824,113.9709,181.3186,281.8105,81.5932,239.1095,96.9604,36.082,366.2874,58.7888,291.9813,163.652,198.7556,250.987,249.6475,116.0482,233.2261,38.1612,40.6412,179.0845,65.1056,104.591,80.8768,212.7567,161.1084,104.6443,47.4145,238.0869,73.9711,114.3233,117.3882,48.1892,188.1231,154.2809,66.8222,134.0436,169.7605,97.0429,31.2157
41.951,429.8797,69.4066,122.1333,246.6689,193.3177,147.4221,235.7919,31.0869,105.3557,215.8596,55.5695,114.63,178.5042,276.5358,80.917,246.3527,96.4558,35.9594,369.1003,58.6922,293.9612,163.2361,195.3298,251.6381,249.1642,116.3074,233.8502,38.2926,40.0572,178.106,65.7703,106.231,81.2252,212.4823,159.7113,104.9647,47.2479,241.0086,73.3842,116.6961,119.6148,48.174,189.9579,155.4595,67.6057,133.9567,170.9477,96.4375,31.5638
41.3435,423.4142,69.463,120.4716,243.8712,191.8495,146.7765,237.5738,31.2904,105.7342,217.7613,54.6502,114.2182,177.1272,278.7224,80.0592,246.9942,97.3135,35.4406,368.8109,58.7238,290.519,160.9794,196.4625,246.6836,254.7632,115.2564,230.4838,37.941,40.0815,177.2807,66.1692,107.4074,80.0418,211.7214,158.0384,106.0213,47.4198,240.4282,73.0278,113.9581,121.1849,48.3394,186.1026,154.0642,66.1236,134.7142,171.5667,96.034,30.8861
40.9511,422.4463,69.6042,119.804,245.049,191.4775,147.7801,234.0682,31.0152,106.4214,225.1809,54.1573,114.2856,179.0327,282.1843,80.3555,246.1708,98.6546,34.9693,362.1113,58.627,289.9964,163.5453,200.002,244.4154,264.8386,115.654,230.9862,37.8015,40.2351,180.0017,65.2157,107.0092,81.3988,209.9287,159.8044,103.853,45.3331,238.9392,72.6324,115.5062,122.404,48.8619,184.8934,154.4604,66.8961,135.5748,173.4136,97.2585,31.7114
41.2964,419.316,68.8063,118.383,241.816,191.6476,150.8583,233.849,31.1651,106.1315,218.555,54.9528,110.7259,178.9008,277.6919,80.0178,242.7435,97.9848,34.8527,361.4136,57.7441,286.1863,160.3366,199.6142,242.8168,256.6571,115.0206,228.0696,37.1899,40.282,183.8909,65.9203,106.9048,80.4287,208.9796,155.6815,102.1543,45.2579,241.4876,72.1381,116.0638,120.6618,46.9143,186.4833,152.5086,66.6425,131.3855,170.0334,96.149,31.2161
41.2503,423.863,68.9622,118.4249,248.2228,189.8111,146.6699,229.2741,31.2281,104.2436,215.6871,54.34,110.8162,177.3254,276.3399,80.545,242.8977,98.5708,34.4443,356.3358,57.93,295.0348,162.1787,197.9942,244.6959,256.0851,115.2165,226.8413,37.4192,38.7943,180.3971,66.6543,104.4724,80.3219,205.3459,155.3116,102.6012,44.6833,244.398,73.1785,116.4983,119.8195,46.4933,184.8306,153.5303,66.3835,128.5289,166.8147,98.519,31.3136
41.5556,417.2345,69.3399,117.1973,245.8252,189.7356,143.942,235.7603,30.0453,105.1736,220.2738,53.7164,110.3243,176.8636,275.534,80.3375,241.5838,99.4987,34.1608,361.6178,58.2278,294.4307,161.9512,197.5589,242.85,262.0094,114.4747,224.2325,37.0518,39.115,177.5254,64.8745,100.6912,80.3714,205.2346,154.1577,101.5871,44.2429,242.9278,72.6886,118.1217,119.2904,47.7217,180.98,153.1791,67.1723,126.7891,165.518,96.9602,31.4007
41.0553,416.3985,67.0906,115.0316,245.3664,188.323,138.7826,230.9809,30.1631,103.998,221.3894,52.8728,109.9592,176.4844,275.0103,82.5907,241.3725,97.9829,34.0486,364.1808,56.4324,291.6218,162.0275,198.4694,243.1637,260.5414,114.3274,224.9253,36.7123,39.0433,173.8991,65.4752,99.7359,79.6183,206.8762,153.8317,103.597,44.0688,242.2333,72.1023,117.1809,120.0122,47.7716,182.9135,154.4185,66.7371,126.1001,166.3534,95.6651,31.3781
41.3115,413.2481,68.1632,113.7487,238.0403,187.2043,140.648,229.7444,29.788,101.6422,219.3521,53.3891,109.5652,177.3074,275.9514,81.8883,245.8195,99.1813,34.2809,357.5425,56.4555,294.8978,161.4767,201.9231,242.8387,262.1763,115.8495,228.6679,36.6796,38.7482,176.6708,64.5171,100.642,80.2882,205.322,155.3904,103.2594,44.2151,241.1562,71.1037,115.0727,121.7887,48.6179,189.1458,152.2172,66.6487,128.2511,162.6009,95.3211,31.9496
41.2023,416.1045,65.7781,112.3304,232.1897,185.9428,141.53,228.0164,29.4847,101.8053,218.1284,53.1301,108.6169,175.5606,276.9296,82.3618,251.1307,99.0599,33.8788,356.405,57.3864,293.9994,160.3494,204.6614,239.3545,259.9775,115.3692,229.5859,35.698,38.6806,177.32,67.2795,99.7407,80.6874,205.6291,156.0939,102.5844,43.7381,243.3671,71.2647,115.4471,120.4542,49.5132,186.5029,150.4549,66.8308,127.7078,162.3142,91.7007,32.6092
40.9315,400.3594,66.4078,113.6367,231.2559,185.332,139.0622,228.4054,29.5161,101.8966,217.5963,53.7749,107.5782,174.2033,275.8419,82.4593,249.3959,99.4088,33.8765,358.5813,56.8437,293.0496,159.3077,200.7771,240.8581,258.1563,115.5537,225.8707,35.5172,38.5473,178.0683,65.1459,99.6727,79.4215,205.4736,155.3966,105.401,43.6433,237.1652,70.7928,114.4765,119.9826,49.9381,186.4137,150.895,68.1004,127.236,158.4671,92.2993,32.4071
41.0171,393.8048,66.7841,114.3253,232.198,186.1283,139.1981,228.63,29.4577,101.7868,219.9135,54.8105,109.1501,173.575,275.7997,82.3032,252.0896,99.4173,33.924,359.9837,57.6916,293.7299,159.9212,199.28,241.573,261.8043,115.8603,228.5343,36.0583,38.8892,179.1897,65.7241,98.3948,78.9052,206.2426,153.0178,105.3209,43.7625,227.5524,71.9967,115.2649,121.4486,51.3604,187.3756,153.5009,68.4158,128.2041,161.4925,92.5133,32.1647
40.0106,395.3146,67.8531,115.1066,235.0056,185.2839,134.4319,228.6104,29.966,100.8514,219.4699,54.7212,110.8922,174.3177,275.7514,83.4221,252.1329,98.5427,33.9671,377.3121,58.8132,302.0102,158.7061,195.7012,240.0153,260.3558,117.3392,233.1533,35.839,38.9031,174.5159,66.3202,98.3078,81.6369,207.2308,154.243,105.1221,43.5978,232.337,72.2893,114.1505,120.9466,50.8021,184.7509,155.0325,69.7153,127.7733,159.7007,91.8969,33.2258
39.3233,400.7675,67.4524,112.1219,236.6003,184.3167,133.9883,229.6406,30.1635,100.3969,232.7689,54.4503,111.9039,176.404,279.6213,84.1888,257.769,97.0685,33.9106,381.7764,59.5595,299.6444,159.4435,198.2094,245.9927,273.4249,116.3728,232.9948,35.6786,39.5709,176.3777,67.1305,100.4727,81.0807,207.9329,157.0866,107.3177,42.9847,231.7369,72.8742,112.8639,124.9058,51.77,183.1556,154.0423,69.7081,126.9613,168.5897,91.9687,33.4322
39.7018,408.9164,68.2738,112.6598,233.2868,185.659,132.2315,231.8803,30.3814,101.0696,229.7541,53.824,113.4379,175.948,280.9405,83.8798,254.245,95.7905,33.7716,377.4122,60.1499,302.3547,158.3999,199.2666,249.9495,270.7714,116.7144,235.4269,35.6893,40.2603,174.3825,66.0493,100.1282,82.0324,206.0578,159.1408,107.6641,44.0472,230.2278,73.8097,112.1582,125.3065,52.3529,194.1159,154.4031,69.4155,126.7329,168.039,92.4174,33.6462
39.4265,397.5196,67.4495,111.6193,229.8696,182.44,128.9236,229.8343,30.0178,103.3323,231.1413,54.4144,112.1024,174.4674,281.8087,85.6121,253.1895,95.1821,33.712,382.4466,61.7357,293.9011,156.3618,203.9405,247.4372,275.1742,116.7388,234.1827,36.9209,40.5351,172.4584,64.3267,98.7936,83.1359,205.9482,159.5075,105.6406,43.5984,222.1391,74.8564,110.8761,127.9285,51.3241,194.0317,153.1871,70.5215,121.7572,170.2439,95.2636,34.1691
39.6668,392.8207,67.7283,111.7476,229.4595,185.8171,128.7205,233.1266,29.668,102.2735,236.4192,55.005,112.2452,176.1438,282.7177,85.6145,255.2964,92.8657,34.524,385.3606,61.2428,294.9482,156.5483,199.3686,252.3383,278.1756,116.5524,236.4954,37.5954,41.1749,171.7815,65.2231,98.8573,83.9274,208.2865,159.9756,109.5597,43.7059,219.0523,75.3387,110.0156,127.8272,50.6084,195.1504,157.0608,70.8918,122.3029,171.5856,94.964,33.8733
39.41,394.3202,66.8989,113.3172,232.3164,187.9467,129.8219,231.0347,29.5438,104.5671,232.8233,55.2933,110.1031,182.3203,282.5698,84.6524,257.3291,94.8667,34.7698,383.3703,60.5962,293.7755,154.8187,200.6987,252.8848,274.122,117.9902,237.7778,37.5365,40.9815,172.9699,64.9217,97.6216,84.3085,205.908,159.9646,109.7266,44.4347,219.6004,76.4016,113.2033,128.1687,50.5678,195.1481,154.2387,71.2532,121.1833,172.0607,97.4583,34.2187
39.6568,383.5142,66.3249,113.6152,234.5919,187.2593,138.3235,234.3002,29.7701,105.2326,232.0209,54.0424,111.249,182.4777,281.2525,85.1505,262.7099,95.5894,35.023,382.6404,58.7559,294.6216,155.6174,202.5868,254.8382,272.7811,118.8686,238.9126,36.3995,41.1725,186.9136,65.0736,98.2288,84.2166,215.8244,161.092,109.8328,44.2859,217.3076,77.1009,112.9902,129.2143,48.271,196.7288,154.3193,71.1917,119.9304,174.9568,94.4439,33.9695
39.5539,394.4128,65.3138,112.2209,229.9679,186.4778,140.2976,230.165,29.206,105.0694,231.3722,54.3206,109.1545,179.576,279.1806,82.6993,257.5107,97.6523,34.76,377.3159,57.859,289.7319,156.6719,203.7977,256.4888,270.9033,118.4159,238.4358,35.5213,41.6432,188.3276,64.409,96.9993,84.9468,219.2884,159.9458,110.7195,44.4898,221.5104,76.0337,111.0302,128.9512,49.9793,194.0431,154.3954,70.5888,118.1806,175.0553,92.7545,34.2198
39.4635,409.2893,65.9614,111.0293,224.1864,186.6103,139.9789,233.2014,29.239,105.0674,230.956,55.9925,110.585,179.4745,279.0087,80.9012,256.539,98.855,35.3661,374.7716,57.1369,289.8991,157.5107,199.9531,250.4481,269.7382,119.2413,242.8067,35.4246,41.584,188.2104,66.485,98.0031,84.4955,217.8096,159.2827,110.6848,43.4504,230.7493,76.8204,111.7983,129.9239,48.9696,197.5345,154.253,69.9155,119.2996,176.2153,93.6281,34.7094
39.6092,413.421,65.7538,110.6186,224.5559,186.8373,139.9302,229.7298,29.8921,104.9751,234.701,56.1211,111.2483,181.7377,279.9783,81.9701,254.0834,99.2512,34.8505,366.6214,57.9253,290.106,157.7914,198.6338,245.9247,269.8971,119.8334,240.5843,35.5531,41.5796,188.8977,66.3171,91.2518,85.2115,214.2153,159.0536,111.3463,42.0285,232.3959,75.2269,114.5722,131.7573,46.7971,196.9694,150.8822,70.7842,118.4414,174.3994,92.9384,34.4381
39.8249,410.3362,65.2113,110.7335,224.9231,188.9425,141.1364,230.6733,30.0307,105.1707,233.6969,56.464,110.9802,182.1342,277.5911,82.0716,253.9979,99.1673,34.9531,363.0754,57.9406,285.8354,157.6202,197.4886,244.7024,269.9111,121.5632,243.0247,35.8342,41.6316,190.9824,65.114,91.1256,85.2996,214.6244,162.1414,111.9602,42.7437,229.5723,74.7002,114.7609,131.0899,46.1855,195.7545,149.546,71.4752,118.46,171.9148,93.4104,34.6868
39.5836,404.0729,66.14,109.8897,228.5227,188.0873,140.9113,227.6091,29.7359,104.8572,234.2972,55.3775,112.9562,181.7317,270.8508,82.7978,253.5522,96.9152,34.1317,364.2919,57.697,280.9143,153.0761,194.1248,238.9886,271.8815,123.0501,239.3101,35.6244,41.4565,188.892,65.2941,91.0204,83.5013,213.1137,161.3528,109.9542,44.6906,226.6283,73.3311,117.573,128.6935,47.1287,190.7152,148.1882,71.296,118.2146,171.0141,93.0703,34.1319
38.9705,400.1588,67.4191,110.4347,224.1857,186.7476,138.1452,229.2899,30.4041,105.263,237.3488,55.2744,114.1563,181.891,267.832,81.4473,252.24,97.6457,33.9216,360.0137,58.904,280.2597,152.9714,191.8297,233.6433,275.3605,121.7661,237.5833,35.8675,41.1988,186.3437,65.9395,90.5547,83.3221,207.3199,161.0139,109.5176,44.7645,225.4082,74.01,116.0114,127.686,46.0021,191.7291,147.7044,69.8957,117.5711,167.9012,93.1409,33.612
39.3318,398.9497,66.5562,108.7636,221.4592,185.4562,137.3075,226.3646,30.6803,103.2426,242.3115,54.4923,111.002,183.3962,267.9327,80.4935,248.9971,97.4378,33.7161,352.8222,58.8045,276.9652,153.5758,191.9881,228.8,278.3974,122.2053,236.4819,35.8583,41.259,185.2139,68.2996,90.645,83.6427,207.0622,160.6403,107.8737,44.4068,223.8766,72.8151,117.0352,126.7483,46.9378,190.5001,147.726,70.4322,118.6784,169.6543,92.471,33.6266
39.7009,391.4173,67.0972,109.8311,224.9192,187.5722,132.7855,222.0523,30.9885,104.7287,244.4463,55.0114,111.9176,182.7162,267.4133,77.6675,244.6044,95.817,33.8841,349.7501,58.8963,276.3376,155.0344,194.885,228.0081,281.0381,121.7273,239.6294,35.9041,41.4114,178.3076,67.087,91.8823,84.1819,203.5662,163.0318,108.1285,44.3306,221.1636,72.5039,118.7784,130.3804,46.9569,190.9174,144.3206,70.9537,119.8875,168.5277,92.2098,33.9739
40.9297,393.8503,66.9327,110.3281,222.2909,186.651,132.0762,217.7758,31.1496,105.3178,244.757,55.3884,114.2653,183.5047,268.3947,76.4604,241.9655,96.2758,33.586,342.0922,58.7569,273.9258,152.8878,193.7508,228.7307,279.429,122.5056,239.643,35.8761,41.1733,177.3781,67.8335,94.4334,84.5272,204.9345,162.033,107.3743,43.9288,224.5213,70.5657,118.5783,130.6885,46.2198,186.8852,142.9365,71.6988,117.6367,170.071,90.9809,34.0741
40.786,394.9167,67.2568,112.6894,218.4928,185.2875,132.3858,221.4048,30.7094,105.8691,250.6865,54.3455,113.9864,182.7972,268.2977,78.3429,246.1761,96.0867,32.9439,340.9445,59.9709,277.1568,153.8596,194.8989,237.5821,284.1365,122.4586,238.8886,36.2936,40.891,178.0423,66.77,95.353,81.3345,206.6083,164.5503,108.0448,43.822,226.6611,72.4372,116.7899,131.8002,46.4631,184.8692,141.6562,69.2693,118.2579,170.803,91.4336,32.6359
40.4029,397.6481,66.9258,112.6075,222.3435,185.0699,133.9468,225.026,31.6964,106.4035,258.2479,53.6298,114.2808,182.9192,264.7871,78.8083,247.995,96.6318,32.5084,341.6093,60.9002,277.7379,153.7092,195.8391,238.3423,295.2079,122.4669,240.618,36.0009,40.9737,181.2313,66.0398,92.775,83.382,208.0124,165.8142,107.5757,44.0325,229.1571,72.5913,119.9287,133.1998,47.425,184.8078,141.6045,69.7158,117.9785,173.7866,91.6422,33.0333
40.4518,408.637,66.0948,113.3589,219.2295,185.5663,137.9396,223.3508,31.0915,106.9572,256.066,52.5881,114.7094,181.3098,260.0576,78.196,247.2482,96.1235,32.0414,343.5854,60.4487,272.9193,151.8683,194.4822,231.7077,294.5167,121.0995,236.9229,36.0273,40.7337,183.0716,68.3048,90.2597,83.0824,205.0219,168.5114,106.5107,43.7608,229.9712,72.6674,115.3068,132.9331,47.6365,180.7379,140.5887,69.3485,116.0907,175.5164,92.9224,32.7407
40.4233,415.708,65.6541,111.7576,216.0923,185.1507,139.3786,219.6676,30.9245,104.9468,249.2973,51.9145,111.7386,177.8967,258.7073,72.9722,246.3661,94.9628,31.443,341.6838,59.4561,269.5112,146.565,189.1254,225.0514,289.7945,119.8842,234.7306,36.2137,40.3393,183.4962,68.7409,86.1643,82.4311,205.0863,165.6842,105.9095,43.4169,234.2546,70.588,114.341,129.6246,48.061,182.0671,137.0976,66.9356,113.5818,170.4919,92.3914,32.2251
40.4546,419.9162,65.3293,110.7375,215.8316,184.6017,137.9024,221.5303,30.4313,105.207,243.1318,51.5597,111.5344,177.6399,258.7351,73.3552,249.478,94.0949,31.6909,337.0111,59.4595,273.3525,146.5653,189.6831,223.8056,281.0132,120.552,234.354,36.3779,40.4219,184.1385,70.0081,84.9201,84.4823,206.5657,165.0087,106.2997,42.5009,234.4506,70.1615,117.1405,129.2383,47.6465,183.0292,136.6539,66.641,113.2456,170.0517,92.5083,32.9009
40.5767,421.0511,65.2147,108.6198,218.341,184.3968,136.363,218.6862,30.4103,105.1634,242.1098,52.4199,111.2302,177.75,257.8342,74.9507,246.4635,94.2011,31.7459,336.9958,60.757,273.1397,145.9244,188.2196,223.7791,278.343,120.9985,232.93,36.7398,41.2875,183.0991,69.9029,83.0362,83.5907,206.7471,164.4928,104.5263,42.5243,236.6795,69.3655,117.115,131.3985,47.5289,183.8275,133.9065,67.5826,114.599,177.3072,93.4919,32.8252
40.8485,419.6681,63.9004,108.2261,218.2883,182.3489,134.1943,218.7805,30.2947,103.8085,244.0476,51.7683,109.5436,176.5809,255.8862,73.7529,239.698,94.3706,31.5442,328.1729,59.6457,269.7259,143.5349,190.7754,223.8601,283.8718,120.8407,231.7005,36.1524,42.4592,177.9017,71.9394,81.2552,84.8312,204.1677,166.8723,103.2591,42.663,239.3883,69.1059,116.9616,126.4183,46.9644,184.7489,133.1831,67.7327,112.4317,172.5832,92.6664,33.1859
40.6131,419.5009,62.2683,105.0487,223.3151,180.7767,126.6971,215.9115,29.5852,99.3278,245.3592,50.5737,106.9171,172.4576,253.501,72.1417,233.8204,93.2283,30.8524,324.1742,58.4259,264.0902,139.1842,187.2326,223.6854,284.9688,118.0629,226.6621,35.4735,41.0714,167.8359,70.6608,78.895,83.2373,200.8172,169.214,103.1404,41.8237,238.9212,66.31,115.1427,125.6011,47.0203,181.5266,128.0627,66.7559,109.6304,170.123,90.2447,33.3873
40.556,410.2322,62.1544,103.9447,223.6109,179.0907,126.7358,214.0284,29.1082,98.6872,239.003,49.3225,107.0026,170.8459,250.9585,73.9455,232.5017,95.3664,30.4577,320.9387,57.7482,266.593,138.6756,192.5511,221.2722,279.4222,117.4699,225.8043,34.9525,40.7405,167.3626,72.5269,78.5835,85.3888,195.2462,169.5963,106.048,41.2309,234.5814,65.7015,113.8256,124.9933,47.7484,179.5005,126.1251,66.423,108.9761,169.5455,88.8915,33.9643
41.2756,382.6123,63.3523,104.5283,224.4119,182.8742,126.5362,213.5898,29.9328,101.9582,243.1089,51.2076,108.8591,173.7283,253.4141,77.3345,235.8903,96.2236,30.8644,322.6143,58.9603,269.6069,142.6998,197.7094,218.0901,280.9437,118.4029,230.6515,34.8563,41.7367,165.1601,72.312,82.1052,85.8492,192.4609,175.2606,108.044,41.9607,220.6595,67.9984,116.0998,128.7153,48.9161,178.0359,127.8644,68.2427,113.3517,180.6514,89.739,34.1597
40.8092,384.8087,62.5003,103.6004,225.7121,182.4031,127.5956,217.2084,28.8532,100.2085,244.2858,51.1827,109.4455,176.1144,258.097,76.9347,237.4573,96.464,30.8827,323.9444,59.4567,272.269,141.7417,197.69,224.0809,287.7638,119.4658,228.747,35.0019,41.9305,167.4856,71.9231,86.1126,85.246,192.5598,171.3467,107.2986,41.4306,220.5598,67.0944,117.1951,127.5884,48.0952,177.8113,124.3602,69.1177,112.018,181.4392,89.3193,34.2616
40.4776,383.0587,62.893,100.9889,223.8786,182.1012,126.4263,217.436,28.2784,97.0599,240.9554,52.7113,109.5582,178.2823,256.4966,77.5213,236.9754,95.123,30.537,323.099,59.5294,271.9004,142.757,196.5221,221.8954,285.672,119.1824,227.7828,35.1794,41.7962,166.1344,71.0925,84.6186,82.5782,194.1039,171.1142,108.113,41.6381,223.0062,65.4764,117.8926,125.7572,48.6578,175.2035,122.0159,68.4707,113.5299,180.425,88.8699,33.3287
40.6328,390.3861,61.967,99.3656,223.1352,182.044,126.2015,215.0218,28.2835,96.8711,241.795,52.3148,106.8842,176.8909,253.1684,75.3466,239.4202,94.4687,30.6506,327.9758,59.0555,268.3329,140.039,195.9398,218.7287,281.7111,118.2771,228.5396,34.9473,41.4648,168.3554,71.5077,86.925,81.6467,195.0072,167.3403,103.2285,41.7759,223.5953,65.0906,116.9504,124.159,49.9822,176.6932,122.336,66.2418,112.5498,180.2195,87.7789,33.0416
40.0495,380.2553,62.3471,98.4844,218.3307,178.6575,127.2244,207.4299,28.2809,95.8745,235.4012,52.5796,105.8284,176.0042,248.5631,74.1012,231.6904,96.295,30.0414,321.3021,58.1809,265.1588,135.6169,192.8647,219.526,274.8381,117.3342,219.77,34.1222,40.7427,167.8327,69.8237,85.801,81.043,190.6892,167.0401,103.3231,41.6907,218.5328,63.4509,114.1133,122.7478,50.6002,174.5083,120.4207,66.3604,110.7834,176.7856,85.967,32.9542
39.9324,387.3953,60.3779,96.9228,222.9445,178.5944,126.7921,206.504,27.962,94.9849,231.4384,52.4058,106.9896,173.8987,243.9955,72.3171,230.7112,94.7894,29.7423,318.5589,59.0964,268.5812,135.4269,193.3627,216.6965,271.8152,115.6487,220.3146,33.494,41.2058,167.3848,69.287,86.3181,81.3906,186.2549,166.8903,100.7031,40.8803,218.7829,62.6418,116.3963,121.9519,50.9166,175.8935,118.1278,67.1646,110.6479,177.3116,84.7991,32.7713
40.0141,400.7525,61.3483,96.3101,220.637,181.9945,125.3259,204.8994,28.2822,94.744,227.4722,52.4506,107.6311,173.1907,244.9314,71.3205,228.2587,94.6015,29.6487,320.3965,59.3538,267.86,135.5876,192.789,216.692,269.2003,114.9454,220.7412,33.5497,41.118,165.3667,69.3496,86.5682,82.4789,187.825,166.702,98.8101,41.9562,224.8001,62.7548,118.2959,120.8702,49.9324,171.2798,117.0272,66.7515,110.4464,174.973,84.3072,33.2832
40.1355,406.2925,61.7646,95.5742,223.3584,192.9472,129.1754,206.1272,28.5871,94.8589,227.371,52.2152,109.951,172.1637,246.8931,72.6324,230.1787,90.7437,29.9502,321.9377,59.6771,271.5575,137.7089,193.1928,216.8244,266.4084,115.5052,220.4957,33.7801,41.49,170.1081,71.8218,85.4859,83.0272,180.5784,164.076,99.2622,42.218,225.782,63.4381,118.3667,121.0961,49.4828,170.6555,117.815,68.2105,112.0577,173.5282,84.8252,33.5766
39.4878,405.1663,62.2094,95.8397,231.1715,192.1279,129.6037,204.5844,28.3147,94.8179,228.7468,51.6043,109.6862,172.7828,245.9812,72.6215,228.2054,90.6392,30.0491,320.1923,59.6408,271.7032,138.749,191.3135,213.1949,264.6112,114.9971,213.1239,33.8275,40.8026,170.6684,72.2745,88.7752,82.633,180.6553,163.68,100.3297,41.0191,224.6305,63.3591,119.3662,120.9641,50.2684,173.3252,117.0439,68.0409,112.8754,171.2421,85.1561,33.7213
39.6134,407.759,62.8145,95.6227,226.346,194.9032,128.7203,202.4417,28.2465,95.1707,229.9637,51.723,111.4469,173.6288,247.3356,73.0901,232.1637,88.3834,30.2598,323.8638,59.414,271.8053,138.7324,196.626,216.1351,264.2993,116.2451,218.5785,33.803,40.9814,169.1507,71.61,90.3675,83.9707,182.2088,164.1909,100.1888,41.4093,224.9746,64.1846,120.9823,121.2503,49.8875,180.3793,118.9322,68.7268,113.1329,173.6766,84.6256,34.2799
39.4576,419.7952,60.7653,94.7708,227.7316,194.7056,129.3633,201.7008,28.8652,95.8342,233.198,51.9905,111.5788,175.0373,245.2478,73.8581,232.1467,89.7529,29.8427,330.3166,59.5662,274.9442,140.1391,196.8969,218.4088,266.0129,117.102,217.7576,33.5437,41.6966,171.8135,71.8601,89.9131,83.8514,182.2636,165.661,100.2948,42.3421,231.0539,63.9725,120.6986,120.9225,49.8445,179.4297,117.6569,67.5059,113.6787,173.8337,83.621,33.8106
40.1728,425.3268,60.1787,94.2459,225.0626,195.4442,127.8516,200.1439,30.1292,95.0347,234.4496,51.8189,111.3615,175.5383,244.4348,83.9571,229.5311,90.2444,29.5191,329.7138,59.7068,270.7953,139.2118,196.0263,215.5734,268.3125,115.93,214.3246,33.6056,41.256,169.3504,73.2654,87.9794,83.5176,177.6043,165.5738,102.0947,41.461,236.533,64.0577,120.9043,118.8284,50.3773,183.4487,117.8898,66.8937,115.2744,172.6262,83.1054,33.4246
40.5235,429.458,61.6632,95.5149,226.6491,196.6124,128.7773,201.3739,30.8985,96.4481,233.6507,52.2931,111.4704,176.2585,246.5112,84.9123,232.4384,90.7549,29.6944,335.8458,60.1843,273.8158,138.7168,200.9113,212.2467,269.2814,115.5355,216.8096,33.7114,41.4186,170.3214,71.2082,90.2254,83.2691,177.5185,170.3799,103.2941,42.3067,236.1727,63.586,121.8295,121.3094,51.5949,187.2206,116.9629,67.5723,115.2244,175.7119,83.197,33.4643
39.8209,430.0932,60.8985,96.1149,226.3832,196.3865,130.0118,198.3192,30.3475,96.6096,236.4219,51.9616,111.3818,178.4341,242.7848,84.2513,238.2452,90.5189,29.3029,337.8615,59.5844,273.9708,136.8394,204.9328,210.6095,270.0769,116.6609,216.9041,33.4829,40.8336,171.6188,72.011,89.8403,83.1764,175.4799,167.4528,103.1173,42.2205,238.1821,62.4953,121.9189,122.2015,51.6601,185.7529,116.3962,67.0747,112.7147,175.2588,83.0186,33.905
40.5106,434.4429,60.4575,98.6424,224.45,196.048,128.6438,199.5322,30.5524,97.1984,233.1848,52.5788,111.3132,179.5459,242.1493,87.0739,238.5778,92.4755,29.2599,334.8045,59.5857,260.6619,135.1997,202.5578,210.2018,268.8473,119.913,216.96,33.4609,41.7643,169.2847,73.0813,91.0972,83.2155,175.4562,160.3547,102.2861,43.041,237.3612,63.0029,118.3834,120.804,51.1641,187.9975,117.4253,67.356,112.1609,172.7688,83.0096,34.0804
39.8935,440.5272,60.7338,98.6345,224.1604,194.7882,127.2395,202.7938,30.6719,98.3179,233.5595,52.6925,110.8241,180.9021,242.1655,88.3065,239.3344,88.3196,29.1911,333.6413,59.0043,259.2586,135.0634,204.2644,214.8672,266.2261,121.7503,218.4796,34.1687,41.2673,165.3144,73.7988,92.2772,83.4976,181.0063,160.5662,109.6872,43.5379,237.9499,64.0742,123.7329,121.3553,51.7839,186.3821,117.4847,65.2606,111.9564,176.0097,85.0316,34.1648
39.6063,441.1386,61.6327,100.7827,225.7289,195.3,125.732,200.9001,30.7259,99.2657,235.5034,51.9176,112.8756,179.3656,242.6285,89.3089,240.6088,88.526,29.1678,338.8024,59.5553,272.1353,136.2979,204.6077,223.5657,271.2823,122.4364,214.7999,34.9808,42.1738,163.6659,73.0649,92.775,85.2716,178.8977,160.9454,110.3831,44.0484,239.9017,64.7318,122.0679,120.5518,52.6546,192.314,117.5024,65.1551,115.599,172.7975,86.0203,34.2618
39.5293,449.1265,59.8736,100.1991,220.4724,194.1899,125.1563,202.9413,29.8491,98.5108,232.5267,51.1313,110.5458,179.2794,241.8688,87.8264,240.7513,89.8862,28.9321,337.6536,59.5584,269.2197,135.5593,202.3743,225.0434,266.4387,122.829,215.8737,34.6004,42.0175,164.4637,73.3748,90.1514,84.7601,180.1313,162.4952,107.7124,43.9655,242.5475,63.5375,121.7925,121.0489,50.8723,196.1531,120.0278,64.838,114.5135,171.7004,84.4891,33.8576
39.3903,445.2143,60.4322,98.6842,219.1343,195.8993,128.0894,200.2481,30.1399,98.1077,233.1028,52.0953,112.243,178.4819,245.3937,88.5473,242.8795,89.0723,28.9538,345.1889,59.0433,267.3181,135.7866,202.2983,227.7543,267.5047,122.9094,217.533,34.5524,41.7434,166.2829,72.7305,89.64,85.6141,180.0831,162.6481,108.9961,46.2271,239.2472,63.1129,120.2395,120.009,51.1315,193.7534,118.622,65.9063,115.3313,167.8387,84.1615,33.665
39.3512,456.2721,59.2942,99.9301,220.2369,197.4509,130.2258,200.0446,30.6165,98.3234,239.2837,52.8722,112.7903,182.1006,245.5493,88.9979,244.1221,88.4218,29.2718,345.9559,59.1259,268.8842,135.7133,199.4752,232.5735,272.0536,122.4127,216.5986,34.7498,41.4072,167.6716,73.0833,89.2585,86.5817,178.8287,167.7495,109.6266,44.8742,247.3814,62.9452,122.3231,120.1692,51.4315,189.8773,118.9032,65.3915,115.652,170.3775,84.8314,34.3517
38.9733,452.6375,59.6231,100.0258,219.6396,198.5554,129.2817,196.0899,30.8724,98.4042,238.6183,51.9126,112.8217,181.1087,241.2351,87.1836,241.9566,87.4915,28.8367,340.2735,58.7151,267.0103,135.744,198.8215,230.1392,275.3961,121.6682,213.987,34.5788,41.8699,167.3222,69.63,88.5645,85.6917,179.5091,166.0198,108.337,44.8457,244.0077,62.4197,121.6204,117.7254,50.2692,185.0028,117.6463,64.6079,115.4909,166.7268,85.7618,34.0515
38.76,451.2805,59.167,102.7308,223.0413,200.4861,126.9761,199.4673,31.1229,99.3903,236.376,51.9635,111.6978,180.4085,243.9546,87.5977,243.7828,86.2434,28.7599,344.7787,58.4673,266.0365,136.9999,201.3605,230.5848,275.1391,123.3768,213.9791,35.3355,42.2461,166.0597,72.9864,89.6149,86.3374,178.698,167.997,108.0629,43.3436,240.0078,62.4765,121.3535,118.0846,50.5551,185.4829,119.7053,63.6443,115.6586,169.2114,89.3265,33.9909
38.8182,443.0063,58.0574,100.2286,222.2027,200.8098,127.9077,199.118,30.4425,100.0662,237.8567,52.7697,111.1028,180.1322,244.0382,85.3875,241.5546,86.037,28.764,336.4664,58.0055,265.0133,137.5311,200.8411,228.6841,273.0756,123.9572,216.7111,34.717,41.7533,166.953,72.2646,91.9348,86.7282,178.2036,164.8255,106.954,43.7439,238.0979,61.7844,120.9889,118.9273,50.6192,189.4282,118.2225,63.4333,112.9325,167.4383,87.5631,33.7547
38.0089,444.394,57.6456,100.4192,219.8188,201.8121,124.6984,198.4711,30.5613,99.7058,231.2699,53.0838,110.1998,182.3757,243.9989,86.2998,244.7163,87.3935,28.9709,340.707,58.4108,259.8153,137.7632,201.0609,230.181,266.5817,125.712,216.5426,34.8067,41.7722,163.3201,73.4282,89.4277,88.7684,177.5401,166.3096,109.148,44.6,236.5712,62.2335,120.531,121.1768,51.0854,186.3311,119.2578,64.3446,112.8606,169.4338,86.5808,34.1217
38.1881,438.1164,58.1889,99.9221,222.3543,200.2172,124.7558,204.6566,30.9776,101.0508,229.2091,52.7866,110.9138,181.5474,242.3118,86.7849,243.6688,87.5295,29.0938,337.8248,59.0133,265.7907,137.832,202.1768,229.9035,267.4492,125.2534,216.3208,34.7035,41.8494,164.4423,70.6567,87.6034,88.9331,176.1613,163.2256,109.0031,43.8794,232.9542,61.6558,123.121,120.8887,49.4699,189.8201,126.8353,65.1688,111.8321,168.2014,86.1353,34.5797
38.0988,436.8308,57.6052,101.047,222.6591,200.0292,122.5159,202.8802,30.6674,101.7695,231.2504,53.0791,109.564,183.8844,243.0313,85.1111,247.0825,87.3964,29.1652,336.9703,58.1385,267.8484,138.9723,204.0464,229.9678,267.2355,126.4202,217.7791,34.7717,41.9271,161.3829,71.8587,86.043,89.017,176.7333,164.9383,107.0893,43.9769,231.7679,63.0983,123.1347,124.6821,50.678,190.9772,127.0965,64.4636,111.4966,170.452,85.5243,34.7422
37.8979,441.0608,57.4842,102.5899,227.4009,200.781,121.5088,206.9103,30.7543,102.0549,234.5067,52.8371,109.5861,185.0167,242.1192,85.3018,253.2744,88.1593,29.3102,336.667,59.1964,268.3927,137.1102,204.2043,230.0741,272.2088,127.7243,218.784,34.6042,41.6688,161.1155,72.0355,86.4372,92.7645,177.81,161.7222,108.1338,44.8579,236.3163,63.4188,124.4295,123.395,48.8908,193.7911,125.7441,64.7178,111.5576,168.6575,85.0784,36.9816
38.1549,443.4922,58.2286,103.1438,224.3686,201.1997,125.5666,203.4904,30.6494,101.8593,235.7203,52.5624,109.639,184.8021,245.0365,85.2189,257.1553,87.2582,29.4455,335.442,59.7097,268.0734,139.0799,207.9733,233.813,278.1183,127.6105,220.7146,34.9833,42.4519,166.2136,72.2262,86.0214,93.0177,182.1416,162.1613,108.6852,44.9676,238.2269,62.77,126.8922,123.2272,48.992,192.277,127.3579,64.6756,111.7271,171.4248,84.7908,37.0745
37.9283,441.6105,58.7711,102.9847,224.0565,202.8149,130.5219,199.1788,30.5874,103.1661,237.1869,52.268,108.5246,184.2688,244.7577,84.5041,255.9761,86.5605,29.2587,341.3533,59.3302,263.7279,139.9769,206.6375,235.434,278.1242,128.3012,217.9704,35.0342,42.0408,174.3149,71.3674,88.2039,92.3538,184.3103,163.1746,108.0675,44.7586,237.9253,62.6924,127.1861,122.8724,49.9303,193.2116,128.1663,64.1018,109.7967,170.2211,85.8625,36.7345
38.1536,442.47,57.4377,102.8934,219.5976,202.8181,130.3194,198.3659,29.8695,102.7607,242.7735,51.4204,109.2008,182.2443,242.6367,84.9655,249.4389,85.9006,28.7508,336.2512,58.6848,263.9595,138.1899,209.357,229.4456,281.7491,127.3925,216.2584,34.8257,42.2416,175.4358,70.9231,87.1138,92.5218,182.0091,162.9678,108.6838,44.1493,239.0585,62.7645,127.3644,121.6176,48.7171,187.0182,128.5936,63.5862,109.84,168.1778,85.8486,36.508
37.939,448.2306,57.5225,102.7504,218.1954,202.9194,131.4292,196.918,30.0431,101.8915,250.2155,51.3572,110.6542,182.927,242.3498,85.6257,249.335,86.4309,28.8679,339.7107,59.1208,269.1085,139.1065,214.0611,228.4869,284.6753,127.0666,217.4483,34.6325,40.8605,176.7813,70.47,91.8606,91.1408,180.7182,162.6734,109.3328,44.4314,241.7749,62.9319,126.051,120.9435,47.9213,189.2056,126.7352,64.4878,110.7639,168.5365,85.9793,36.5702
37.8553,462.9119,57.7262,102.2289,218.6028,206.438,132.0979,197.9444,31.1214,101.8706,255.02,51.8168,108.7322,183.457,243.7702,84.832,250.7114,86.2286,28.9181,341.408,58.6729,266.4671,137.6207,216.5236,230.5306,293.6544,127.8476,220.2633,34.9261,41.1276,176.4207,70.8986,91.2406,93.027,179.0858,164.0212,107.5679,45.3881,250.4585,65.398,124.069,122.968,48.1335,191.5049,126.3322,66.1241,110.8356,173.3271,87.3274,37.3415
37.6703,467.0832,58.1681,104.8473,221.0162,212.9346,132.6521,200.4318,31.4803,103.1906,256.4725,52.1842,111.3043,184.7149,244.1301,86.3446,252.7628,86.29,29.5086,343.0206,58.9184,267.3915,138.7914,208.1949,230.6045,289.3435,128.1518,223.272,35.6181,41.5467,178.3863,72.6139,91.8126,94.4195,180.5346,164.196,109.2398,46.5433,254.0836,66.5282,124.5181,124.6674,47.8181,196.9965,126.5943,65.611,110.9093,173.7568,88.3477,37.4276
36.5053,466.7331,58.7896,106.7104,225.3469,212.1163,132.8917,202.3405,31.2718,103.1639,262.8087,51.7344,112.3571,183.9801,245.9779,85.3258,256.7331,85.8089,29.7954,347.5292,59.6763,271.567,140.6915,211.0956,232.1142,300.7802,127.4717,222.524,35.864,41.7296,179.5252,71.9881,91.9184,95.2376,182.291,166.5727,108.0316,47.3082,252.6627,67.6668,125.9362,127.641,49.5835,199.4234,126.9625,66.399,112.5503,177.0401,89.4505,37.498
37.469,470.1015,59.2923,108.1536,234.4993,216.1859,130.5631,203.8828,32.0199,104.7802,263.5587,53.2226,114.257,183.8424,245.794,85.9272,257.3094,88.552,30.4241,355.6387,60.0126,273.9044,141.1933,214.9268,234.3163,300.7827,129.7398,227.702,35.7461,41.8383,175.2764,74.045,87.9958,97.3625,183.9847,165.1563,108.8083,48.282,259.6829,68.6143,127.4136,127.4699,49.2555,205.1236,129.7354,67.6626,111.4529,176.2062,90.8192,37.9117
37.5013,475.3006,59.8664,106.9001,228.3561,219.3831,130.9015,204.4492,31.8076,101.9382,264.1278,53.1562,113.2836,189.0711,245.3147,85.6295,258.4053,92.5574,30.3606,353.9323,60.575,270.91,142.1924,218.1156,234.5925,300.789,134.113,230.2658,35.9095,41.4978,175.8689,76.3385,88.1939,97.3908,181.8637,166.8482,107.7108,48.1429,263.0498,67.4422,130.0898,128.381,49.7689,204.6027,129.4384,67.641,111.503,174.4337,91.0643,38.1104
37.2618,477.1405,58.8301,105.9618,222.2875,215.1785,128.613,197.7216,31.752,100.7539,255.9746,51.9446,111.5844,184.276,242.9235,81.8005,252.2003,88.9787,30.0894,351.3817,59.4215,269.031,136.0673,211.6108,230.8748,293.0135,131.3345,226.4935,35.4366,39.9289,174.4904,75.9592,89.9854,95.3187,182.3371,167.0499,106.1465,45.1972,260.5125,66.7261,128.6766,123.8951,48.5583,195.4482,128.6045,67.4593,113.6754,169.8257,90.7563,37.5131
37.6428,489.0965,57.9183,106.4765,224.4665,216.0389,128.2605,199.5066,32.1599,100.8002,267.8189,52.1648,111.0436,185.408,243.9554,80.3886,252.4787,90.018,30.091,353.3115,59.5256,270.5709,136.009,211.2579,235.0951,308.4225,132.1108,227.5062,35.3504,40.4226,173.991,75.0359,88.6122,95.3478,181.1193,169.2565,103.817,45.3587,267.6796,66.6751,131.2081,122.4013,48.8604,195.8425,128.401,67.0354,114.3872,172.5651,91.4468,37.2752
37.9635,486.0169,58.783,106.9047,221.4518,217.0347,125.9927,196.7014,32.4185,102.5418,271.9559,53.0544,110.4355,184.3182,243.2725,78.9215,253.1592,87.956,30.6872,352.2076,60.1826,267.6844,136.431,210.3545,233.0768,313.0215,132.2769,229.8696,35.988,40.41,171.3503,75.452,88.7262,98.791,182.9246,172.2807,104.8886,46.2901,262.5795,66.3894,130.4513,122.5114,48.9429,197.2947,130.2572,68.1693,113.6492,171.1862,92.9285,38.3125
37.573,505.8717,59.0976,104.5856,229.749,215.8646,125.6181,199.049,32.3894,100.6705,277.1621,53.6664,111.2071,184.8437,245.0126,76.793,255.0371,87.3255,30.435,358.3422,60.5404,271.1854,137.2939,216.1792,233.0717,318.6456,129.082,232.5219,36.1097,40.4953,171.9877,77.5842,86.6504,98.6491,192.183,172.3672,106.485,46.7335,271.2611,65.6173,131.2761,121.2521,48.645,195.1323,126.3809,68.4421,116.0171,172.1453,92.7134,38.1665
37.4469,509.5054,58.7138,105.1622,224.0478,216.1701,123.9016,199.0167,32.4732,99.649,270.8953,53.1941,109.8525,185.7934,244.6901,76.5429,254.5065,88.6823,30.5682,353.6402,60.4368,267.2044,137.413,218.6707,232.775,313.03,130.349,228.9665,36.1983,40.0253,172.8837,76.0131,89.0053,98.8539,193.9642,173.5708,108.1344,47.1777,273.2611,65.4912,132.3904,120.1675,45.7642,194.3835,122.3375,67.4394,115.4696,168.0068,92.7674,38.198
37.5015,511.703,56.5217,105.7944,219.7696,214.7081,123.7505,198.1681,33.1729,98.7146,269.43,52.409,108.9013,183.8128,243.1149,76.8356,256.8063,91.2527,30.0162,355.6966,60.0247,265.3171,137.9182,215.9774,232.3087,309.109,130.6747,228.7362,36.6926,39.7789,173.8107,76.8801,91.1278,97.738,194.3266,175.1323,107.3931,46.5219,273.4806,63.3908,129.7918,119.1012,45.0139,199.4484,122.3617,67.4327,114.3926,167.8984,93.0791,38.1483
37.4899,515.4805,56.0379,104.2659,221.2558,215.5012,124.9068,199.8528,33.8581,97.5085,272.4066,51.0189,109.0198,183.5272,242.8306,76.1031,255.3576,91.9418,30.1254,354.4285,61.3565,262.5767,138.3997,216.7687,238.5604,313.3319,130.9294,230.4108,36.657,40.0646,174.3714,77.6151,90.7576,97.6244,196.8376,177.2353,106.8774,46.8816,276.38,62.8054,129.2379,119.2672,46.0346,199.3896,121.9565,67.7184,115.1959,167.2779,94.0019,38.1685
35.7716,516.9895,56.4031,104.6553,219.7604,214.9278,123.6957,199.283,33.4369,98.6076,269.2869,50.3428,109.1446,182.0777,237.2155,76.2997,256.2804,92.7967,30.2366,357.5163,61.1114,253.9218,138.342,208.5017,236.5246,311.031,129.4259,226.313,37.0675,39.3464,170.2548,77.4999,90.9098,97.1304,196.9066,173.7639,108.3329,45.7673,275.8521,61.8271,126.9131,115.1458,44.6821,199.1461,122.8789,66.9715,114.2245,161.1164,95.5117,37.5815
36.1815,516.8188,57.4642,105.1214,235.6912,215.8903,119.7866,200.5898,34.3973,100.6429,270.2207,50.4216,110.6448,184.3926,235.373,76.1759,257.7804,92.1077,30.462,359.6049,61.3399,255.9151,140.3322,209.386,240.9335,315.6986,128.7912,228.714,37.416,39.5437,162.8282,75.7915,91.0637,96.9111,197.9799,176.7195,110.088,46.4211,278.3076,62.0074,128.5195,116.1652,46.0719,201.179,124.0265,67.9479,115.4358,164.0461,97.2574,37.3606
36.7468,521.1183,57.0251,103.6173,234.4841,220.9432,118.0635,200.4143,34.4686,100.1683,264.3077,50.285,111.9432,187.2364,237.2079,76.8433,253.5871,92.3197,30.3894,354.3703,61.4437,258.1044,141.4108,212.6593,245.5005,313.3498,130.2324,229.545,37.0041,40.218,159.8108,76.9374,91.3872,96.6352,196.7249,177.6648,111.3129,46.9939,282.2308,61.156,128.775,117.9065,47.1358,196.6739,124.4519,68.6561,117.973,165.0131,96.1908,37.7779
36.5427,509.1941,57.1814,101.5675,233.8499,217.9436,115.229,201.8119,34.4353,98.3865,262.0801,51.0022,111.4637,183.6636,231.9717,77.4153,247.5934,91.8359,30.3023,348.6249,60.453,251.1479,140.6742,209.4031,239.1659,304.7873,129.2901,232.6091,35.9737,39.2858,153.8394,75.3723,90.0985,94.9414,196.9412,175.5001,109.8902,45.7694,277.9551,59.734,128.4443,117.8564,46.1022,192.4033,121.8151,67.488,117.0478,162.5359,94.6505,37.6381
36.1426,510.6476,56.3456,100.8679,233.4427,214.1979,115.6608,199.1006,34.638,97.0425,268.7487,50.6115,111.0079,185.0494,233.8908,76.3426,248.74,90.9111,30.1731,346.8155,60.5892,254.2163,140.2547,216.1522,243.9564,314.8576,129.2512,228.6709,35.2412,39.5517,154.0331,76.6201,92.2769,93.126,195.7597,179.4828,109.6453,46.1268,279.6565,58.7133,127.7473,118.9032,47.4852,194.57,122.3689,66.1308,116.4138,170.2823,91.7041,37.0817
36.4225,516.3917,57.1374,101.6059,233.9494,215.6606,117.0134,200.9321,34.8232,96.1006,270.3343,50.5116,110.5491,186.3692,234.2276,75.2897,249.0598,90.8298,30.4578,344.6793,61.3669,257.3891,140.9264,219.8791,243.8296,317.8049,130.6728,231.8133,35.3654,40.3171,155.3381,75.079,89.8667,93.352,195.9067,181.9564,110.2502,45.5531,281.5652,59.3079,130.1745,121.0172,48.2092,189.3456,121.5474,66.716,117.4813,174.335,92.1044,37.3661
36.1537,513.7312,56.2194,100.9092,236.823,214.3903,113.896,199.0834,34.31,95.4415,257.6902,49.6635,109.1972,189.7145,231.5703,74.91,248.7164,91.7782,30.1794,342.7657,60.5714,252.5221,139.0366,220.3491,240.8192,306.6677,132.3421,230.2533,35.4249,40.0752,152.6779,77.0243,88.0918,92.7508,191.692,180.3012,108.8912,45.2224,281.0639,58.4624,127.1164,119.3824,47.4289,184.7143,119.1256,65.7733,115.966,171.6043,91.3754,36.9773
35.4842,511.5272,57.8043,102.3577,241.9679,218.5111,116.4711,202.3625,34.7941,96.3984,259.5409,50.7945,111.1542,191.7235,233.4798,75.7454,252.182,93.5418,30.9475,346.4807,61.3182,256.5996,143.9517,223.8967,247.6793,306.6872,134.2255,232.5282,35.7495,40.938,154.759,76.0149,90.2405,95.1458,190.7002,181.0375,108.8539,45.659,277.3166,59.9643,126.7051,122.8984,47.4814,191.5047,121.3771,66.5021,118.156,173.0148,91.0871,37.9991
35.9086,517.6033,58.4534,106.2874,244.3742,221.2376,116.4847,204.4712,35.4451,99.215,259.6973,51.7995,111.8953,191.6264,236.8947,76.3403,256.6227,94.4496,31.5611,346.0857,62.6739,259.8566,146.0279,227.8904,253.1963,305.8698,136.2498,237.1703,36.5076,40.6616,154.4935,77.0305,92.3306,97.1298,199.4255,182.3797,110.4521,46.5443,279.6318,60.9189,127.0549,123.3584,48.5162,196.555,125.3926,66.5868,120.7914,175.6846,91.9308,38.3449
35.9105,511.3166,57.7677,106.9157,245.3675,222.5914,113.3412,204.752,34.2057,97.3076,250.4347,52.3858,110.667,191.9199,235.6933,75.3932,255.0529,94.2163,31.954,347.98,61.3373,259.3615,146.5044,226.443,252.1267,298.6931,136.8093,237.7377,36.401,40.4889,149.908,78.1468,88.3897,98.5073,197.21,180.9285,109.4301,46.8965,274.3699,60.6846,126.2089,121.1745,49.0433,194.8052,123.1294,68.1,119.5973,174.1156,93.0222,38.902
36.1455,517.1017,59.2501,107.5051,257.3744,226.5439,116.1815,208.6642,34.2324,97.6224,252.1025,54.6222,111.7176,196.7692,239.2347,73.8408,254.887,95.1269,32.4712,352.7275,61.9066,260.6537,148.7272,229.4373,252.465,297.7903,138.364,238.9929,36.1105,40.801,153.4951,79.7029,91.7372,98.6871,196.2824,185.0923,109.2866,47.7475,275.7964,60.8778,127.0445,124.2197,50.275,198.1438,123.4832,67.7193,121.5341,176.4227,91.9211,38.9567
36.2689,510.8634,59.5105,113.4205,254.0877,227.2242,113.7639,206.0474,34.923,98.0796,251.6692,54.987,113.2719,194.8829,242.7252,74.4676,259.3049,95.1446,32.6993,351.9918,61.5386,260.7831,151.2123,230.3282,255.0046,299.754,139.9485,243.714,36.5717,41.6516,150.4515,80.5785,93.8224,98.1173,195.8498,186.5006,110.5707,48.1409,272.2982,61.815,127.9327,124.1925,50.7932,203.2019,123.5273,67.5786,122.0916,179.1662,92.7126,39.076
36.2547,514.3661,58.1351,113.692,255.458,227.8645,116.4004,207.3488,34.6702,98.6804,247.8598,54.5935,110.3248,197.2398,243.7249,73.9154,261.5536,95.393,33.0449,355.9578,61.0069,260.8337,152.0597,231.4691,258.5592,298.9073,141.18,243.8442,37.0742,43.2204,153.097,82.3529,95.8147,100.0523,198.696,185.9271,107.2789,48.7734,276.5891,62.1786,130.4009,123.1507,50.9411,203.0999,125.4114,67.2535,123.92,180.3445,94.4292,39.6013
36.7124,509.9387,58.1701,112.1055,252.6558,228.2042,113.9043,205.503,35.3073,99.6869,247.7526,55.2706,111.5498,199.4992,246.331,73.6214,263.3338,95.0806,33.8532,347.4821,60.9275,259.1246,151.195,229.7474,258.2266,297.3985,142.5733,242.1676,37.5464,42.6517,148.8275,82.4348,95.8249,101.0752,202.2651,186.3831,105.9167,48.4657,270.3055,62.5496,130.5161,123.3134,50.5379,204.5439,126.8688,66.6535,118.7968,180.554,94.7357,39.434
36.4605,516.9877,58.6586,112.2157,253.7239,228.2501,116.8529,205.8892,34.9095,98.2463,249.4831,54.7916,111.0912,199.0404,245.9473,71.4794,261.5357,93.0258,33.9658,347.7942,59.7709,258.7673,149.9934,226.8989,252.3963,298.5613,142.673,242.362,37.2988,42.4857,151.4653,82.0566,92.487,101.2924,200.0236,185.9415,106.2178,47.9245,273.4296,62.9353,128.6657,124.7261,50.6942,202.6282,126.5326,66.4772,118.83,182.012,94.9587,39.6323
37.7335,521.6439,60.4722,112.8336,260.468,233.2405,119.0628,207.0306,35.22,100.222,245.5426,56.1452,110.6995,203.1332,246.2415,71.0633,266.8528,96.1736,34.3743,357.7021,59.7781,258.2103,152.2803,223.5183,256.4704,297.3087,145.903,245.1625,37.8333,43.1097,154.187,81.9365,94.2108,104.2518,207.2939,185.0179,104.8079,49.9691,277.0093,62.8044,128.4965,124.4562,47.6798,201.0637,121.0892,67.7372,118.7824,181.8127,97.9541,40.7967
36.9304,514.2836,59.5653,110.8646,259.2531,226.2267,115.9622,202.935,33.9376,98.4795,242.1697,54.4919,109.3809,198.8945,237.5977,69.0768,260.9485,93.096,33.7978,348.1179,58.693,256.1602,147.7917,218.3757,252.9771,290.9781,141.2271,236.9743,36.9821,41.924,153.0413,79.1972,90.1959,102.5772,206.7446,177.8611,101.9571,48.0794,274.8755,62.5865,124.7267,121.1586,45.9946,194.9399,117.3212,66.1305,113.8796,173.456,95.0296,39.751
36.6658,504.9088,59.5911,111.6547,263.142,225.3984,117.2415,202.4823,33.9258,99.7139,241.4949,54.4786,110.8614,197.4116,243.0806,70.2006,264.5786,93.4189,33.5675,347.3628,59.4131,257.3579,151.1882,219.604,253.7469,291.1735,142.5374,237.7348,37.5866,41.7348,153.7526,79.0311,89.879,103.9327,207.427,175.4423,104.8645,48.9134,272.103,63.0931,125.25,122.3201,46.5036,200.4714,118.2434,66.326,115.6849,175.5397,97.2914,39.6998
37.7846,490.3326,58.4508,111.8431,262.3983,224.3416,116.0954,205.4237,34.0636,98.8092,242.1555,53.7454,112.1409,195.9821,241.0427,69.1572,265.28,93.4295,33.5592,347.5753,59.3142,260.8366,149.168,215.1018,250.9388,286.054,143.0429,237.6736,37.5091,41.1669,151.5609,78.9457,89.8286,103.9947,207.8044,178.6001,103.76,49.3347,265.6435,61.7151,125.1685,121.8681,46.2277,196.5553,116.6846,65.2331,115.5993,175.7713,95.8776,40.0682
38.2663,499.2144,59.9988,114.9559,271.7007,230.2708,122.3149,209.9605,34.7626,100.8536,244.3536,55.2078,113.7856,203.6307,246.9919,70.3505,268.9797,95.6909,34.8218,356.9528,59.4159,264.1909,153.7155,218.913,254.1474,290.1155,147.3558,238.2336,39.0549,42.469,160.5594,79.5267,92.6596,104.1818,209.8037,177.983,102.3548,50.8651,273.3853,63.5353,127.1813,126.86,49.9874,202.7682,119.5207,68.5066,120.5077,182.155,98.8271,40.2306
38.2222,520.1326,60.885,117.2992,270.7037,236.4432,124.7616,213.1837,35.3041,101.9221,244.5916,55.1114,114.6105,206.0248,252.0203,71.0758,271.9957,95.6333,35.1952,361.5954,59.9575,270.6681,156.5926,223.7189,260.0408,292.6717,148.9297,244.5473,40.0446,43.2841,163.8749,79.4378,92.9491,110.1217,213.5518,180.2806,103.3358,51.9835,279.1424,64.155,131.91,128.5972,50.6718,207.6096,123.8626,69.2905,124.25,187.8555,100.1672,41.5544
37.9292,525.4391,61.0996,117.9837,279.3925,235.9228,123.1146,214.7531,35.6546,101.3235,243.8505,54.8181,116.3161,205.7395,252.8072,72.364,271.2366,96.0167,35.4021,358.6474,60.4657,268.0845,156.929,226.9237,266.2918,294.1079,149.7891,243.6667,40.1208,44.0918,160.1967,79.2616,91.5642,110.1843,214.3019,177.4296,102.6104,51.3678,283.5146,64.2608,128.9784,129.8063,51.3186,211.4407,121.975,69.4944,125.3915,188.1394,100.7676,41.2035
38.0007,526.2166,63.1694,118.0096,271.1334,235.8448,124.7106,215.8695,35.3729,100.5973,263.9918,54.5705,115.9653,202.8393,251.0886,72.54,273.8635,97.4805,35.9415,358.2877,60.5697,269.0454,158.7245,233.1897,261.4961,315.9755,149.5563,243.2257,39.4684,42.8105,161.3109,77.7806,88.7388,109.669,218.9123,178.7617,99.2268,52.1619,277.8434,63.7015,136.6457,125.634,51.3799,210.8952,121.918,70.0921,124.6375,187.5188,98.1198,41.1635
38.0916,520.2858,61.9494,115.2847,273.0429,234.0419,125.7389,212.8543,34.0398,100.0997,261.3979,54.0749,114.3141,204.1039,247.8381,72.8259,265.8527,98.3207,35.5334,347.2515,61.1116,265.5015,156.5789,233.6396,253.8142,313.5744,149.6241,241.0782,38.7399,43.4087,163.4628,78.0751,88.5261,107.703,215.6763,176.6822,99.3118,51.3776,277.4462,64.2314,132.9665,125.322,51.8825,210.9777,120.6908,70.2178,123.7738,186.7731,96.3422,40.8498
37.3456,519.4055,61.2817,113.1521,268.7658,230.0353,123.2119,213.2126,33.7329,97.7374,265.7344,53.6365,113.3901,201.8386,241.1877,71.5314,263.0348,94.1406,35.1024,339.3718,60.327,257.8293,154.6689,233.1975,248.6772,315.4096,148.3097,233.8201,37.7074,42.4271,159.2872,78.0591,89.1478,108.7856,214.5553,177.794,98.3981,50.8452,276.5073,62.2565,130.4137,123.7514,51.8406,204.5696,116.5922,68.5833,125.1376,184.9791,93.5798,41.5619
37.5839,522.09,61.4231,112.5107,278.2617,229.9361,125.3936,215.5997,33.6975,97.823,264.9644,53.6709,111.141,200.1051,240.8554,71.0309,265.7048,91.4274,34.7671,342.9865,61.2832,254.3658,153.5729,233.4359,249.1097,316.2316,147.6609,238.561,37.9103,42.3574,163.6546,76.0277,87.2727,109.5519,218.5857,174.478,100.3785,51.9462,275.8823,62.3853,133.2784,124.1683,51.387,200.7905,116.6274,69.4386,125.1406,184.4797,94.2009,41.7571
37.0994,519.9075,61.6869,111.313,277.7638,229.6776,123.6772,217.8376,33.8188,94.8955,265.6822,54.7002,110.578,199.5097,240.7612,70.7304,268.5713,88.8258,35.1648,343.0886,60.9203,252.8961,153.5584,237.8754,253.0205,315.6925,147.4522,238.0333,37.8272,43.3169,163.633,77.3471,87.3623,107.9898,216.1374,174.0674,101.4904,51.3537,276.6075,62.7114,132.8799,124.2749,52.0132,202.2021,117.6031,68.4221,120.6657,184.8514,93.882,41.7179
37.2036,526.3173,61.9152,108.73,281.0958,226.757,122.4818,217.5951,34.127,96.2143,252.398,53.6164,109.149,198.6621,238.3981,71.5779,263.4178,86.6378,34.7444,340.6501,61.8455,249.1728,151.0451,236.695,255.9293,300.7359,145.7786,237.7552,37.563,42.0805,161.7691,77.0721,88.1578,105.729,214.5861,172.0983,102.8021,51.0808,279.7714,62.1022,131.2273,123.7846,51.4534,200.5392,115.6618,67.6836,122.3366,179.387,93.8802,41.1498
37.2314,532.1988,61.3573,108.0279,278.8215,225.2761,123.744,216.8778,34.3033,95.1757,242.8767,53.1685,108.5541,198.7249,236.3209,71.0008,259.0224,85.5354,34.2237,336.7805,61.7827,248.0932,149.3443,234.8282,250.4272,293.8325,144.8579,236.32,37.1654,41.1426,162.3071,77.308,85.843,106.7172,214.0683,168.5177,103.3322,48.964,284.5054,61.7183,129.6614,123.8008,50.2009,200.2612,114.7086,67.4796,121.087,179.9703,92.3904,41.182
37.2348,541.9939,63.2953,106.9291,279.1725,225.0241,124.9715,215.8134,33.7294,94.1912,243.7996,52.8957,107.3667,200.0343,236.9682,71.8196,258.9005,86.1234,34.3361,335.0837,62.9392,247.4295,150.6859,235.603,252.3447,290.3561,146.2238,238.0546,37.1849,41.897,164.3966,78.5349,86.8708,105.7609,215.3362,164.9978,102.964,49.4209,286.7051,62.2649,128.647,125.3655,50.0583,198.9715,112.3436,67.5162,120.4605,184.8663,91.2515,40.7357
36.7082,552.5875,62.3006,103.807,280.2529,221.3352,125.3324,213.8206,32.8871,94.227,240.9279,51.8742,105.8828,200.5315,232.1128,74.067,254.751,84.3363,34.5892,331.839,61.1489,248.2186,148.1756,232.4299,253.285,286.3094,145.4246,235.3539,36.4529,41.2161,161.0144,77.0346,86.5048,103.0772,211.3332,164.0474,102.1021,49.832,289.3904,63.9273,128.0513,120.9748,48.6594,198.8543,110.0876,65.9601,119.2729,178.9092,89.1672,39.6965
36.2683,556.1868,62.9628,104.5818,283.6117,220.5398,124.178,214.2075,32.8259,93.1415,234.4914,51.4115,108.465,201.4021,232.4846,74.1705,249.5927,84.4287,35.0743,329.0422,62.1333,255.9048,148.8565,230.5202,248.3342,280.5431,145.3162,233.5301,36.0739,41.0265,162.5892,76.4843,85.851,102.2099,213.266,163.4641,100.9281,50.0628,291.664,63.0362,128.4057,122.8509,49.2106,202.7466,109.948,64.8081,119.1162,181.4744,88.9894,39.627
36.557,530.4637,64.637,109.9179,286.3859,222.7501,123.8358,215.8837,33.2558,93.4654,232.5102,52.7446,109.277,200.5503,235.5436,72.9332,249.6673,83.8113,35.6148,333.6872,62.3643,254.0613,150.6128,225.2153,245.0294,280.6863,145.5437,236.5525,35.7606,41.4925,161.8127,75.3276,83.2881,104.2362,213.8113,165.8588,102.0703,49.2766,274.3544,63.0194,130.7254,121.7662,49.1602,206.373,108.2044,64.5673,119.8256,183.2241,88.0293,40.5782
36.7178,533.0162,64.3632,110.1194,290.1236,222.5125,129.2139,217.5577,33.2545,94.1172,236.3532,52.1694,110.1519,202.4696,234.281,74.9358,249.093,83.5348,35.4217,341.1355,63.6427,259.2928,153.8241,222.4834,247.1929,286.0122,147.1136,235.5295,35.902,41.6499,169.0189,75.4455,84.4633,103.7147,215.6448,164.6839,103.7871,50.475,275.2727,63.3702,130.2325,124.3735,49.5146,208.151,110.3472,64.5926,122.2121,184.143,87.5081,40.3475
36.4227,531.0452,64.1508,110.1489,287.5203,219.6295,134.4964,219.6349,33.2259,93.2577,240.0791,51.4283,110.5596,201.8023,238.4871,75.5123,246.4098,82.7162,35.103,340.7177,63.2227,261.0473,154.2574,226.9458,246.9468,288.2283,146.3289,234.5166,36.067,42.7207,173.8083,71.7119,84.6475,102.0304,221.2664,162.4756,101.377,51.4572,275.0781,63.4546,128.8406,128.1284,48.1433,210.7988,109.7971,61.9467,122.3317,185.5583,88.012,40.2669
36.5039,530.571,64.4976,110.2217,291.7603,221.7881,134.2611,220.3054,29.6794,93.2745,243.6453,51.5019,108.978,203.4282,238.9229,75.9141,247.325,82.5586,35.4561,341.7726,63.543,257.5713,152.5441,221.1761,244.8972,294.1735,145.7345,234.5613,36.3633,43.3773,173.0502,70.9582,86.0685,101.6918,223.5903,164.3024,101.2357,51.1474,274.5043,64.6273,127.4329,127.8399,47.548,211.6509,110.8904,61.9242,120.3788,187.6904,87.918,39.8191
36.3554,522.0344,64.8686,109.1795,296.9568,224.2579,133.6421,219.0519,30.5457,94.6032,244.2295,52.3977,108.2143,205.5984,240.3011,74.6763,250.7002,83.4964,35.3337,342.2141,63.4873,258.1725,155.5576,221.092,246.9099,297.3452,146.2232,233.7688,35.9203,43.0284,170.3644,72.542,86.5802,102.9305,228.3024,164.303,99.5495,50.7445,270.1359,64.7138,127.1194,128.7499,47.5707,209.1164,109.7475,61.8111,120.4351,186.2564,87.4969,39.9482
36.6677,513.1312,64.6839,107.9942,295.2292,224.277,133.5775,216.7966,30.6496,94.1082,242.3109,52.7962,108.5028,206.9935,238.9268,77.905,253.119,84.6053,35.3425,342.5934,63.7169,260.2098,153.9602,221.3151,246.7739,297.1092,146.7883,235.6376,35.8819,43.6117,170.6976,72.3875,86.6585,102.6066,228.709,159.4919,99.6196,51.3523,262.1535,64.3283,124.8765,127.4943,46.4547,213.1402,109.1107,61.5575,119.7744,186.8152,86.937,39.767
37.0707,512.8085,65.2795,110.0656,297.0993,225.7006,136.0917,217.0891,31.9981,93.4913,242.2676,53.2745,109.1091,207.3139,244.4231,78.1253,253.6404,83.6989,35.5556,340.5304,62.4385,268.6207,152.5745,220.0445,247.7289,292.7962,148.3298,235.0025,36.9488,44.3322,171.5191,70.8128,88.7971,102.0017,229.354,157.1994,97.985,52.8371,260.5415,65.5752,125.5821,131.448,46.276,211.2921,110.7,61.6151,120.8675,185.4228,88.7815,40.0134
37.628,502.3589,65.0528,109.6837,292.1706,226.2853,135.4022,217.7251,32.7722,93.2667,241.7309,52.1636,105.9424,204.9485,244.8038,77.0995,253.367,83.4795,34.8569,341.0385,61.7078,265.6123,152.2916,220.2592,252.5219,286.1273,146.9694,236.7478,36.8216,43.5605,173.0372,71.0776,87.3438,100.2731,231.2588,156.08,96.4583,52.8238,250.715,65.0927,128.4679,128.131,45.2184,210.9928,109.0803,60.6661,120.813,182.8625,87.9787,39.5724
37.0835,511.5017,66.0948,110.4709,289.4251,225.1613,133.4363,215.6118,32.6761,93.141,243.0116,52.0593,105.2725,206.7014,242.7893,77.0495,253.1659,87.4649,34.8854,343.7935,62.1148,261.6497,151.2552,221.0795,256.9735,286.5238,149.2089,236.6214,37.6246,43.8205,171.8346,70.3232,86.6794,102.3747,231.8109,160.6877,94.0658,53.455,257.4707,64.4926,130.634,128.9904,45.1178,213.6718,108.7666,61.2467,120.4514,185.3265,88.9654,40.5469
37.3272,513.0089,66.2389,110.8974,290.9037,230.7212,136.0015,220.2173,32.3783,93.2459,241.4919,51.7605,106.6889,208.2533,242.6706,78.2123,257.9392,89.8493,35.3228,350.2148,62.5486,260.5585,151.8189,221.9441,265.4938,282.8767,150.3567,236.7399,37.8622,43.7566,176.6442,71.093,85.794,103.8414,235.6003,159.261,93.0412,53.5274,259.1337,64.096,128.5248,128.403,47.0921,212.3254,110.1322,60.5508,122.2129,184.172,89.4168,41.2517
37.2749,516.1252,65.5604,110.7098,286.1617,230.9743,137.0306,221.1854,32.4929,93.3678,238.957,51.5484,105.2663,207.5388,241.8636,75.7887,259.4277,90.514,34.5517,352.6726,62.5215,257.6573,148.7172,218.2165,273.7401,281.1071,149.4233,233.0402,37.5942,43.4688,177.7799,72.1064,82.5047,102.036,238.5747,157.9839,92.9413,52.4629,258.1253,63.4125,128.3303,124.765,46.984,213.1317,107.4079,59.7263,119.9079,182.168,89.5149,40.7144
37.31,520.3953,67.5617,110.8142,292.8374,236.3677,138.6936,221.8195,32.3648,94.2967,233.0272,51.0155,107.6705,207.351,239.6779,75.3871,252.6181,91.6904,34.3553,345.4118,62.1554,261.2713,149.2253,214.6228,271.7776,271.6601,150.8789,232.1524,37.9156,43.0374,180.2904,71.126,83.7783,103.0601,234.4127,154.8696,94.0411,53.1454,256.0134,63.348,127.6653,127.8949,46.7752,214.5579,108.8899,59.5408,119.572,173.7834,90.3277,40.6055
37.5305,521.621,66.8258,111.2762,288.8504,235.076,140.5003,222.0277,32.8374,95.8318,234.9806,51.0548,105.8031,206.5544,237.8695,74.932,248.9931,90.7132,35.0144,340.1498,61.7972,257.7923,148.6467,214.9092,271.1387,275.7805,150.697,230.6371,38.0806,42.6093,180.361,69.8197,82.5817,103.7715,231.0451,155.8255,93.0351,52.4574,251.7661,64.2891,124.7548,127.6493,46.7025,210.6167,108.3895,58.103,119.7025,174.0942,89.9336,40.2793
37.446,512.7148,66.4893,112.2258,296.1889,237.7309,140.7537,218.5611,32.1918,95.6297,232.6068,50.0556,103.6681,205.8553,236.8876,75.2987,245.6342,90.7735,34.7186,339.4558,61.8391,258.0588,147.9989,218.6118,266.969,274.6871,148.9252,228.3337,37.7366,42.7672,177.4173,69.5612,81.6841,106.9628,228.8705,153.6178,92.3206,51.9233,245.6435,64.3085,127.5698,126.1399,47.9737,212.3273,105.513,58.1847,119.7421,174.2604,89.5953,40.9635
37.9179,513.3367,65.6387,111.6996,287.0128,236.9493,139.8134,221.4868,31.2301,95.7163,239.2715,49.5421,102.3918,203.1223,236.4049,73.5434,251.3383,90.2579,34.6837,340.9752,61.1536,257.4221,147.7694,223.2941,277.9594,279.6072,147.1708,230.7228,37.3095,42.9937,175.8836,68.3696,84.9284,107.4797,230.963,155.7354,90.6947,51.7824,249.8343,64.4018,126.6268,128.1598,47.0837,216.4252,105.5271,58.341,119.8909,177.2466,87.1385,41.2248
38.1291,518.716,64.5724,112.0551,292.9365,235.1942,138.8571,224.0005,30.5069,94.5901,238.2833,50.0335,100.5562,207.5317,237.615,72.0264,252.5574,91.5236,34.705,340.8071,61.2539,255.0018,146.3588,229.0291,286.1819,284.7749,149.4541,231.2818,37.1785,43.3771,173.5689,69.3756,84.8074,107.4971,234.3605,153.4494,92.18,50.7847,253.1365,64.3988,124.9372,131.5431,48.027,213.1544,104.5464,58.5234,119.506,177.2838,86.8717,41.3692
38.3778,523.7793,62.6978,111.6533,292.8173,234.8315,137.3997,220.9395,31.247,93.0989,241.8628,49.3784,101.354,205.9277,240.1519,72.3018,249.8728,91.8793,34.8734,338.373,61.6653,254.1047,145.8992,230.5153,283.6292,288.4912,149.6023,233.43,36.475,43.5572,170.9316,68.5482,84.2954,107.594,236.2786,155.3308,91.2669,50.207,253.6973,63.5915,123.532,132.723,46.7608,214.665,103.3178,59.095,118.8795,178.9103,86.2013,41.5724
38.9254,523.8444,66.9905,115.0621,302.2485,236.8914,138.8363,224.3088,32.0078,92.427,243.4898,50.0203,103.8944,207.359,241.483,74.438,255.6709,94.0979,35.3911,335.4572,61.8069,257.2308,149.2443,230.231,280.2757,286.9102,149.3257,233.4402,36.2346,43.9217,172.3821,64.7031,85.8979,107.0716,237.2203,153.1637,91.6603,50.0305,251.323,63.8449,130.0902,134.968,45.3067,218.3625,103.2899,60.4597,122.1088,180.8447,86.6473,42.1088
37.9377,524.4678,64.917,113.8664,293.3142,240.1838,135.1903,223.5579,31.8998,92.1306,237.9819,49.4172,103.623,206.9005,238.5394,73.61,252.2546,94.3339,35.4416,336.2254,61.4294,256.0166,146.5493,225.6786,267.5042,275.6304,147.9134,228.3664,36.7972,42.4387,166.2559,61.1606,83.8972,105.227,237.6326,150.9787,93.3268,49.9716,252.8693,62.7392,126.6903,131.437,44.6471,220.8863,102.4751,61.3034,120.5499,177.7502,87.6705,41.6135
38.4161,523.9019,64.6052,113.8492,290.6923,240.1502,138.5632,223.227,33.1528,90.6687,236.6223,49.2699,102.2032,206.6708,239.2722,72.5166,249.435,94.0054,34.4546,337.443,61.9131,253.832,146.5234,225.3876,264.0926,279.763,148.0249,229.299,37.0561,42.0691,169.863,61.9784,82.0198,103.9682,236.8646,147.9816,90.9108,50.9867,254.8682,62.9116,128.9556,131.951,44.1803,221.0154,103.6092,61.391,120.7812,177.8398,89.7477,40.6565
38.5832,530.6333,63.863,115.4666,297.8915,241.3538,140.3715,224.457,33.9796,91.3352,240.2066,50.3337,104.385,208.924,240.4464,72.8151,253.9481,96.9014,35.1379,335.1711,61.6547,254.5754,147.1748,224.8358,265.2956,286.0593,150.1393,230.0759,37.7599,43.1166,169.3969,62.1347,80.5388,104.3914,236.3852,146.5328,91.2406,51.5621,256.7345,63.7414,130.4405,131.4091,44.846,223.7911,104.788,62.0506,122.2197,179.0449,91.312,40.4132
38.5167,514.0537,62.399,114.3383,291.53,239.2901,141.1797,220.8793,33.991,90.3001,242.7204,49.4074,103.9831,204.0134,237.3735,72.5283,250.0364,95.4098,34.735,332.6112,60.6957,254.5381,146.8911,221.1052,259.4965,283.4219,148.2907,230.5528,37.1694,41.6502,167.9177,62.2757,78.9765,103.297,235.5246,148.1362,92.7078,52.1225,250.4032,62.8255,129.6907,129.0597,43.808,227.0683,103.8004,61.1905,121.2363,175.4871,90.2263,40.6187
38.2824,502.5284,61.1915,112.7224,286.9717,234.868,140.1864,219.7669,33.6374,88.8577,221.4351,49.2151,103.6746,201.2449,232.2075,72.2526,243.6268,94.8896,33.9758,325.9928,60.789,255.6739,145.4251,216.1639,252.5717,259.4871,146.1461,224.6714,36.6619,41.6016,167.5138,59.3003,78.1337,102.3574,229.9562,149.2691,94.0331,50.4315,246.7466,61.6436,126.6283,123.5989,43.6412,220.9014,102.7203,60.9337,120.2878,172.183,88.9408,39.8062
38.4445,507.4897,62.5842,114.9848,281.721,237.2053,141.0476,218.0494,34.7735,90.0145,224.657,49.1104,104.2351,206.5201,232.5125,72.7445,247.653,94.8398,33.9713,327.8721,61.2514,261.0149,147.7675,214.0489,256.0617,256.518,147.7504,229.1993,36.6529,41.6451,167.5758,57.9333,77.2065,102.5208,229.425,149.4685,95.124,49.9109,246.6452,61.7973,132.6401,127.1525,43.1554,231.0043,101.0704,61.1696,123.6026,174.5544,88.7161,39.7277
38.1869,512.7311,62.3182,115.5402,279.6426,236.6839,142.2729,216.1103,34.4287,89.4377,224.3713,49.5237,103.0542,202.0846,230.4031,72.2751,249.5312,93.8449,34.0449,324.6086,60.136,263.684,144.0911,213.8675,257.8768,254.7589,143.4771,223.4549,36.3858,41.294,169.9986,57.8683,75.0215,101.3497,225.6567,149.9041,95.0322,51.1771,247.0887,61.98,129.5197,124.7193,41.8623,226.7047,99.9426,60.6427,122.6708,173.7972,87.2592,38.9531
37.8566,506.5809,61.093,113.1585,276.1624,233.9067,141.3565,223.5073,33.5627,88.459,222.043,49.2838,101.4905,199.8494,226.6994,71.4738,241.9438,93.7829,33.182,332.9944,59.3686,255.4137,142.9868,213.3698,252.995,251.9028,142.3896,223.2476,35.7957,41.9008,168.8184,55.324,72.9471,101.2513,221.8678,149.6402,91.296,50.1281,246.8344,60.3735,129.2446,124.5594,42.2483,224.4992,101.2259,60.263,122.4261,172.476,85.8811,39.2791
38.3951,507.8424,63.1006,114.1226,282.68,240.9529,143.4621,225.4033,32.9368,90.1884,222.4096,50.361,102.0017,201.7457,230.2816,72.5051,248.0685,95.4117,34.0089,330.0081,59.8346,260.0979,145.8913,219.472,257.7602,248.1914,144.5564,229.8057,35.3957,42.0278,171.6767,55.82,76.8462,102.5362,222.2759,152.684,90.742,53.3872,245.4273,60.789,131.8103,128.1095,42.8018,230.8653,103.4589,61.996,125.2906,178.6702,84.9807,39.931
38.5921,510.3113,63.6512,114.5845,285.8045,241.3085,148.6633,231.9097,32.9684,91.3548,227.4914,50.841,103.6546,203.0112,230.7083,72.03,250.171,98.2682,34.5588,328.9826,59.9067,260.6123,147.2554,217.5478,259.8097,255.0107,145.444,234.8596,35.9733,42.6283,177.925,57.0013,78.257,102.9863,225.4697,154.6473,90.7102,55.0358,247.8813,61.7573,132.1146,127.7044,43.2088,235.8832,104.5994,62.0928,124.8934,183.0728,85.9668,40.2564
38.9267,527.7702,64.4578,116.7914,283.5484,245.242,146.1121,226.0522,33.4586,91.776,224.4907,52.1816,104.98,201.157,233.819,71.9602,252.7887,97.4926,35.1527,330.2453,60.2456,262.1553,149.535,218.8722,263.6799,253.8484,146.6544,236.6728,37.1854,42.6438,174.7099,56.1257,78.6374,102.9817,227.7763,153.3838,91.0878,58.0565,253.313,62.7443,134.1399,125.5427,43.673,238.5621,107.1867,63.6945,125.5103,183.0061,87.5823,40.8091
38.8272,537.5481,67.2205,118.0305,282.4826,243.4457,142.1815,226.1202,33.6182,92.7232,217.6308,52.404,105.6647,201.9954,232.4329,69.5573,252.036,99.1354,35.6257,324.7526,60.4796,260.2679,147.3371,214.763,266.9977,249.541,147.0704,234.0088,37.2316,42.0627,169.5594,55.485,80.4206,102.803,227.0551,154.9498,90.6815,57.4682,258.567,62.5534,130.6187,125.8171,43.1503,239.562,107.3519,63.0687,125.1762,183.4015,88.832,40.705
38.8328,543.8607,66.5371,117.8919,273.8366,245.5873,140.7695,229.0566,33.5775,92.05,218.0895,53.8242,104.2483,200.8802,234.6867,68.7583,250.5419,100.3252,35.2644,326.8042,60.0914,259.0159,147.9763,217.2243,266.3094,253.3942,147.0591,231.7176,37.1631,42.1114,166.8303,57.3059,82.116,106.0653,225.8712,157.8476,90.1423,56.6794,260.3225,61.3682,132.0407,127.223,43.2116,240.5408,104.9557,63.2535,124.867,189.8447,89.1423,41.5512
39.128,547.8145,66.4553,117.1911,273.2208,246.1614,141.1914,226.7934,33.6175,91.1984,221.3049,53.343,103.5032,212.8057,236.0114,67.8815,248.5854,101.2478,35.4425,326.9834,60.1432,253.0911,152.7922,219.7325,258.6837,257.3072,148.5511,236.5742,37.198,41.8531,167.5351,57.1473,82.477,104.0333,223.5375,156.0991,89.1502,56.5231,260.464,60.9566,133.1558,128.3716,44.1959,238.8117,103.7571,63.8105,123.7563,192.3262,89.8719,41.3315
39.5785,536.6493,66.4033,122.8032,272.0375,248.6444,141.8728,230.8216,34.6468,96.8927,222.7648,56.5767,105.0616,214.6722,240.2538,67.3644,248.9553,101.7528,37.279,330.5665,60.7715,256.2332,154.4271,220.0977,262.2184,265.1463,148.7788,235.869,39.6877,41.8345,168.2023,57.5085,83.5725,105.8945,224.7437,156.0945,89.8353,58.6186,254.9072,63.8646,135.4654,131.3487,44.1901,248.7293,110.1521,64.2201,123.7917,191.6939,95.6711,42.1797
39.2607,529.7257,65.9508,121.1094,272.6072,248.0834,142.3564,225.8956,34.6698,96.5111,232.2393,55.2758,106.5824,209.7781,239.6188,67.6199,247.5103,99.8214,37.2064,325.6729,60.7436,259.6555,155.7699,222.4324,257.6383,275.0945,147.169,231.989,38.8683,42.2532,168.4267,58.0702,82.9051,105.8223,223.761,156.9378,90.9995,58.6507,252.8344,63.1386,135.8868,130.1404,43.7627,251.8845,112.5503,64.6017,123.4572,192.0574,94.0792,42.621
39.4923,538.6931,65.4111,122.2587,271.2317,251.6487,140.0305,228.8795,34.6384,96.9629,231.0342,55.2557,106.9595,210.6441,239.0887,68.3347,248.2929,102.2913,37.087,326.8618,60.9264,259.9577,153.8132,226.0996,256.9253,276.6234,147.7134,231.0307,39.1042,42.3945,166.5548,55.3033,81.8922,106.4937,222.7431,154.042,89.9661,58.34,257.5916,63.1512,134.9913,130.1396,43.5064,242.0318,113.9458,64.1814,125.7325,191.2473,95.3946,42.6769
39.933,531.1086,65.2353,120.8789,270.5517,253.4615,139.8868,226.0141,34.798,96.8392,229.4815,55.3063,106.4202,212.3849,237.8377,69.1127,252.2087,102.1041,38.4726,323.3364,62.0267,259.5307,152.9011,224.214,256.7721,274.7357,147.1125,230.8147,38.9427,42.0843,165.9635,57.1059,82.3135,106.3025,224.4657,153.0965,89.6423,61.035,252.6028,62.9286,135.9104,129.505,44.6013,242.4955,112.485,64.8657,127.0835,188.9964,94.2207,42.1824
39.6651,530.7973,63.2146,117.3147,270.4719,251.9518,139.3412,225.6136,34.0983,95.5233,229.021,54.8811,105.6092,211.4702,238.8445,68.0822,247.8403,103.5502,38.4376,320.6298,61.9219,259.5113,151.7636,217.7432,254.1242,281.3948,146.2662,229.2886,37.8536,43.5453,164.9149,55.7395,80.5529,105.3688,225.0723,150.8496,89.9971,59.0344,253.3941,60.0797,135.2701,127.8495,44.2425,238.1743,110.8448,64.2583,126.7789,185.6249,90.827,41.9266
39.8245,535.6524,63.466,117.1932,274.2584,254.5774,138.3495,223.1582,33.8251,96.0052,230.0987,54.0464,105.1581,212.2923,236.4847,68.14,245.3013,104.777,38.2963,318.2287,61.9278,257.8604,151.4025,219.1177,253.0057,279.7801,147.3202,225.1866,37.5216,43.265,164.4851,54.7859,80.6715,104.0968,223.836,154.0079,88.8219,60.4196,254.7592,59.4451,135.9058,129.2245,43.7897,233.8078,109.2617,62.5046,126.3551,186.4025,89.9033,41.5546
39.9828,517.7915,63.219,118.2808,274.6976,253.7847,134.85,222.1998,33.4101,96.8124,225.5773,54.3749,104.8975,213.4849,240.9509,68.875,244.0874,105.0486,38.1576,321.6328,62.4036,258.5878,151.7376,219.4293,250.4355,279.2099,147.5346,226.4689,37.5968,43.4421,160.6093,55.3994,81.7932,102.7597,221.7213,157.6282,89.8848,58.7518,250.4264,60.076,134.6876,129.1186,44.3783,229.0819,110.0601,63.6104,128.6885,187.0081,91.1983,41.0438
40.1745,516.2406,63.7151,118.2463,269.7558,255.0987,134.5472,222.5915,33.08,97.1599,226.9428,54.2432,106.0666,214.9686,242.5599,69.451,244.6638,103.967,37.9118,321.9147,61.722,262.0688,153.9695,221.4142,252.9626,278.3202,148.414,226.4607,37.8913,43.5085,161.693,57.9385,82.3389,105.7183,223.6016,158.6731,90.5222,59.5583,251.7389,60.2617,136.3054,129.746,45.0651,234.2907,111.5429,63.4784,130.2394,189.0245,91.3442,42.0515
40.4219,503.8564,61.8983,118.6456,273.2513,253.1826,133.8658,224.0809,33.15,97.7426,227.7706,54.321,102.8324,214.6276,244.2927,68.8922,246.6748,102.8922,37.0499,321.2628,61.5218,259.0186,152.7527,220.447,250.1432,277.1211,148.0695,224.8774,37.9208,43.1657,159.7931,55.9506,83.7569,105.0087,223.8873,155.8713,91.2111,59.9308,243.1543,58.9585,136.4846,130.8241,44.4617,234.4576,112.6257,63.4119,125.9681,190.4978,91.7894,42.0579
40.9745,501.1406,62.4788,119.0263,275.0913,256.2817,133.9283,225.5444,32.9756,98.0442,227.4354,55.2481,103.6786,219.1488,247.4004,70.5151,246.923,103.261,37.1571,319.9926,61.5615,261.4207,155.7759,219.6962,251.3408,272.0849,147.5603,224.1205,37.7073,43.5633,164.3051,56.0895,84.422,108.6496,223.3157,156.2945,92.9216,59.2071,241.4653,58.8795,136.287,130.261,45.3845,238.5624,113.2054,64.3285,129.1825,189.8939,91.7289,42.8916
41.0698,500.0052,61.6664,118.3269,270.2814,254.6593,135.5588,224.0373,32.2691,96.1216,229.2702,53.7212,102.3091,217.3531,245.6093,70.2308,242.5125,104.4753,36.7609,323.1425,61.5424,266.0922,153.008,221.3193,250.876,268.9204,147.1056,216.5543,37.647,43.2869,165.3132,54.3036,85.1031,108.9876,221.0317,155.8909,93.2602,58.9225,240.2843,57.9569,137.7854,129.5802,45.1297,232.1522,110.0693,63.6498,128.3418,188.8051,91.2039,42.8464
40.6367,488.918,61.9547,117.9374,263.2274,252.1669,138.2176,223.4263,32.8737,95.4402,228.696,53.4579,101.4167,214.7507,245.6673,69.1307,239.8962,104.2094,36.9969,323.0811,61.4575,264.5459,152.0276,218.1292,249.0592,266.2984,145.751,215.2248,38.035,43.5403,167.3637,55.0238,85.9109,110.2668,222.6155,156.0561,94.1903,59.6646,235.4753,58.1083,134.1643,128.7156,47.6526,233.9045,110.8383,62.6579,128.2394,187.8785,91.7636,43.1238
40.8387,489.6685,62.7463,120.4761,272.4204,252.534,141.8223,226.0801,32.0181,94.8144,224.5873,53.8368,103.4666,214.3077,246.0899,70.5527,240.3071,105.4368,37.7709,325.9905,62.6696,265.2813,153.733,216.003,249.5364,258.5783,147.3704,217.66,38.7558,43.8112,167.464,55.4587,87.2668,109.622,223.6287,154.8429,95.0769,60.6072,239.0901,58.7031,134.6907,126.6877,47.3397,235.2985,113.5819,62.2626,130.0901,183.9171,92.4576,43.4883
40.8306,489.6136,62.242,120.946,274.7612,254.3649,140.0864,226.4238,32.1883,94.6118,222.8435,53.8788,102.6883,218.3635,245.5434,72.4163,238.4653,107.2919,37.3679,326.9874,63.2509,266.4893,147.0575,227.7833,243.2342,257.7496,149.111,218.1483,38.7653,44.516,167.1333,56.3173,87.9525,110.6685,221.7639,156.8489,95.3806,60.5599,239.6291,57.8557,137.1696,129.4136,48.9082,238.0216,114.3556,63.0225,130.5797,184.8307,93.4873,43.2081
40.4108,495.6896,63.2267,119.995,272.2336,254.6782,138.3453,226.7456,31.2234,94.417,221.8433,53.983,103.6552,218.7265,241.4909,72.9061,237.2724,107.6831,37.135,330.9349,63.4592,269.1248,148.5486,230.0776,243.8819,259.3474,147.9468,217.23,38.9791,43.5435,166.0756,54.4999,86.5727,109.8074,222.7897,153.3789,95.3355,61.6707,241.8178,58.0558,137.1909,129.3373,50.9963,231.3928,114.635,63.6821,131.6147,183.8405,94.8232,42.7743
40.7642,509.7346,63.0522,121.4295,275.2231,257.9783,140.6132,228.2937,32.2849,96.5507,226.7065,53.6436,105.5692,218.4549,243.9454,74.0945,241.3084,108.5271,37.3489,329.7096,65.4221,271.6732,152.1392,237.5942,242.0836,264.2057,147.0466,218.3942,39.8581,43.5522,168.9789,54.9547,84.4201,108.8442,222.5218,155.2367,98.3797,59.7371,248.3938,58.8058,138.2744,131.0603,51.2231,238.6335,118.9466,64.047,134.4939,188.405,97.396,42.1544
40.5469,494.4472,64.3151,123.3808,271.9881,261.6058,141.7837,229.8797,32.3278,96.2892,225.7146,53.0908,106.9731,221.6347,245.2904,73.5491,241.5176,111.8045,37.7531,328.8087,65.3149,274.0765,151.3904,235.918,246.3731,263.7311,150.3092,218.0532,39.814,43.9386,171.4113,56.2067,83.2855,105.8365,223.1149,152.6719,97.6179,62.0612,243.3812,58.3642,136.6942,131.0812,50.5728,236.9133,122.088,64.0951,134.7556,189.3576,97.5418,40.9181
40.7812,502.8628,66.4737,127.6371,283.981,267.5407,152.4989,235.7527,32.863,100.0603,226.0073,54.0963,109.8081,225.7682,252.6147,75.6449,244.9619,114.0798,39.0146,334.6319,66.9827,281.509,160.1934,242.5275,251.3287,267.9724,154.8352,222.8626,41.3178,44.2393,186.2883,56.993,87.5641,108.0391,231.9307,154.6732,97.6822,63.0842,247.5154,60.5945,136.5338,137.035,50.8287,244.8693,128.9568,65.138,137.966,194.6735,102.0599,41.7234
40.2155,500.2078,66.4977,128.247,282.8858,269.9245,152.1802,242.1709,33.0411,100.8697,225.5275,54.0954,109.6247,226.104,253.6624,74.4269,244.6939,115.2585,39.2949,338.4827,67.7808,279.5306,160.0714,248.7793,248.2664,264.552,156.5215,223.39,41.8078,44.795,184.7243,56.7199,86.431,108.3934,232.8049,154.2931,98.7498,64.9336,246.8045,60.2908,137.829,138.7847,52.3027,242.1404,132.0774,63.9559,141.2481,195.8953,102.5234,41.9588
39.8772,497.2124,64.1926,126.8201,265.1424,267.0073,152.2749,240.5769,32.8093,100.3713,222.0289,53.897,108.7484,230.5628,252.4351,75.5392,244.6189,115.1872,39.1787,340.159,66.3776,281.3285,160.191,239.0943,248.4329,259.8979,157.6528,224.4777,41.9727,44.3666,181.3986,58.0412,85.5866,111.5127,235.3558,149.3563,99.1373,64.7058,245.9634,60.316,138.681,137.9451,51.1439,236.6613,131.1014,63.3327,139.9109,195.5136,102.8021,42.9876
40.3544,499.8234,62.6492,124.8661,260.9604,260.0716,148.0895,237.3553,32.8203,98.1826,217.2428,52.3091,106.4388,227.9123,247.5773,74.144,240.4209,114.6102,38.1307,335.8658,65.1494,275.5359,154.1103,238.2984,249.6421,255.9029,154.319,219.6915,40.407,44.0639,176.9571,57.8811,83.6786,109.0748,234.6389,147.843,97.4684,65.0341,249.1314,58.509,140.777,133.6568,49.5372,233.2137,128.1014,63.7844,140.0914,189.3413,99.8338,42.806
40.2358,503.8782,63.4552,120.6913,266.0592,261.3365,147.1079,241.8915,33.5215,100.3769,217.5733,52.8983,106.4847,232.029,246.5992,74.048,240.1359,115.8597,38.1235,339.5786,65.6536,269.4866,156.2825,240.9802,251.613,254.6715,156.768,223.6842,39.8163,44.2776,178.0578,58.4098,83.5816,109.2412,238.1054,145.3398,100.3368,65.2454,250.4479,58.2289,141.037,133.1083,49.0229,228.1704,127.8323,64.3224,137.9004,184.6931,98.4807,43.0342
40.1964,515.427,63.7884,121.3506,267.9812,261.8394,147.6523,237.3055,33.5888,100.7457,214.7826,54.1932,107.921,228.38,243.6989,73.3277,238.2983,115.7803,38.1674,342.1468,65.927,265.0629,155.6165,243.0261,251.7731,255.6935,158.8316,224.5759,40.5222,44.1092,176.5968,58.7958,84.1995,106.7889,237.8498,142.4102,100.7517,65.0952,253.1912,58.7955,141.5477,131.3995,48.4235,220.651,128.5872,63.7799,137.9626,186.1248,100.8617,42.4045
40.1498,525.8536,64.7056,125.1164,270.0105,263.5039,150.2087,239.9112,33.864,100.0936,214.3636,53.7258,107.5993,228.7369,244.5099,73.2189,240.5112,116.4274,38.198,341.6455,66.8219,264.0874,158.1902,241.5863,252.088,256.0725,158.8947,224.7461,40.7704,44.5955,178.5842,58.3563,83.8911,107.24,238.8634,143.2152,102.8392,63.2809,257.2999,59.2708,141.6394,132.8777,49.7639,223.4056,131.6,63.2654,137.9604,187.2971,102.0542,42.8923
40.7265,535.5721,66.3584,127.3003,273.6064,267.221,148.3298,244.6617,33.9356,102.1351,218.9117,53.4413,109.6696,229.5909,245.4533,74.3979,238.2446,119.0832,38.9164,343.1672,68.6386,266.5871,160.1603,245.848,249.0369,261.0137,158.9073,227.2855,41.5685,44.5558,174.5327,58.0081,83.8346,109.0901,235.7575,144.8654,103.2491,64.3845,261.757,60.0392,143.8356,131.8126,51.2711,224.0905,135.2895,63.9065,140.8141,188.922,103.984,43.3401
40.5846,520.9241,64.6806,124.8934,270.2705,267.3214,147.0323,241.1135,33.3273,100.0149,222.8266,53.8301,106.9598,228.3336,237.097,73.8754,231.8953,120.0343,38.6135,337.0773,68.6102,265.9436,160.4167,238.2672,248.6696,261.4629,157.9305,227.9169,40.9699,44.9315,173.8403,56.4079,81.8405,107.7969,235.5039,146.0805,101.9505,63.8533,253.4723,59.048,144.3977,132.2527,50.5119,221.1989,132.2681,63.9664,137.2681,189.3242,102.2441,43.5576
40.3245,522.6588,63.9011,125.5881,266.811,266.1611,144.4072,237.8177,33.4214,101.6796,222.9025,53.1718,106.6546,227.289,236.0134,74.2961,227.5886,119.3529,38.8878,333.7595,67.5513,265.1834,157.0482,232.0235,245.8004,257.7107,158.7766,224.9166,41.5204,44.5397,171.2988,55.4927,82.0089,110.6229,235.2339,146.2049,102.0647,64.5375,254.0633,59.0042,145.1577,131.3636,49.74,221.8609,132.913,63.2728,135.2759,188.4532,102.4615,44.6482
40.5351,519.3229,65.2317,124.2599,266.5161,265.4002,147.5975,239.6874,33.5384,100.4924,223.0156,53.6951,107.1051,225.9376,237.2859,75.5286,228.2343,119.6818,38.9554,334.7962,69.0229,268.1137,159.1223,235.2487,242.4332,260.835,160.0241,226.1276,41.4586,44.4794,175.0096,56.2401,81.4748,112.1124,232.3568,147.5945,102.1293,62.2801,253.6578,58.3906,143.6989,131.6105,50.2189,221.1997,136.2239,63.7664,135.2007,190.7548,102.8742,45.0682
40.7,522.5456,65.3327,125.6412,271.2678,265.4649,147.5754,240.7148,33.5737,101.0397,224.0517,53.3039,106.477,226.1357,239.6947,73.8753,229.4069,120.4218,39.0429,335.1138,69.8973,266.078,157.807,242.7951,245.8538,267.0793,160.8939,226.3583,41.6745,45.1123,175.995,56.0995,80.9797,113.3032,236.4023,150.5446,103.2164,62.9611,255.2523,58.8105,146.5973,134.2415,49.7544,223.8633,137.8284,64.1944,135.2117,195.6597,102.6432,46.2738
40.7182,524.1675,66.3011,125.1102,269.0295,265.4265,141.4343,241.0015,34.0341,101.4094,226.5836,53.3031,110.0918,224.9115,242.0092,74.0025,231.3172,122.3751,39.0534,333.6116,69.8428,265.8462,158.7458,247.9289,246.3527,272.1096,161.934,224.3665,42.2883,45.755,168.0004,56.6561,81.0298,114.7307,237.8686,151.5216,105.0563,63.7846,256.3093,58.5722,151.8295,136.6596,48.564,226.6328,137.9704,63.5252,136.4832,201.2124,103.9054,46.9289
40.6564,518.8101,65.1986,122.9591,269.5797,265.6862,138.3382,239.4674,33.4301,100.3664,228.216,51.7913,108.4268,224.9058,242.8062,71.3188,230.8895,121.8951,38.8975,335.6779,69.8126,262.469,158.2898,245.3987,250.2207,270.4399,162.9793,226.4534,42.075,45.0102,166.1669,55.3456,80.9542,115.2476,238.6043,150.8806,102.8905,62.0813,253.733,58.6633,149.5349,135.5452,48.1613,222.7603,134.6203,63.3108,135.5561,200.8592,104.0773,46.7298
40.5985,523.3753,65.8665,123.1178,272.1479,266.6185,138.5469,233.0519,33.355,101.5114,234.5214,52.4197,107.6607,225.018,242.4788,71.8838,233.6865,122.4859,38.5003,339.1263,69.414,260.9338,158.9283,248.8462,250.6283,273.9552,160.6958,225.9321,42.6898,45.3302,165.7376,55.2996,81.4308,117.3136,238.0653,148.4022,101.8756,61.7013,256.8091,58.959,144.0758,133.5057,46.7762,228.4687,134.248,64.381,136.0277,201.4123,106.4739,48.6055
40.366,526.063,65.941,126.2869,266.9179,266.4876,128.941,231.7317,33.1149,103.9605,237.3948,51.9026,106.4323,224.2181,241.815,71.1213,231.9303,121.4104,38.7041,336.6902,69.8569,258.7727,157.2885,251.439,251.1644,278.5567,158.4225,224.9292,43.1294,45.2404,157.3437,55.5384,80.182,118.4072,238.0031,146.6188,100.0178,63.6756,256.0909,59.8081,146.6616,134.4017,46.1408,231.4006,135.4031,64.487,134.6007,200.0995,106.4781,49.241
40.4745,526.901,66.3912,129.4034,270.104,265.8248,131.0043,237.2209,34.2823,107.811,239.009,53.3361,108.2279,229.3419,242.1892,72.3245,230.6903,126.5432,39.7401,340.2581,71.6599,259.8052,159.8084,257.4639,256.4824,286.1209,160.4798,227.4397,44.5965,45.9137,159.341,55.0233,79.849,118.9792,233.9853,146.6771,97.7608,64.2417,257.0506,61.7424,147.6574,134.3386,47.2154,239.1556,139.1591,64.7913,136.1033,207.861,109.946,48.7998
40.4921,531.5173,66.671,128.7497,262.6827,268.8441,130.9214,236.1328,35.0372,105.7737,243.1369,53.623,106.9565,229.5409,243.2721,72.0884,232.5008,128.3073,39.8097,339.693,71.7025,263.7142,161.0379,258.2154,254.9258,295.7273,160.861,227.8048,44.5834,46.7132,158.121,53.9595,80.903,117.615,236.7103,146.4577,98.457,64.5563,257.9734,61.4001,148.9542,137.0144,47.8425,237.3189,146.1967,65.2055,133.3922,210.8053,110.1195,48.6086
40.7779,522.3786,66.7029,130.5935,264.7305,274.767,131.3932,241.9938,36.1519,105.31,247.5907,52.6832,105.9065,226.6003,243.7193,72.2321,240.6258,127.0649,40.1765,342.3248,72.1338,268.0618,161.374,261.3482,259.5551,298.871,160.6283,230.1357,44.3688,47.0044,159.943,55.7193,79.6775,115.3101,247.7781,147.2978,98.0148,63.1374,256.4981,61.851,149.8559,139.2847,47.5761,245.0812,147.3724,65.8014,131.1007,210.5413,111.21,47.9384
40.4399,514.61,65.6647,129.4666,261.0846,270.5492,127.705,234.5631,36.1105,105.1029,245.7738,52.5877,104.0429,224.0192,241.4289,72.4983,232.1493,125.9935,39.8808,338.7851,71.7202,264.9204,160.9407,259.0613,251.6687,298.5973,158.632,231.0854,43.0789,46.6432,155.479,54.3736,79.4595,114.1962,244.4889,148.1912,95.1536,65.2664,253.3448,60.9488,147.1146,135.8885,47.2169,238.6151,142.9615,64.6106,128.6563,211.5793,107.0956,46.4734
39.922,517.1236,67.0673,129.4324,258.7608,273.3201,129.8458,237.9678,36.0039,105.582,241.7116,52.2328,104.8129,226.1189,244.0494,73.315,233.3213,128.9429,40.0323,338.675,71.1629,265.7464,161.625,255.8563,252.7942,297.9443,159.2297,230.4914,43.2331,45.5896,158.1468,54.4529,80.4467,113.0699,246.7998,143.1196,94.5654,65.7337,255.7254,62.2222,146.8678,139.7784,46.8566,238.5122,145.9431,64.9324,129.8013,211.9351,106.5518,45.1542
40.1254,511.6471,66.5471,130.1471,258.2953,273.3314,131.7207,235.6088,35.9508,107.7688,241.0309,52.6475,101.7047,232.1669,242.147,72.4092,232.7632,131.4656,39.9658,344.0073,70.7268,264.9562,161.3658,253.9499,254.2169,296.2021,159.1213,228.1088,43.4881,46.5125,159.5115,55.5584,81.0594,112.6289,244.06,142.8482,95.5176,65.2345,255.3488,61.8311,146.9971,138.6221,45.2447,235.4035,146.8315,64.6445,129.4536,210.858,106.7189,45.1528
40.0609,524.4357,68.3752,134.1109,259.6315,280.3856,134.1964,236.9293,37.1861,111.9515,246.6304,53.6349,103.6039,235.4304,251.335,72.7423,237.6371,133.5532,41.2262,347.8722,72.224,270.6287,164.1829,260.6577,256.3823,302.0084,161.6649,233.0957,44.4217,47.7945,162.2988,56.1378,81.2243,115.4023,252.8157,144.3023,90.4298,67.4935,263.0482,63.5422,150.2669,141.8712,46.8877,243.503,152.2714,65.5142,131.4517,218.2083,107.6248,46.2298
40.7405,519.5254,70.181,140.5509,266.1763,284.0419,138.8165,243.313,37.0551,113.6579,253.5284,53.339,103.6161,237.1022,258.3944,73.4227,246.4878,138.1652,43.3673,353.4113,72.8019,273.0761,166.5063,265.5726,262.6092,310.6291,161.6593,236.1429,45.2596,47.9361,166.5465,57.2943,81.3269,117.7849,255.0405,146.7629,89.9964,68.706,260.7906,64.5732,149.6906,148.3651,47.7768,241.6546,157.3274,65.9948,132.5057,224.5679,111.3489,47.0606
40.4544,524.7173,70.0309,141.0163,253.8934,278.2078,136.483,240.9206,36.976,110.6024,249.2159,53.5591,102.9876,234.6505,254.6536,72.4075,241.96,138.5473,42.5671,356.4078,71.7402,269.71,162.4328,263.4851,261.3929,306.3635,159.6575,233.2082,44.5247,47.1037,163.3543,55.8642,82.006,120.1818,257.9469,143.6664,87.7391,68.4276,258.266,63.1001,148.447,145.2183,46.7222,240.7918,159.7363,65.0725,132.6388,220.4278,110.2914,47.5956
40.5196,515.7029,69.1949,140.5506,253.3605,279.0138,138.7815,244.1066,38.1869,111.5145,252.262,53.7132,103.7396,237.833,258.5859,72.3879,241.5828,140.009,43.0935,354.7392,72.0984,265.4391,163.8499,267.5938,262.1338,312.2967,163.0046,232.6568,44.8498,47.9276,164.9686,55.5836,81.0119,122.5652,256.6523,146.8558,89.619,68.4705,253.3253,62.9349,151.2212,147.388,47.455,247.7292,161.1882,64.8915,134.1072,224.0245,111.3008,48.0587
40.6556,513.7621,68.3505,138.2042,254.2337,276.1914,136.8373,238.9296,37.2668,111.1424,248.3592,53.2928,102.9634,240.7324,252.9177,73.3112,235.8172,141.8484,42.5983,352.1128,71.7998,261.0224,161.3295,256.6132,258.1433,306.1128,162.841,231.6642,44.4352,47.8531,163.9612,53.0851,81.2124,121.2962,256.1899,146.6597,89.0797,67.9925,251.8954,61.1635,146.2468,145.6657,45.4846,247.1988,159.1254,64.9939,133.7039,217.8392,108.8193,47.478
40.7117,512.721,67.742,138.0342,252.6499,273.8234,137.1847,236.551,37.8764,109.8559,248.2205,52.8506,99.7396,236.7772,250.9304,73.7178,236.2235,139.0516,42.3982,349.3395,71.2716,258.915,161.4576,250.0459,257.4941,301.1342,161.6152,233.575,43.8382,47.8102,165.0569,54.004,80.9783,120.1265,257.3756,145.5309,88.0298,67.5812,250.0762,60.6806,151.4853,144.3751,44.3206,244.471,157.7868,65.4831,133.1468,214.5791,108.3963,46.8467
41.2738,509.75,70.5264,140.3229,256.141,274.1979,136.3941,243.8944,38.1847,111.8762,247.988,52.7652,101.1016,238.3861,253.1533,74.9017,239.4179,138.5713,42.403,347.7134,71.8294,262.6489,164.4252,246.3133,257.0322,304.2318,163.5291,234.3434,44.1311,47.7502,164.775,53.2635,81.5011,117.7009,258.715,147.1463,89.8544,68.148,250.5999,60.327,151.1333,146.5072,47.273,249.2659,159.8033,66.3645,135.8559,216.0232,109.1647,46.4022
41.1756,519.5692,70.7467,138.9172,254.3329,272.5437,134.3231,239.5455,38.0055,109.579,248.9626,52.8164,98.4829,236.2849,251.3603,75.687,241.755,134.3979,41.8651,344.1591,71.2395,264.3904,161.9795,246.1604,254.9322,303.8738,163.8649,235.6641,44.0112,48.3033,162.7226,52.6596,80.7967,121.1197,262.0648,146.6274,89.1687,67.603,256.7402,60.4273,151.6173,144.9021,47.6566,237.0834,159.7075,64.9091,136.3488,214.9475,108.915,48.0868
40.9794,519.4501,70.157,136.9938,253.6189,268.6083,133.6635,235.9448,37.1636,109.0859,250.4264,51.8082,98.966,233.5076,248.4344,75.3053,235.8649,134.0883,41.9389,342.6255,71.3748,259.3013,162.6474,248.6965,254.2853,303.0667,165.3814,232.9498,43.8491,47.3723,160.6638,52.1377,83.6608,120.1274,261.7507,147.3755,87.7643,66.4154,255.1014,60.3914,150.8065,146.193,47.2738,234.8675,157.1821,64.1853,135.4071,214.1793,106.743,48.4674
40.9885,517.9882,70.5497,133.8041,259.6949,268.1747,136.0978,230.8945,36.4869,106.9557,248.2405,50.8728,101.1511,233.0541,247.2958,76.6857,235.4174,133.9355,40.8932,341.5723,71.6633,261.2832,162.4697,248.3113,251.3092,301.6067,163.6739,231.961,43.3011,46.582,161.992,53.4914,84.3331,121.5363,258.4716,146.8873,87.2809,66.7893,251.3415,58.7802,148.4236,145.7596,45.4389,235.106,154.8884,63.5516,137.4073,211.2025,105.0396,48.7564
41.0513,512.9475,70.1162,135.3658,260.3276,265.9896,133.1252,230.0938,36.5736,106.5942,252.0782,50.7158,100.4234,233.331,247.7134,75.8587,237.032,138.1227,40.6109,338.0629,73.2706,263.4124,162.5242,249.5405,247.9225,300.7588,164.4949,232.2001,43.1082,46.0288,157.593,53.997,83.8802,119.6875,260.742,147.601,87.5728,67.7552,248.3097,58.7061,149.5612,144.2064,45.146,232.5615,154.2655,64.2436,135.5078,213.5868,104.6213,48.3408
39.8046,509.0847,70.443,136.5616,262.5997,264.1886,132.5129,229.6512,36.0508,109.8026,248.3253,50.2801,101.1984,234.9192,247.3409,76.354,234.504,138.9028,40.6891,345.2444,73.6516,264.2117,161.0814,246.3703,247.0611,298.1282,164.2951,232.5801,44.405,45.0805,155.2448,53.2923,80.3552,117.0124,259.8216,147.1243,87.3891,68.277,245.7065,59.6448,146.4455,145.4409,44.5996,235.5343,156.4589,65.3025,136.0416,213.3366,106.8097,47.1053
39.5212,518.198,71.2301,141.8548,267.3451,272.0067,135.6463,234.5497,36.5503,114.6158,246.0204,50.987,104.3567,242.0583,250.7277,77.7951,242.4584,143.3549,41.8368,350.4578,75.6848,269.3894,165.0415,250.6514,252.0358,294.5202,169.758,234.304,45.6571,45.171,159.4925,54.9832,82.5942,118.8582,257.4166,147.8745,88.5066,70.7794,247.7495,62.931,146.4577,145.3823,47.254,245.3207,163.4874,65.3234,140.1978,220.0695,110.4289,47.9667
39.9343,513.0894,72.3482,143.3035,269.0917,269.6077,138.5521,232.8198,35.8469,113.873,247.1507,50.203,103.7167,240.4802,249.8839,78.4884,243.35,143.5169,40.5788,352.2788,74.4366,270.0568,165.121,251.859,250.9211,292.9566,170.0499,231.4482,46.2167,45.2915,159.9873,55.1842,84.8028,120.3255,256.8816,148.9581,86.6824,69.8712,249.4079,62.8165,145.9086,145.6308,47.4974,243.8197,164.5318,65.0457,139.6674,219.4901,111.1136,48.0017
39.1299,521.2499,70.5176,138.93,264.1183,264.4011,141.0107,230.2747,35.2828,112.128,244.874,49.4226,101.9592,238.1054,247.0573,76.2558,241.7586,138.1811,38.9191,347.6859,73.9823,266.4255,163.1888,249.3847,249.2775,287.3098,164.9654,225.8845,44.9203,44.484,160.6365,53.1471,82.1841,116.9403,258.2175,148.0351,85.5892,69.0141,258.5223,61.2128,142.9152,142.6904,45.632,234.2023,161.0519,63.6295,135.8625,219.4116,107.8438,47.1186
39.7187,523.9086,71.9939,141.4057,277.7714,269.9499,144.1782,233.6734,36.094,113.891,246.827,50.0861,101.6158,243.5413,249.7965,77.3675,246.8096,141.8612,39.5149,346.2063,77.2329,267.6127,165.8003,255.0054,255.7148,292.0723,165.9672,226.8385,45.7226,44.6378,165.602,51.7653,81.6864,119.312,258.1782,147.6702,85.7817,69.0102,257.2597,62.5343,146.6842,143.4497,47.5298,234.1284,163.9947,64.6992,141.2842,225.2005,109.7022,48.4653
39.5908,527.0403,71.0911,137.6473,272.7706,269.0499,145.0666,230.8545,35.8322,112.0004,245.241,49.3271,99.2761,244.1636,247.3328,77.5898,241.4908,141.5174,39.2821,346.4781,76.7657,263.1146,163.572,256.9671,255.7155,291.735,164.9246,225.6326,45.2281,44.0954,167.0086,52.5515,81.8154,117.7763,260.3547,145.9075,87.5293,67.1381,262.6639,60.7267,146.4816,143.0482,47.3494,227.5057,163.1509,65.2489,139.4713,219.2665,107.9621,48.0966
39.7833,540.6493,73.8225,137.4022,278.5505,272.1633,149.2391,236.9586,35.7378,114.1545,243.7192,49.5203,98.9137,247.7608,247.5427,77.4631,245.8912,140.2971,39.4791,354.1056,78.5589,264.0045,166.6694,262.9734,261.0162,291.1934,165.8449,226.9975,44.8132,44.7193,173.4568,52.0164,82.5306,117.8209,264.5974,145.3023,88.2847,68.693,271.1601,61.8231,148.1398,145.0913,47.3393,230.3444,162.4069,65.8133,139.6802,219.5924,106.705,47.8994
39.4283,538.1426,72.9943,136.7513,278.2427,278.5921,150.6136,237.057,35.7706,114.0644,238.0018,49.5939,98.9821,246.8934,246.4725,76.5851,245.8709,139.4377,39.1404,352.1874,76.6927,258.7702,165.9556,257.3394,258.1381,282.7942,165.7357,225.4571,44.6499,44.3727,172.7763,51.5497,82.1643,116.0229,267.421,145.5814,88.8228,67.8778,268.8155,61.1671,147.8298,143.5012,46.611,229.3367,161.0767,66.4335,141.803,216.8523,107.1669,47.2121
39.5868,554.6167,72.5117,134.9797,270.0501,275.7397,146.6642,234.0417,34.8041,113.0609,237.1651,48.5705,96.5388,241.1255,245.4811,76.1825,242.0196,138.399,38.3647,348.732,75.0979,257.2883,163.5104,255.4149,255.1937,282.1485,164.6256,222.2238,44.0612,43.779,167.5694,51.2696,83.4713,115.8182,269.7316,141.3553,86.3537,68.1645,274.0931,59.963,146.3827,141.7783,46.122,226.6901,159.4746,65.6757,138.75,210.2386,106.6063,47.0811
39.3653,545.8516,72.7789,135.6262,268.5182,272.5642,143.918,231.9475,34.2659,113.6658,235.9577,48.0602,96.9368,239.809,246.1065,76.8865,243.5645,137.7981,38.7721,352.9593,75.0555,256.9865,166.376,259.9875,249.6936,284.3383,163.8625,224.2294,43.672,43.7983,167.6492,51.8202,81.5313,117.6795,269.1122,142.1405,85.8041,68.4351,265.9555,61.7137,144.266,140.5407,44.1051,228.9985,158.2066,66.6637,138.6889,212.9595,105.842,47.2064
39.2296,554.6252,72.296,131.088,267.2872,271.2097,145.6336,229.969,33.9348,112.9649,231.7899,48.3572,95.7216,240.1378,245.6078,77.072,242.7615,139.0101,38.6707,356.0853,74.5358,257.8382,164.7808,260.0096,246.6652,279.2791,162.2747,224.2012,42.6735,44.4347,168.6628,50.6211,81.7593,115.6894,270.0016,141.6813,85.4187,66.4219,266.883,61.3257,144.2601,140.2412,43.6996,225.4613,155.3676,66.6649,137.5605,212.0412,104.4011,46.9531
38.9527,545.6849,71.7423,129.2179,264.0769,272.7163,140.5452,230.5083,34.4814,111.6122,228.0972,47.8787,94.9482,241.8738,243.0847,76.371,243.5862,139.5756,38.5935,352.2585,74.5895,256.7547,160.1869,260.8743,247.4865,275.3431,161.7244,224.6948,42.2224,43.3218,165.7864,50.5115,82.5665,116.3566,261.2856,141.705,84.5859,66.7848,261.2739,61.2315,144.6159,136.857,44.8462,228.236,154.8506,66.5742,136.3606,210.8988,103.9024,46.98
39.8534,536.7612,70.4491,132.3497,264.9639,274.6459,140.2798,225.8856,35.0922,112.349,226.7556,48.2048,95.6121,240.7056,244.8859,77.4592,242.4995,140.6115,39.0086,354.5637,75.3114,256.0869,162.3789,262.8606,247.7745,272.1767,163.7817,221.0433,42.8035,44.1049,163.9414,50.2273,86.2095,117.0605,261.099,141.9466,83.7885,67.6601,259.9338,60.7255,147.5952,137.2637,46.0539,229.5955,155.5099,66.4208,141.9993,215.7182,105.7481,47.057
39.1929,547.4751,68.5067,129.7265,267.1536,274.226,139.4282,224.0581,34.5732,110.1454,225.3438,47.9741,96.1508,241.7117,241.4431,76.9174,243.5959,141.0184,39.1123,353.858,74.3504,262.3622,159.4295,259.6937,248.9939,270.4231,161.8687,219.1361,41.8561,43.8035,163.2075,51.0261,85.4229,117.0841,260.2676,139.1072,83.1363,69.2637,263.5589,60.3526,149.4091,138.1462,46.3584,230.0635,154.0489,66.6647,140.6286,214.3368,102.5839,47.0836
38.9117,543.659,67.6351,127.95,264.9843,272.5489,133.5232,221.9045,33.7083,108.4813,229.7922,47.7787,94.3948,239.8581,242.6806,76.1026,237.6505,141.2811,38.7553,351.0019,72.7874,257.9763,157.1739,260.4552,252.6331,273.5923,161.6694,221.1562,41.5047,44.0807,158.7555,50.724,85.7131,116.6238,259.3165,141.3132,82.958,69.6398,263.8304,60.0182,146.6479,140.1614,46.2237,227.0966,151.9817,64.3806,138.1857,218.8264,101.4859,46.6189
38.9359,538.1468,66.0036,126.3875,258.5857,266.3484,131.3501,216.797,32.5268,107.8165,231.512,47.0957,92.391,240.9578,236.6778,74.0565,233.9941,144.924,37.9321,350.0433,71.0861,253.5055,153.5127,257.7755,248.8425,277.407,160.6691,209.8149,40.6991,43.7297,156.021,50.7018,84.4687,118.6335,256.015,141.4712,83.3136,71.6502,264.7066,60.33,146.1311,136.4508,47.4962,226.0543,150.1284,63.5105,136.7588,218.6024,99.6439,48.217
38.6754,540.0892,65.1324,124.8771,258.0146,258.0109,127.5443,217.104,32.0186,105.0602,231.9953,46.5149,91.4873,240.2284,233.4694,72.7624,228.4886,145.6057,37.0705,344.7421,70.9418,252.3642,151.0596,262.1928,246.3071,276.3194,160.5306,208.0102,39.0867,44.211,153.1199,50.1402,84.0023,118.2126,255.0365,140.9718,84.3716,71.1851,265.0095,58.7767,142.3785,137.7382,48.3838,220.2502,145.2497,62.7586,135.7013,215.758,94.846,47.4557
39.0632,545.1835,65.2507,127.6728,248.8307,257.6434,126.8744,214.478,31.2726,105.035,231.9132,46.1397,90.1957,239.1543,230.8811,71.2687,225.0052,143.9176,37.1277,339.9274,71.0774,253.3026,149.7355,251.0545,246.6026,276.3754,157.8297,207.7969,39.1527,43.5172,150.3874,49.1607,84.9967,118.1932,247.1151,138.3542,82.7754,70.9756,271.4454,59.5007,145.2553,134.2679,46.1422,215.5771,147.6066,62.7609,135.2012,213.2642,95.3553,47.0539
39.0833,545.5318,65.1882,127.4362,242.2322,258.6791,128.5838,214.8308,31.0412,105.942,228.7295,45.4617,88.7474,241.3883,231.3854,70.264,221.9587,137.4057,36.6618,341.7352,70.1477,251.5686,147.0123,249.293,246.828,274.5764,157.6081,205.7197,39.9416,42.6468,155.1719,49.0694,85.0528,117.6268,248.7568,138.1023,81.1212,72.4982,274.2782,59.4299,144.625,130.4873,46.5555,220.4832,144.6079,62.3469,133.6903,210.5517,95.7325,46.3391
39.1334,557.1184,64.2047,124.775,241.3184,256.3154,127.9775,212.8032,31.1576,105.1628,231.9854,45.5184,88.1206,244.9586,228.2176,68.2277,223.3418,138.9899,36.6198,344.507,69.8093,250.0729,146.1897,246.7389,249.2121,276.3422,156.4638,204.6683,39.7318,42.7425,154.4297,49.2629,83.5445,116.6455,251.2238,138.6144,79.4935,73.464,276.8009,58.6788,145.8671,129.0226,48.0444,218.3502,142.8998,62.3169,133.2462,209.617,95.2063,46.3765
39.7556,568.9286,64.1499,123.5355,244.1948,256.6082,130.6651,210.7561,30.9719,106.1032,227.5682,45.3364,86.9225,243.7392,227.7838,67.4526,217.9159,138.8437,37.5881,341.6131,68.8104,247.7318,139.7123,246.5021,247.4752,276.5748,156.7448,207.0217,39.5926,42.4287,155.5602,49.573,83.8439,116.9541,249.5832,136.2575,79.8392,74.182,283.7228,58.4969,146.9189,130.0544,48.2002,219.7624,142.3475,61.648,131.0467,205.1116,95.5301,46.8317
39.5954,571.2477,64.0304,126.9026,245.509,256.6402,129.6641,214.6356,31.4254,106.5086,228.1852,45.5672,88.8119,245.7507,227.2387,67.777,222.6962,138.5923,36.9897,343.9314,69.965,251.7057,141.1917,245.6702,245.999,276.5783,156.9243,208.8653,39.7433,42.3164,155.3331,49.2656,82.0704,117.812,250.7313,137.0892,79.0834,76.343,287.4106,58.8043,148.9046,128.4244,49.1342,218.2833,141.5804,63.4398,132.6106,205.3718,95.6207,48.1123
39.859,571.02,65.4761,127.4347,246.2372,262.6058,130.2723,220.1767,32.0483,108.0467,229.598,46.8253,89.5282,248.0385,228.8892,67.7437,227.467,135.8531,37.3707,346.8197,70.7448,253.3888,143.6541,249.6725,249.9259,279.555,160.2939,211.4594,40.435,43.3629,157.6867,51.1774,82.3866,120.2345,254.801,136.8801,79.92,80.0364,288.4903,59.8789,148.4292,130.9416,49.8095,219.9059,143.8729,65.2981,136.0405,211.4287,97.3405,48.9314
39.1804,562.9935,62.3013,124.6919,229.9461,254.8837,130.316,222.0285,30.2888,105.6006,223.9773,45.5591,87.1331,240.0335,221.4061,67.4613,219.8834,131.6181,35.8596,338.7912,68.9202,246.3906,136.9089,239.7997,243.4672,277.6099,155.7911,205.5043,39.3665,42.3771,157.8584,48.1296,79.193,118.3194,252.6034,133.8641,78.189,77.5863,287.241,58.7493,148.2447,126.1979,42.5587,211.8506,138.2861,63.9666,129.6429,201.8089,95.1734,48.6002
39.7972,566.3417,64.1092,127.2645,234.3827,261.3273,133.2471,225.4601,30.8266,107.578,232.5891,46.6505,88.018,242.536,225.5194,69.9409,227.3547,131.9781,36.58,351.3502,70.607,251.4824,135.8378,249.3573,249.1832,288.6118,158.8744,207.7554,40.002,42.4252,160.6565,48.8931,81.4479,119.7985,255.3676,134.8972,78.4618,78.5989,284.4521,59.075,143.8813,130.0667,43.0735,213.1922,138.5077,65.1229,132.5261,205.2904,96.1845,49.3419
39.9767,565.2696,63.9273,130.4572,234.5221,259.9907,135.983,228.9776,31.163,106.3396,237.1095,47.7243,87.8255,244.1742,226.8487,71.5356,227.3878,132.0432,36.4728,357.134,71.1607,254.5059,136.8796,249.3579,249.9945,293.1439,159.8584,207.8289,39.0739,42.6046,164.1396,49.8909,82.4091,120.2661,253.993,134.2191,78.7398,80.3604,285.5572,58.2444,143.1326,135.3723,44.0556,215.2485,138.4233,65.4346,132.3631,205.5878,93.2084,49.0241
40.1897,561.4803,66.0076,132.1022,235.8525,264.8396,137.6809,231.8382,31.6102,107.7691,232.7311,47.9753,87.4156,247.2151,230.4494,71.678,230.9149,133.9526,36.4929,363.09,72.4599,260.9637,141.5882,248.0277,251.7398,285.7991,161.4746,209.1376,39.6168,42.8386,165.4237,50.2494,84.3704,121.9043,256.6637,134.8877,80.5646,81.1041,288.0264,59.7861,142.3486,136.2745,44.0297,218.8023,142.0657,66.2005,133.8442,208.8851,94.6224,49.2111
40.5035,572.4503,67.6127,135.2397,232.2872,265.4854,140.5553,235.3903,31.6236,108.9462,232.1282,48.228,87.8915,244.7461,231.4705,73.442,232.1205,132.9895,36.7957,357.0921,73.5679,259.2583,143.5699,251.2835,245.2997,286.9079,160.4881,211.7665,40.0278,42.922,170.171,50.1991,85.0392,122.3008,259.074,135.8072,80.9119,83.0996,298.4871,60.8104,143.9939,137.6886,44.559,219.4744,145.0359,66.3142,134.3525,209.6906,96.1353,50.0971
40.5107,576.2022,66.7052,135.573,225.5078,268.8407,139.7743,234.4834,31.6386,107.8141,227.7694,48.2484,86.7093,245.1268,227.1521,72.9027,236.0831,131.9807,36.6622,361.5612,72.7888,253.4444,141.6938,249.5838,247.5567,283.5948,160.0031,209.5559,38.9931,42.6796,168.3284,48.579,83.8016,119.2478,259.5017,132.8503,79.5899,84.4135,295.9641,60.2379,143.9273,134.0561,43.7302,220.2145,139.9609,66.1076,132.7501,202.976,93.8588,48.3806
39.8047,576.1214,65.7313,133.3015,217.992,264.7712,139.4951,227.6636,31.6765,106.0285,222.065,47.4883,84.8563,240.4582,223.514,72.0632,229.6204,130.3124,35.9121,354.7399,70.8554,247.1104,139.576,248.7201,242.7993,277.1505,156.9227,207.117,37.8298,41.0714,165.5275,50.0141,84.8175,117.4522,251.3358,130.8347,78.2347,83.0197,297.8427,58.7834,143.7325,130.5193,43.8331,216.6309,134.2524,66.007,129.3887,197.9253,91.3625,47.1139
40.0483,584.0196,64.6984,137.3897,218.5354,262.0006,138.3087,231.3244,30.692,107.5036,222.3476,47.9003,84.1462,240.1164,222.0712,71.2629,230.0892,130.6902,35.4292,346.3948,70.3785,244.4761,137.8908,246.113,243.0424,279.5288,156.3354,207.4864,38.2148,41.1891,163.1134,49.2721,88.2853,117.6183,251.504,131.345,77.2766,82.7725,305.9697,58.8459,143.9425,130.3989,44.5169,217.349,134.0002,65.655,127.8074,198.2887,92.8087,46.86
39.3781,580.8567,64.2081,134.9283,215.9547,255.4175,138.5965,224.5889,29.7084,105.8568,217.8247,46.8532,82.4403,234.1334,220.4688,70.061,227.9047,128.934,35.292,344.2334,69.3975,240.7604,135.6082,239.5912,233.5315,268.3964,154.2338,203.7559,37.7237,40.4895,163.7623,49.5774,85.9042,116.9722,244.6775,128.086,78.4789,82.3434,303.8656,57.3624,142.7744,127.0768,44.1972,214.601,134.2425,64.5521,124.0475,193.389,91.4172,46.6576
39.7995,607.8468,65.0499,136.0075,213.9408,256.3055,137.0852,232.7871,29.9464,106.418,219.3017,47.2056,83.4872,236.6516,221.1909,70.3349,228.632,130.2687,35.5307,355.8079,70.739,243.8945,137.9605,242.5236,237.2607,272.8849,156.2161,204.9928,38.2867,39.8536,162.7144,49.6636,84.2307,117.0569,244.3152,130.0709,79.5185,81.5653,315.8375,57.5913,145.4315,127.9998,44.6147,218.9431,138.7275,65.3134,126.0404,197.315,91.983,46.6031
39.4677,619.4572,62.6702,135.8784,218.0569,255.6699,139.004,234.6079,29.725,106.0869,224.5086,47.088,84.4933,241.3366,224.1415,70.8627,229.8586,128.8974,36.1356,358.486,71.7245,247.4185,139.6496,249.2359,237.2784,280.3207,156.4184,199.0073,39.3283,40.2396,165.4573,48.7409,83.9592,117.2839,243.1909,132.6628,77.4594,82.7066,317.6714,57.9412,143.9021,128.7417,45.8519,223.4478,136.7007,65.1177,126.9743,191.6635,94.1521,46.707
39.3432,632.0888,64.7804,137.3218,215.5391,255.2563,139.1461,231.2502,29.8131,106.9942,228.3368,46.7418,81.8407,240.5897,223.6253,70.707,229.5763,127.7797,36.4914,360.4625,71.3116,241.0995,138.3248,249.629,241.3611,284.1867,156.1398,200.6621,39.5662,40.6223,167.2833,48.589,82.2206,116.3237,243.3323,133.0868,76.6555,79.9656,327.9559,57.9235,143.4983,127.0526,45.8963,230.5496,136.7943,66.0886,125.8743,196.5408,95.5827,46.2462
39.3079,627.8897,64.0892,139.0731,221.6486,248.5528,135.5639,229.3445,29.7345,106.8957,227.0167,45.742,82.5052,238.7101,223.3324,70.3924,228.2582,123.8079,36.5243,355.8598,70.3443,242.0089,137.73,250.7037,242.4758,286.1328,156.0185,200.0891,40.5655,40.8839,162.248,47.6239,82.9941,114.8444,243.1561,132.1489,76.6381,80.4023,326.7075,58.0019,143.8775,126.0489,45.2942,229.1187,134.2566,64.7982,125.5929,193.5246,96.6404,45.7391
39.1855,629.0235,63.4967,137.4776,224.8675,249.5168,133.3715,222.6184,29.7045,106.8793,228.0207,44.8785,81.4558,233.8799,222.8651,70.2601,229.5107,120.7748,35.7226,356.0876,70.0976,241.4037,137.9602,252.2273,248.4226,285.9395,155.4471,200.2699,40.0704,40.9813,161.0476,47.1167,82.773,114.7493,243.9516,131.7951,76.6734,78.4499,332.3539,58.4538,144.9959,123.4024,45.4094,224.2975,131.6426,65.874,123.5261,197.1052,94.1546,45.646
39.6217,640.4229,63.0366,138.0324,218.4596,250.9949,130.0747,221.5739,29.8111,107.9859,228.9826,45.142,81.1471,233.5418,221.1652,70.3829,230.7411,117.4701,35.6663,353.407,69.1602,240.2925,135.6576,253.8954,251.8551,284.2196,151.7985,200.5906,39.7442,41.3202,156.8222,45.8441,84.3782,115.5585,243.5148,128.7997,78.4283,78.511,336.5265,57.9749,144.5956,122.3874,45.3204,224.1825,132.1695,65.4627,122.2296,194.8424,93.247,46.5655
39.2618,642.5576,62.3932,136.5935,216.9608,246.881,132.4049,224.84,29.6449,108.2391,225.4192,43.319,80.2531,237.87,222.8629,72.6534,235.0724,116.5644,36.0247,344.8869,69.2622,239.5217,134.819,256.2403,257.0993,281.0012,152.0291,199.0788,39.1914,41.5127,159.2419,45.5865,84.4555,112.8741,240.6435,130.2422,79.3651,79.7692,338.9754,57.6907,147.9408,123.065,46.4534,225.5073,131.5452,65.3752,119.7215,197.0614,91.0502,45.2389
39.5906,651.4985,63.6364,136.759,224.4408,248.8604,133.2042,225.7218,29.5714,108.4788,226.2576,44.6426,81.9508,241.9262,226.7102,73.4383,238.157,117.3368,35.8618,351.6132,72.5243,249.0412,136.5877,257.6639,261.9872,281.4621,152.9699,198.4054,39.3002,41.8707,160.5734,46.8488,86.3324,115.2495,243.1723,133.4321,80.5459,81.8001,344.7253,57.2697,147.0581,125.3136,45.7752,227.9235,131.1867,66.0125,121.8778,199.7276,91.7309,46.4317
40.2285,643.7784,60.6797,134.4561,220.3014,243.7922,131.4238,220.8066,29.4984,106.8367,224.5815,43.519,78.7441,244.326,222.9992,71.1286,232.1127,114.4672,35.0463,343.5587,69.1816,240.8489,133.9996,257.687,259.1212,283.0597,151.2792,196.3682,38.7787,41.156,158.1248,47.7971,84.7494,112.2684,241.8572,134.2897,77.9435,80.9913,343.6897,57.043,144.6943,122.8679,43.8485,226.4303,130.0632,65.4115,119.7012,196.9758,90.8579,45.2272
40.0842,643.7126,58.0684,133.5807,214.1433,242.6924,129.8451,218.3624,29.2064,105.5925,222.3775,43.8815,77.823,245.9541,221.3719,71.3289,228.4035,115.3101,34.6899,341.5375,69.0949,238.7136,133.356,255.9512,256.8095,279.239,150.7973,195.0111,38.7251,40.5216,156.7175,47.2194,83.4009,112.3963,234.5763,131.1249,77.346,80.2222,339.54,56.3755,144.0307,121.1111,43.6946,227.7583,130.3077,65.6174,117.9517,195.2578,91.0238,45.339
39.8122,653.6226,58.1189,135.0913,213.3257,245.2967,125.1703,219.9829,29.3818,105.2491,222.8766,43.9211,76.3769,248.3898,225.6053,70.1366,230.1451,115.5754,35.2908,343.6166,69.6412,236.1903,133.1336,253.9708,257.149,283.3198,151.9287,196.1793,38.8717,41.8139,152.2592,46.9264,82.2901,112.1604,237.5526,133.6024,76.5394,81.0959,343.2453,56.6881,144.7867,122.9272,43.2065,229.1214,130.4868,64.7499,116.2983,195.769,91.9032,45.4681
40.2167,659.0144,58.3379,134.5059,219.4518,251.4839,123.0669,224.6582,29.987,105.1197,230.3719,43.9474,77.8268,249.1218,229.1681,70.0977,232.7677,115.3526,35.8998,355.4124,69.3363,242.8542,136.234,257.4658,267.8286,292.9379,153.5705,198.0591,39.2455,41.5226,148.56,46.5664,82.1158,114.5058,240.5028,133.3345,76.8608,83.918,349.6238,58.3505,147.2772,126.4544,43.6361,227.6966,132.1734,65.6337,118.7927,195.695,92.7761,46.3587
40.3675,686.5208,59.2313,132.8321,222.3069,250.6234,124.3601,230.6417,29.9786,106.9039,223.364,43.9625,79.8115,249.4707,231.2279,72.6336,232.9118,115.7255,36.7166,360.0793,70.8687,239.7792,138.5043,253.9594,268.7221,281.7088,153.2713,195.1804,39.8807,41.4383,152.2055,48.7136,81.409,114.6433,242.1836,133.1165,75.4973,85.6529,364.6381,57.5245,147.9559,124.3081,44.7228,230.5824,132.1138,64.9619,120.2782,196.9741,93.5975,46.2463
39.9912,709.5952,60.4448,133.2319,229.1249,251.9018,125.2847,229.5125,30.2251,106.7762,223.7018,43.9538,80.1222,251.0241,232.6435,74.2384,237.9028,116.0025,36.6732,363.815,73.087,244.6671,138.699,253.1838,266.8568,282.9925,153.6239,197.2298,40.5512,41.0073,151.7002,47.879,82.1171,114.5142,241.1983,133.5816,76.4665,86.006,370.5393,58.1155,148.4627,125.1372,44.5025,233.762,133.6347,64.9425,121.4499,200.384,94.6327,46.5766
40.0796,700.5273,60.8955,136.8576,230.9287,255.8544,128.0437,234.9066,31.8636,108.5398,227.6081,44.1555,82.5813,252.2631,236.0463,75.8034,242.0601,121.7228,37.1776,374.2458,74.4016,248.7225,143.7114,264.9789,271.3795,287.6835,156.1166,201.2598,41.0297,41.7527,154.4314,48.3123,82.9299,117.0054,247.6128,136.0468,77.8164,88.5215,372.6825,58.6267,148.8067,127.9941,45.8033,246.0199,137.2986,64.1458,125.4798,201.195,96.0436,47.7996
40.0951,742.8384,60.2301,137.4575,235.2374,255.6354,128.5736,231.4169,31.6997,106.8734,229.7091,44.5625,83.0714,254.3721,236.3025,75.7697,240.5767,116.5595,35.2565,376.7228,73.8106,252.5642,144.1373,262.9838,269.37,290.0008,157.2098,202.6798,40.8053,42.045,154.4801,47.9667,82.0917,117.6462,244.4208,136.5409,77.7113,88.4915,395.4136,58.78,150.0484,129.2221,44.9627,245.3239,138.2914,64.3902,124.9463,205.4682,95.3959,48.3876
40.9883,742.0509,62.3551,144.6614,237.4846,260.6243,128.4746,235.3087,32.0385,110.5804,232.0308,44.3878,82.6611,257.7567,234.8825,79.34,241.4206,117.417,35.5068,374.784,74.0896,252.7734,144.5918,266.0249,274.5651,287.7023,159.6152,205.4856,41.5588,41.5308,154.8645,48.57,84.5918,119.5574,243.2413,135.2497,77.774,88.8278,392.4002,58.8923,143.5372,129.8096,45.0356,248.0572,138.6458,64.9984,127.3952,206.1232,96.2422,48.8292
