INS00,INS01,INS02,INS03,INS04,INS05,INS06,INS07,INS08,INS09,INS10,INS11,INS12,INS13,INS14,INS15,INS16,INS17,INS18,INS19,INS20,INS21,INS22,INS23,INS24,INS25,INS26,INS27,INS28,INS29,INS30,INS31,INS32,INS33,INS34,INS35,INS36,INS37,INS38,INS39,INS40,INS41,INS42,INS43,INS44,INS45,INS46,INS47,INS48,INS49
1495720,453451,2529170,2305739,911943,259142,774082,121565,1126264,1292643,1636928,515684,924415,327433,2440390,1591452,122926,447829,287993,960129,239448,1321590,292003,1197423,2663395,2570870,931698,338492,301833,402810,481906,615699,3364450,395088,801509,264661,526580,1551560,692850,4658150,526835,6824112,802626,717381,866453,497737,862966,895184,559439,1272824
2923755,1286138,5634280,1166396,505147,565762,2351821,112915,2335306,1781063,644770,1372278,3909786,1035964,1889497,350367,209815,962082,1566793,783336,257637,1053141,1400199,2897335,3460330,1743456,3194129,959773,1455988,364382,1094567,1807829,2484037,1063882,891390,276306,496015,3742872,1416662,9516975,1001330,3435547,1690225,505016,1981218,1368088,801150,833556,4341938,2011828
2445309,1640680,2349865,1931527,476848,424009,2435425,237613,990393,2045304,1653193,1524848,3441802,511562,1131215,2063252,268593,1885699,911768,556209,408354,806954,2617989,3154386,1506737,2113332,3272399,866513,532074,424635,1983690,1581650,12210356,717337,245842,1069187,1842852,1383009,836518,6938127,1549947,5842378,2720924,1051463,3350752,2146385,1228058,2930054,2421984,810605
938227,482234,2803287,898311,412343,253023,4133620,199363,1342624,885286,934804,1168594,1410519,3633899,1867774,337648,106552,801991,1063434,1207239,548477,254576,561274,1051576,2506144,1631067,3132243,471176,330919,422252,666367,677777,11448217,448900,698655,370885,510746,2368981,943136,5517913,535529,1597148,1959587,534838,982889,511759,1040608,406768,1278179,1012953
732045,252036,1518362,453417,395642,245255,4205032,219481,1835055,1321303,772052,366593,1427737,1008164,313498,556756,165650,1650596,857938,1699153,222769,399669,391502,1084225,1429896,1450161,1737360,840191,339127,397666,824884,759387,5207780,194684,141581,357901,825023,1704709,520616,11091831,198488,1751384,3180487,651424,4209776,651551,786233,321861,1157376,737576
1719731,513577,1160000,445036,234349,273828,1444695,372949,3466623,398621,644594,387842,1824730,1507409,407355,1061295,171013,656195,309060,361454,296261,985012,537012,1531556,505330,2059902,816923,255666,256309,373099,407352,505118,7247222,370030,684597,481680,420019,970588,721843,1722648,329190,2875964,1932249,858779,2188094,556684,951607,692634,419769,281287
1489692,732378,2325366,525834,489560,628932,1857556,197558,4110535,549800,1350636,225258,3210798,370172,865487,883500,248669,1078865,1182909,1094694,666834,1286827,2198510,3412946,2252980,2507535,3139120,604221,235479,337476,288396,904961,7764353,1116331,271321,458681,580873,473893,428624,3512506,394510,4896857,791507,387977,2470832,724358,4579841,359390,1813359,898281
1195561,617190,3599116,1831010,565053,135568,2785364,399389,1220659,637827,671594,298158,1202972,652598,1322024,1147916,292041,415682,718308,1204974,479707,948214,923472,2531527,738921,1675994,2421021,629926,383233,258053,526822,625219,9709728,511848,440934,282898,1783625,1385613,938074,5044818,312698,1361606,2749223,1684269,1758937,524597,462997,408469,751282,642604
641726,700581,3287461,2460142,826728,77657,2317291,61719,736983,740631,1457573,414714,1038464,476382,373580,562064,448580,505041,738087,742276,267313,314268,814562,4145769,5001657,1441470,1492351,858209,399050,199682,725975,1716723,8076676,347097,400516,235526,1124911,456158,652187,3541324,310968,4027742,1185556,478004,506375,644188,823239,875804,729144,580994
352591,451900,5187876,1659343,1739344,59824,3064402,174688,1493031,442446,1479004,485225,1249564,288834,525482,334893,316877,609448,387220,719984,345762,1026773,1543743,2885958,2403557,2693854,2273699,493978,736530,268393,679172,1845213,4056670,1000816,854355,319975,1735671,2533976,915533,3419409,285657,1510289,2195230,850783,1250338,583189,1733661,1778156,737397,964219
458812,372586,3061694,1666760,524223,284273,2885731,137729,1516318,1034321,1091006,487722,455097,569010,527917,1831719,317166,426529,676184,1621276,856940,1246322,1306043,1733863,770093,1115522,2118610,898512,748876,135778,331741,2038989,4334365,1069913,290248,985192,732384,1221061,707811,2633480,263945,764726,835102,657353,1007181,962917,874292,439519,1066585,1055477
2054701,430901,3898141,1518174,535856,395834,846332,337893,2201617,1526558,762252,485027,3560643,1071621,783504,481281,141384,822035,1950982,1734692,619755,283972,1081011,2067790,1807227,1475660,2535846,614640,364608,388014,346812,1772262,6549313,387403,356246,1379214,610863,3030014,277792,5423379,217434,5027165,1254878,1773115,2504930,857581,1943244,1001960,2971744,1715313
933746,888224,12021387,2033091,1042709,280959,1409651,118805,2406764,750840,2512678,351956,1742525,773789,188899,1079981,104578,5374611,762421,913871,136272,1775486,984890,2139920,667647,1388863,6982153,158950,488436,687347,207290,926856,1771538,506201,983631,396212,1311540,759559,1705142,9063646,420978,2585944,1109847,993667,548873,2022232,1216306,676029,1884485,804468
767353,1117361,2541095,457384,1170759,152863,2063046,360654,1495157,730283,1302848,638711,926922,399261,794838,540845,216117,1781433,746032,923659,495210,184279,624609,2032623,971820,1692605,1103460,483020,595007,243710,337641,1005757,2591265,345345,241229,768980,1191118,1315091,1192204,4602461,206788,1376999,3347231,547431,1136270,833032,2825768,344454,2353177,450609
4510381,381555,5109292,581778,382041,355707,1015020,209807,724679,1758885,1342535,718626,2910656,1669497,2143528,731587,198472,1148619,1641741,387671,173314,1366945,1515753,2316418,1482637,1786064,5209255,568502,746262,629251,260492,504385,3382918,803665,389062,479675,770711,958024,203295,10484329,975141,2706104,6226625,2069511,5439966,1216459,2731479,1535187,1900376,819128
2317259,883028,1987273,1007512,234419,110560,1962133,147594,2448686,2070879,1527186,541888,2890059,879812,846006,632245,101154,1073601,601829,1879713,144400,635620,549456,2042253,1668918,1713101,5027528,213176,879804,619278,653264,1721670,3999427,730684,321547,357527,961617,505826,937534,1661993,604671,2700927,1492771,956515,2446507,656993,3697992,271158,535933,1981980
2861043,292219,711711,664751,551809,263605,1840013,261373,682968,1045133,3836208,529601,910397,360457,2515794,528733,129883,3650779,215291,403221,143905,670000,272695,1217350,1292445,5287116,837562,260023,400374,606685,374732,1737090,17128056,1138218,705077,321281,320337,2385135,1416934,3304728,668136,2440882,793327,984245,2444142,1162340,547236,191287,1280357,812907
728299,432469,2333630,655792,214727,440932,7195980,203505,525636,497009,1460856,884560,1093744,606934,452585,933499,220049,1665401,410610,281607,345701,1603457,1152810,1344262,830618,1916589,2502382,465419,850929,250716,1245984,1514734,3204446,1365279,229841,1483979,722647,523292,355487,1531920,467378,7256712,4513534,306729,1643876,887876,3434025,598719,907473,2254471
900734,852188,1711354,659523,256444,182653,1511864,119155,1107426,490480,2205033,871492,2975059,1369876,798906,788371,77467,1260096,438371,501127,755538,1056962,1154636,2536871,344284,2994007,2869632,871682,501099,424094,374300,448994,5950042,633125,466426,364765,1098333,638706,1129756,1433775,246874,4104417,2088121,285266,1079260,727721,2263029,1426768,1110902,1435183
853438,502911,3026230,562367,700972,63574,1322931,103853,2015814,337369,1774881,375001,1191460,1012918,395344,263383,196501,909844,394328,796982,538090,428811,652711,1538641,1003847,1754945,4353879,352396,348290,199320,248016,621437,4112390,582263,400864,813860,577085,1608910,898191,4137895,808442,1433103,2468672,442292,559590,552408,494371,477215,499111,705124
994045,417928,3580106,581596,292069,268628,2541770,176688,2132957,654661,893259,501966,1364471,447989,321570,778658,145862,580673,476698,757819,196538,235037,423722,560449,1178431,1179339,966209,389703,439697,543343,459102,467889,6497583,318955,273836,238156,406289,1686819,1051154,2119731,1185368,2542613,3881065,1167400,959753,486598,1275192,229331,505327,962235
1539570,398646,1487375,2264563,467205,147198,1711807,147192,2164091,1740235,3460095,1437666,1628287,615011,995317,354545,189812,543415,606128,755784,116755,302043,519994,2416075,1701638,4876351,960468,207167,324708,260580,604510,415839,2263063,1127737,1733144,387628,545032,709392,1029849,3559373,482869,3681526,1961966,542435,2268399,630512,848975,907109,1308960,529489
757569,1017498,3204036,661015,268339,142043,4126902,624222,1293800,535076,1133552,634900,794487,601535,1287984,295191,156925,1950774,1154713,818556,466164,516050,735060,2581394,830549,1942259,2511965,391843,471683,568984,1373637,522990,3040954,1522937,531026,621274,652590,1355257,927378,4802847,642871,1890720,1934887,640223,5406079,985080,1581981,1572268,556731,1854362
832112,298906,1088631,1415154,288507,473974,2880685,126299,794645,485114,1085858,452516,988217,1010958,668394,458420,216811,2680921,928802,203118,312145,680981,585366,1970615,740546,1285188,4141551,611911,995809,159569,717619,1135814,3955965,827420,210858,231275,597869,979154,850731,3168390,419555,924556,1702727,1638352,2361739,2826507,2080731,1464910,1797914,1451645
1328220,1168369,3305399,192344,192751,698829,750879,404575,1724231,1104555,1724134,893837,2244220,460613,745324,1895354,242211,1397428,380396,1328550,302593,864526,748632,1528143,1220156,5024905,1289292,375791,979083,847779,552089,2033283,3975695,874656,596123,1097726,666748,1377759,1297024,8039085,483895,3354282,3427259,612825,1479976,1545943,661002,2091060,2451222,1603353
671516,587069,1202384,1700256,776696,105832,1399290,185591,2556628,1165991,1051919,333586,1788675,1294386,474851,1271427,350741,2152113,569539,1381762,434908,594776,459499,1365386,661934,2339328,2957287,178448,339779,565832,692162,667855,11536923,135714,1743345,964789,681190,1609117,1133060,4064882,714524,2182025,1251868,616059,756127,495346,839552,399547,1616296,645863
1303604,427294,1128700,689380,278397,86608,2334242,83630,2744917,400780,877448,407667,1836639,328708,700096,668712,173683,2935747,799393,1238263,287484,905873,517643,970347,791805,4298231,3323449,238807,239458,655259,1188562,725133,3631991,675576,1046201,606930,2478026,1623634,241379,8817075,445243,3801413,2229524,310598,1473823,673094,1982715,732125,380813,818108
896368,346974,3475192,1249766,349719,151896,1632421,110743,5688543,847963,2253275,301213,4416033,1179863,221170,1177993,139143,509482,669642,679583,638621,1175061,1689885,914907,1916377,2819838,2235282,190438,173567,266058,783824,2321128,6693622,337588,448975,333578,1045593,723082,879040,3345261,200487,1074957,1315760,1176378,1979541,1115980,2512218,668834,771169,327402
1563109,310403,1280410,678258,684718,240615,783151,146249,903375,439910,2659016,429665,1573261,338842,210583,297865,182117,953221,342249,789645,334923,1590656,1033637,1043092,819180,2305750,1213007,283678,116255,317075,1064910,1006984,3520471,323543,423959,294577,547579,806387,491533,2362841,258081,2964112,803270,976847,2701644,1112707,6422613,635532,1418702,745855
1319333,392780,5630061,1714936,247230,345646,2510036,304892,1813760,473939,742043,784923,1739158,650720,779761,722351,139323,707405,1096857,239537,266330,1648246,1465911,671125,2164916,1369387,2916027,717353,856743,177755,829886,1950361,2916227,1127140,809316,641464,478196,752286,932230,7410569,942152,2580086,1365121,609670,2884197,1193345,2747876,1257605,777594,1978390
3439173,191014,1600166,946198,164727,183950,1355512,298934,2863990,1442519,1410029,976557,1199331,229196,333604,1273843,219234,719155,557673,1149348,234959,285244,593552,675492,1239926,1861659,1621942,1203452,451770,296008,1291526,396390,6287772,224011,241687,456982,2300107,1261110,590727,2890702,1032420,2923161,762017,1198148,697110,3013683,475984,390330,599143,1797394
1563888,388857,2961117,957127,607752,296031,5304503,588869,1052147,778546,1253619,479671,1085711,1892982,2950248,377105,524572,832767,1189384,1858132,547188,933659,2319196,3089832,2572954,2233201,8290690,426076,610332,151405,2117880,1035051,8737936,1467601,858759,832834,453228,1791078,531602,5379034,307316,2709802,2469571,1957594,2089250,2733801,1311715,966757,2538529,1526699
674688,1085349,1820557,657150,352151,130867,1729202,425143,1102415,486383,746569,757854,881381,519757,1049512,976424,148119,663611,287001,1065250,373345,779849,881349,1554292,1404453,1723958,4575346,659660,477757,271734,386233,1191543,4539989,648622,468966,338250,861509,603664,518628,4580210,537600,2383146,786522,489378,1663246,286251,982210,698249,410582,624000
312586,522490,5668212,880110,165063,344242,1549208,140342,1981149,896833,1643175,596214,1853966,909107,369351,677313,114672,2950115,213337,492942,175093,172298,559327,1682725,1685525,1296975,1126045,488277,217784,489178,1150153,588278,2426425,382318,271083,276341,598990,1269418,848597,3906125,251516,2794751,927016,958817,763553,1454117,1417511,239959,1030777,1148655
2188478,220119,3565220,1688236,437006,917776,3422176,598341,1747977,915918,1971144,989579,5853875,1191169,2315387,1967111,312599,735377,1181609,1367756,321223,1341317,1575362,6109334,803453,4990534,6417902,465022,1696332,607451,1372195,1265959,2828114,1239131,441506,712178,749049,1699999,1183300,20946739,408207,5580992,3134353,1637952,1858398,1411027,1363510,1270194,3227229,2036730
1161298,504716,1697194,485881,427901,191613,2495490,102606,1185030,1734922,779035,346385,2055841,378415,322206,1574777,258513,884912,968507,496736,310950,716903,653995,2187562,468980,1160663,849649,186267,827390,248445,627350,489878,4180864,800108,1152657,624655,474812,994790,706565,2788606,368295,985651,743482,876424,309377,420857,1229272,1187970,1127252,890877
2072250,462395,964541,613929,381030,189337,910788,175638,903076,588863,1931108,395471,2233746,607167,349792,784896,196841,1816633,727908,791279,124884,562952,904937,1062891,773755,3976307,1358476,616833,837116,209427,340329,2074047,6127371,763287,488920,1120161,1284283,985309,737324,6448705,133127,1577388,761937,975801,1309136,1027194,3658072,467778,1199743,891059
1680951,295556,3923222,678992,272985,632992,1472324,127196,970390,1485734,2161735,562946,2086021,344361,3029750,363452,117608,708950,287526,552643,219132,403887,809508,1177942,947828,1103140,2285029,682718,326180,169809,245940,983042,6968373,645514,472259,434925,619930,1484460,465720,3261256,465149,1927408,2103933,559931,3960075,858251,1782612,316343,1081141,597858
1035918,470248,1461348,904663,406056,164446,2097459,60274,1361531,599986,779795,381559,539303,401835,770408,1407287,195850,551435,353696,694234,327071,366149,329147,1502339,804654,1279593,2942153,226965,200727,611901,455355,476396,6823996,451611,737777,534325,850336,2276309,718271,908647,348766,1098883,1201420,675939,2739734,641475,403211,319140,658627,1130839
1555319,1121178,1760563,1018394,454149,245223,1719365,68084,1783121,655261,2692686,413126,2130738,708549,677161,1039721,173791,1528689,176875,630640,137877,843276,368633,2228627,1013442,1444929,1544475,316541,246655,601446,575506,1282246,3013335,517916,331038,336404,455643,1079765,1606362,3444741,484359,4611581,1475653,858763,2171092,625530,470961,1053392,1044328,1628030
1508358,313769,2723482,917065,399203,172526,1307001,103019,1074524,271549,2254272,438996,1118343,428921,1138793,2198229,301126,1094227,490196,736456,319490,874043,579558,2376758,901582,3534006,1374739,749420,652096,596432,676845,1175148,2122148,360934,359704,536827,1666029,781877,693743,2626957,446237,3063042,2422550,983588,1218349,1102314,1153841,1299072,715491,446303
1165830,532241,4704166,2325880,715304,278611,8513998,376490,1452743,5346910,1885328,1786745,3440650,2025761,1650696,1062600,661339,1072587,1056189,2083509,1251274,800362,1231020,1240237,3132204,2287778,3012882,537812,411441,454273,819799,1712983,7277797,510824,1463286,171214,422588,792327,2013140,6268298,193052,10402455,5247541,3351270,1738218,808762,1478501,4771228,1418393,1070677
1092325,474004,3320291,494349,163758,60746,1444158,274772,3758533,417870,2942653,507478,3532910,334766,686513,976130,172902,812013,949485,371163,233855,310631,829919,1211122,979277,2330743,1171781,172588,442790,531528,503767,1888852,2820682,1079044,1161481,821753,463395,606958,690784,4798417,649203,2758256,972903,687870,1343794,2135674,944569,1075509,921373,2618269
1099225,862733,4038886,1441248,751149,475384,719609,295841,2851963,922406,2601824,703633,1485954,362277,1269508,679572,245328,2550189,400596,1456617,226053,355646,521083,1885269,978626,1898881,7663170,436982,886764,774058,665200,789743,8159825,618622,765507,294793,450103,945217,1064285,1436929,357940,3384965,4696351,511864,657349,1149756,1639396,924358,1365271,1447817
2816607,970638,2196683,1315085,317050,200365,947533,290113,776134,396468,937933,777851,674241,384721,789135,584827,162221,888668,659002,616448,231795,730880,404878,2334638,1081086,2537321,1827982,290387,1202567,348283,699779,674153,2171608,912513,351347,929612,861795,1624050,1188477,4261934,603870,1281381,1502139,618773,4699445,800571,722219,254624,2008461,732327
378596,355275,1012011,750060,602986,331930,2236085,172431,1064189,474116,2788691,341410,3712398,821329,155958,600063,109802,654664,1081977,1184139,304809,510188,621626,1363613,1083037,1783588,1703064,390148,1243313,425751,292430,626270,10198382,815195,451643,570857,1913139,1151659,941899,2637786,382768,1632561,908953,784483,1746503,580954,776192,698126,2585025,1050976
1870016,626736,2509265,1871343,377616,267774,570293,104312,2569589,1945236,1244201,345667,1557988,303474,451456,593908,166855,2023847,755191,745273,407206,620808,511789,1695134,636929,2699521,7280535,714753,639632,281299,224104,646385,2976707,509435,657797,515003,631049,705229,1570354,3462092,876262,2853110,791246,953487,1184527,837569,803366,452060,5344151,1079551
2622247,1031932,697462,2154686,521519,349245,1742952,121609,3886210,1281842,2369978,680168,730635,777562,1725029,1670536,84861,824335,547250,453217,146494,541367,690383,3341822,1526203,2498859,6554112,357571,416217,210273,1049638,354300,8908562,650259,931202,957207,766841,399815,1008644,4207864,649234,1985720,1142751,2419766,1798811,2034700,1308196,1503443,754424,726781
931033,1264537,2588997,1103234,784586,363009,1399413,265994,1311191,2637169,928170,2465586,1622973,383195,1197350,1519408,542721,1757213,745273,2678523,235508,1193328,1281162,1467669,2825094,2229865,5249828,723479,1700538,524804,413324,837708,7690476,786579,543181,1589007,603871,3149971,728662,8431144,604350,1548688,949750,304585,3733414,1154851,4312406,1432505,1345424,920479
1234031,374062,1724223,1978609,383284,875888,1724390,147107,1056675,1138202,992190,204919,967650,1207132,540594,570817,156680,612689,1097002,589162,359232,254960,181523,720839,833276,888512,1370039,94978,791439,515438,378048,533204,3344556,479859,919744,641541,1516711,855779,467294,4565154,484477,1427881,3975015,1694558,2205192,1031934,800520,1202820,1657776,636092
1066993,682746,2161124,726657,404692,124679,1644726,122684,1402637,669068,1315820,1017423,1902382,386393,844115,512939,215004,2108634,208903,707122,364554,331187,442461,729079,755343,580607,1079353,2125175,274687,633511,480965,569001,5483366,558251,401519,371938,272487,741274,967599,5853375,625847,5140567,1093786,347161,1367512,3272964,711981,1052334,579055,481398
2034052,425752,1438325,703181,474322,294357,2504782,92206,1358666,380686,3913264,867509,1744972,386207,456278,707642,178130,753431,1985339,1563481,247489,756403,533935,1766961,625982,5198767,1361230,412861,147529,298696,579064,2272130,2104418,1548844,1231628,300129,1003065,1660663,1521573,2137908,328097,2938771,2542064,1257060,4771712,1243979,780339,2224745,448589,932009
2161854,556902,2991142,1196376,327688,174659,1716039,294370,5995835,1683962,1490858,544746,2527873,1519347,1789699,990228,321754,2047920,1927985,1214377,1171953,1215983,2494216,4538578,1015588,1450766,5230045,1091064,1061623,485845,1440042,768900,2905924,253970,705285,561485,1178017,1248056,1321640,10948779,816693,9504663,3865673,200606,2816568,2361464,2709086,2449754,1264972,1521505
2971636,461684,1343504,625985,600766,161636,3215777,522978,875122,1599254,536331,337455,1773808,418173,495672,969838,150604,518984,1116413,811957,682062,1310214,435810,2841377,1066064,707926,1020272,166058,261149,161541,1545774,339924,2092899,360368,1219829,1324153,1627184,1022302,1058543,5452757,509093,4347723,653525,1464933,1219348,956484,600360,446359,811321,833814
1898240,1619061,1215457,461347,350598,154880,2464753,86497,704316,440347,2500634,347205,3272408,763102,622519,775248,72948,1663291,335991,572662,431565,443892,852586,2312667,2440994,1755908,1234210,347290,183460,634711,830116,1119699,4061415,795894,395662,280731,354777,602829,1109270,1160835,972295,1627215,1050336,367812,991322,1459506,1663821,1394744,879424,428339
464469,423232,4092785,1049038,359033,74066,3642572,198219,4806122,407524,2114801,274612,1413072,396415,367612,1003968,242433,2048862,155783,501578,273455,963284,595789,1797375,1404791,3278762,828145,373456,454863,278408,701780,980313,9700401,503236,440167,488747,860555,1645089,413728,8099023,422838,2566308,958022,747726,850823,524113,1178624,1577593,309295,693236
526827,511353,5454037,2031899,269647,83454,1503919,175527,2128215,307241,2069142,1146722,2616513,960587,858898,1201010,167970,888802,541504,523836,244067,1003672,1771079,712078,1020472,1529294,2163811,334035,171462,247870,480792,574670,4126716,352702,646711,303645,1306394,2183240,949622,2041562,174637,3200084,2428047,622635,852952,1753484,1845398,608732,508860,985066
1345467,652006,7560212,2205989,208122,139320,1772850,170083,7373447,1433765,553922,538626,1062587,1270210,657602,684123,107737,1927361,369343,579063,441367,175702,1310948,2035773,783375,3452580,2284169,257571,748439,456079,575728,1129444,13033847,250218,491686,955476,465081,559885,348697,5696219,308770,3825667,764690,630581,932441,895521,3969030,651221,1611570,588085
3115057,626219,2481299,5251912,505585,271300,1735409,208206,5658996,859367,984551,696677,3079426,987800,850686,1229269,294978,1745952,1494115,621009,492174,441601,1242448,2350118,2779852,4352110,6843725,1226671,352544,193556,807109,1428408,9324267,500629,274428,628109,329360,1269944,683515,3933323,994409,4170365,1574658,936895,1443835,2199288,3552088,1219091,889787,814580
677358,854529,1751796,826269,625902,528130,3812521,124995,1427667,1453669,862307,338537,6150508,1128732,2202831,1069383,108608,1173506,616680,1880541,1220574,1042812,1712400,4395796,4375923,2399251,1791801,422684,638897,311218,717201,472478,6169996,307505,513811,733749,726726,1174113,1360631,3286632,1142826,1275078,659968,1203672,781291,543816,3733916,1313205,2952641,793237
1074385,486189,8558418,619141,604223,109849,5129947,264182,749590,796379,1271627,487670,1940604,973497,649002,3080311,113370,724141,444497,604113,139414,988139,596324,761184,1718926,2408738,2003452,727877,672620,427939,534519,920775,2590217,515971,654050,1176561,402912,676747,803515,2937884,723848,2143329,2207667,498492,1515748,289706,804406,646698,1303614,874904
1459687,174791,4945102,1309849,404145,139371,962531,278710,1389493,1368124,1174486,643535,1363912,441063,184829,1056154,102503,777307,1279723,805740,216697,522734,228427,2089488,1170270,3733202,2387189,270059,1443336,1056149,486387,394495,7658448,684267,398342,824412,466078,2322612,856610,9744798,862007,2994604,2436762,916219,857675,784686,1311250,462660,1168073,622644
2440711,1080828,7576984,3102688,1198763,763417,4387156,435160,2578217,1584059,3320453,3122838,3404392,294923,1572705,1171747,520172,1817552,3602900,2523081,786157,1188240,1218037,3477362,6204143,6732910,3762756,2747463,1142567,1219539,1277879,465626,11850279,941834,2410430,615431,1503185,3281239,2187241,31955261,1345622,5757219,3047363,3356833,4030736,3244261,1873161,1045481,4758190,1912925
1248751,306194,3903965,486756,464495,152855,1956360,261816,847633,440235,1970710,654814,2188248,329446,364459,841818,105314,589470,526554,2168969,310399,360607,674070,1057614,3145229,1809331,3683621,314818,724094,368850,1337997,796897,1267202,1032976,466948,563994,1194600,574688,785592,8317030,581682,1317645,1096372,632299,1482052,553388,1063083,551974,1183102,885817
648559,350180,4691562,3261668,567485,294756,4933844,143581,1279121,1212766,1434634,385404,4295792,1155424,2875240,428619,530905,2256840,486301,1648156,787708,1435812,1727290,4639911,828713,2273944,2930455,1045864,542982,483317,2208367,875448,6476378,1167440,563251,561665,1305706,2418685,387015,4619828,900494,4691321,1638830,2912145,2134956,3331534,3263416,2074074,882565,1214585
1080990,898905,1747113,709358,517226,156062,4693092,421322,1265379,682914,1005810,253887,834550,404080,630155,837860,153014,458188,853359,983964,512472,394441,1354274,960777,763098,2149795,2097768,364687,260131,160878,598788,1948255,10442178,364546,227408,660795,603208,1285917,1151058,2220674,348146,972929,2077156,1294594,1282904,2105271,1112729,343215,685995,1195883
409261,390145,1867943,412570,286431,242544,1844592,231414,1370830,967888,1595443,332247,2785030,485974,678047,1487741,111590,614521,377675,879492,487578,633769,957006,1082865,980183,1575653,803824,241450,459509,251534,712102,1156946,4997820,571317,641311,489857,605403,584728,1254855,1923784,370110,1836477,2233131,1462947,517660,2063350,1430438,1578746,842239,1497455
1631252,604067,2292067,367470,1270422,164211,1761987,261577,2810929,1753468,909800,1424793,853436,344471,1135640,961360,133008,1111803,1135374,1136750,208276,531750,882203,2153998,1507601,3299039,3160139,850716,361316,351064,361707,1511177,5661491,1106612,100416,637267,441147,851759,532515,4163167,608343,1768152,679357,1496275,1362735,2040074,644113,995453,572511,1767068
697663,337897,2696652,1123173,1236475,259995,2089641,333039,694570,563630,1479980,411401,1209416,685519,1001875,554264,298818,1606580,606772,622017,609436,687809,1250029,2606435,2733270,1637491,1630707,576226,524094,111377,475979,1197726,4995329,764254,215554,262901,324361,2100987,348101,5820720,357563,2229755,1050986,428276,1807653,1224029,1179488,2590603,665274,1193490
656743,1194803,4061874,1419991,1056783,204685,1614703,112568,1646658,1064825,2211548,615702,986652,158134,305552,459591,300686,498046,284628,539634,196344,940917,2309675,3024573,1913393,1060135,1847107,612722,259769,234096,467085,761947,5245691,582225,777859,376613,979588,730217,388077,3426302,378590,3227115,822072,608944,2385887,2365661,538098,1318911,1214773,409576
1721514,335452,1017342,608014,386625,148379,2168321,70074,4337486,300928,2964806,400516,1455433,884060,853759,499067,137191,323456,570719,444315,617722,279531,271350,1354447,1825589,8571527,2568314,152375,358356,880536,855629,622139,4261326,358747,732828,386809,842264,1912188,560426,3872727,449332,961772,698457,1761607,849434,706142,714994,616736,2356773,237743
1106230,948847,5086443,969754,583196,230934,3709629,272981,2722202,1509488,495483,367620,1774936,1574857,341098,1333584,90522,3648217,1049707,384629,221354,613016,807960,1558278,624581,2700554,2831322,629192,1352091,203581,1514934,674791,3306798,269091,388228,437702,901732,494348,787412,8802108,654100,2296564,3221630,561957,1338253,511126,1224207,433169,1074117,654594
1416438,479898,897965,685857,326822,85480,3148790,146277,1615443,944547,1514000,1678175,675437,811396,891865,477527,190317,3347708,587126,171193,194716,968919,455993,1773584,1611683,2418750,1189125,1167582,600915,465684,458723,879753,1482776,1016497,304845,363570,319855,991204,431537,6163479,215546,1722311,2916514,571321,868911,370015,732838,2090861,564367,1775819
2310654,407360,2350886,890152,736305,95472,2635231,90821,1396458,380204,1021456,441153,752847,404347,379133,646512,320579,1494571,507303,996608,153501,683750,279245,739407,3311725,2572158,3285116,743298,442387,364638,295626,732990,11500598,332405,513695,680237,864744,1875070,604070,3882873,295919,5247940,1253192,340704,449343,469936,739665,935299,889189,578946
1481087,769469,6656044,1741493,399621,247804,2744935,561420,2091918,914397,709944,380320,3664821,499163,931010,304126,241169,1244347,1039540,296289,308057,236280,1982654,2389660,2376491,1677487,4505626,754518,1016566,352333,767443,788127,7710426,2874522,775864,615038,912137,7112507,1247949,5110116,488768,3999450,1510360,715003,1084868,972442,970492,727436,993716,446398
2694296,450281,1435999,439403,1027759,278437,3528522,146732,2954192,897236,1742333,736940,2779974,1042341,1815437,1592606,108850,1427587,743067,654164,212458,1185914,1947549,1056052,1284538,5749755,1448513,282658,419069,628221,910927,1648754,6363410,357534,448698,848632,1057781,1400567,717883,8320541,601030,5013632,1768442,1398621,3130014,832920,1042139,893104,569928,1299191
793930,809012,2398307,1462879,336853,303030,1309355,185955,872948,869719,1819093,346891,782611,1057922,624426,1082345,277635,765799,1169628,586517,147038,565351,1139173,3320668,1064774,1196788,3713517,383614,548105,246957,349929,854386,3561796,399094,1397796,523580,401576,745720,974354,1794889,333030,8441598,1417747,720095,1123207,903993,891120,944960,1131598,491027
2035016,263830,2578134,2093408,473268,414165,4060158,325565,1064903,712029,2711665,1862863,9827861,966411,710597,442148,138380,904786,775020,1537275,499957,656643,1873630,673976,1382568,895349,3449460,2443994,298338,568592,2842955,642004,3714861,877474,934920,420968,1883223,1422836,386719,3781593,414113,2271627,1106936,832952,4006209,2836271,4965924,402529,1498003,1679758
1969286,521212,1634063,430376,184843,77273,2928444,221767,2966955,422950,2951594,503485,1338678,1137682,940534,923549,81099,863093,475430,598342,294738,519222,658837,1117866,545850,1352165,1587197,438291,474922,99246,257725,555954,4465511,578428,212657,540363,315843,3368087,2271138,1961480,537530,1382217,1275084,605404,426553,797734,1868951,1101387,726250,396939
1430623,359426,778335,635231,226321,193670,1174399,203360,1498007,1035287,1812348,1112976,1755840,231635,434103,914283,126883,2139035,689711,518882,488874,909679,371160,763058,878969,3068277,1438714,289571,361959,136799,475630,2454684,3116847,592812,675198,975497,930976,1381565,293754,1795522,454346,468119,1423227,523085,1141815,303086,1121341,513906,1666635,241582
1564699,686642,2491719,838072,583606,114453,3701801,279029,1570258,241230,2138186,464555,1121759,1800118,335023,2564121,179485,2095119,313839,360109,207663,251017,589269,918433,2224555,2508706,3112959,435717,273419,169595,824389,1286922,2290464,529481,327345,1177710,343032,643774,884965,641036,390172,2362352,886036,621840,4989194,1288738,429252,363383,458513,789991
1972977,469260,1612573,377535,963835,201313,2456608,203435,2267857,1246000,699925,413632,2525031,769378,400392,637529,186537,2350008,711012,439384,740852,630384,1236120,1887843,443078,1637284,6111686,500671,266027,256492,585548,1603517,7578252,354372,589197,1051102,289063,666445,504633,6294937,593590,1629487,861234,422582,2862333,1273961,507875,1129746,932370,405092
540918,743311,3753532,695657,893020,97588,1942257,183588,2919393,364224,1913545,196758,3345216,685082,939296,898378,152119,1713644,632858,478736,228429,526311,2816844,1189066,1000448,2443570,1663247,467326,198723,281277,284924,1834646,3438121,838559,426511,1149331,489866,687378,495892,1788714,1290195,3708794,2344399,865856,1426672,350334,2536518,1888680,1053363,1378282
1160330,609661,4348847,1002075,271214,175381,4005968,220882,1846827,1096299,1240791,275548,828939,607733,800085,1293863,536264,1324027,912048,875980,281427,680164,929048,2120346,1918275,4519451,8298898,947970,269014,217282,383525,919714,2679668,431828,686476,351813,627946,1482733,501578,3622584,493587,2123496,1233278,1330025,1467668,824798,966345,655634,1011295,521121
1271674,313548,3462884,404379,133596,102447,1880854,118283,1934777,379966,1638487,535666,2089041,904469,1551538,564179,277731,1693555,540321,1132791,252882,998340,1022536,5240931,638385,1041388,653952,488630,432128,296599,735933,900579,2079277,824469,633511,287982,954280,554506,604029,2006373,259396,2599815,895214,509926,630001,1692247,298666,914854,506221,1533440
2836568,2270190,5573017,1880641,779897,1289383,2115924,301553,2942421,3802249,3340823,1689198,9787988,1097183,3366885,1268974,288300,1373860,1912230,680332,1202232,2581181,2728134,3871055,1084742,4143373,5138398,812687,1725744,2081301,1394969,1477755,10008876,568442,779339,424110,2139166,1053048,2243214,15971786,773347,6015360,3340248,1022081,7150106,1845817,3264719,2025336,1779303,1329185
1209721,1161506,3703114,1257465,315691,207087,910823,162669,1481420,1335604,2326843,804547,711041,930705,2065261,504575,260825,1963369,893330,405601,926541,667961,542963,2946072,2262019,3475928,2771196,313783,985086,259513,611734,595502,3235432,1188904,306439,1184163,893698,1334587,1333476,9384172,255187,5899668,1130691,385526,4973672,1822938,1207331,1603976,1452906,1389358
2626627,335769,2251405,1242998,1017818,388104,929445,100268,2037163,309925,798524,291854,4440549,430530,961066,611725,404545,1369207,696956,984908,381413,537366,1243634,4063909,983571,2094690,3454484,595107,491388,143999,568845,1593991,2968875,274641,1059706,839116,1456195,1932885,325824,5240386,1455841,4975397,3191755,1580980,1768907,2031687,1281779,692726,2604797,779446
1515991,242867,5341982,2181996,636714,202197,1716012,113719,2146005,546258,1543333,170563,2173662,478923,1721473,1879353,362870,1648837,1857154,1126081,449010,1020287,735413,950300,1129122,998007,2456381,246871,774223,149295,245114,1405013,5618681,540802,728172,419229,2444912,577998,1672403,3115491,233348,1748145,1721687,234108,6442914,1421563,1828191,158868,910211,799461
1186294,210922,10585701,2019958,321226,502439,3340915,166222,629386,769791,2060331,579075,3356182,1855560,1102614,435759,220431,549803,974725,1060874,208965,428975,870516,1224020,796001,3017137,4310867,556202,836681,547113,759008,2540072,3025533,901772,448265,650661,470782,751856,1139158,6791245,1082978,2560864,1869039,857358,1902740,571623,781022,536405,2780074,1778201
1176285,549722,2664006,1674192,432739,206656,2400270,217051,1147446,1295228,1200489,521964,4135024,683900,522246,1035555,390627,1969354,1181189,1707325,820550,374588,1315489,1637726,1854573,1327686,6458474,813335,634612,861539,1202906,406366,4609270,423337,634506,832921,1905178,969583,905743,4357425,333570,3633118,2424974,289206,831263,1033933,3150421,948341,1622748,460952
2310711,610065,1175653,588304,232870,172913,3773782,143525,524377,340249,2167519,1750592,1618871,1902461,1048181,788806,237594,1211228,304509,2683407,482579,153891,1431203,1854090,782464,2233087,1920541,550303,377607,306849,758444,758905,4432379,508362,375293,652757,441268,857768,1237766,5251178,483741,3398777,682976,597932,699530,1603114,803511,1174721,378460,485904
2373882,459601,1290406,2063183,339285,338211,3899982,64619,1593775,434744,1421183,345257,2182308,1293063,698998,239246,352286,979480,249140,285992,629577,1729188,830704,3992321,879732,1666189,1050026,386670,543454,483824,967871,728393,3421532,440663,444312,419517,1006939,835379,848247,3992664,530114,3249117,1144525,751985,1774987,703834,603421,989616,1696716,621016
1478912,654396,4782555,769693,383833,414242,5060874,312386,1430340,993305,2725028,509666,1337775,338525,534968,881666,375948,2121925,594200,1349564,316017,580378,1183730,602273,1929350,2630032,1295874,331520,653160,520991,1762297,1324654,2066713,640421,502046,679680,328921,616398,795014,2008671,663784,3291307,1672383,1044870,3650982,873170,678124,947901,473747,259234
747492,204013,6189789,398090,1075771,289508,1366612,463231,1437238,783888,2804727,789531,2241108,1111808,266472,1280201,104557,576953,830806,1436356,301155,583472,1023638,2135325,803783,1155423,394578,357460,359959,615642,864508,1093817,4502945,724965,156616,310850,624596,1395393,1573640,2222334,625056,2450909,2244420,987137,959786,807330,494414,771606,960488,1904328
2702791,821654,3794952,777804,565423,182931,3041878,178683,2072267,289250,575484,407745,1118057,436661,628385,584124,234873,740842,950520,860870,150709,587886,513084,807544,935374,2198444,1863841,665687,983388,98655,618683,1016769,5406530,561958,764525,628742,1136540,732291,838849,4459601,186129,3856590,2539892,1558517,516733,574219,1466541,1160988,3059771,1241183
548075,528222,4237780,1047061,566322,384137,3518044,538615,777355,924020,780424,469709,2018346,1688900,1084369,448295,266708,3350036,1508719,930438,99605,453173,1005023,4330373,934545,1251740,3206678,272595,412321,436431,1230018,2087670,6014860,349181,1103452,774700,602018,793509,821560,8099706,121048,3477237,2279777,1053153,780680,1129326,1594518,443763,858026,1215974
1124224,444217,1067970,241072,595893,292417,2172217,156672,1409737,1029668,1629985,269927,1527839,288704,318916,1262621,115712,1322533,452572,1248475,256622,183664,296726,1680396,1139567,3431419,1540810,510497,209203,190518,519227,1181101,2128214,260914,482411,898987,315426,983126,826681,3920374,319192,1481467,883787,4689343,2280608,503288,1438796,423831,886796,700007
612117,938861,3200824,900537,280096,218395,3000382,152658,1592654,1242577,1177773,976049,1513144,323727,666096,2608605,352625,387700,158480,567731,630566,1475885,578425,2116679,855224,1657307,2172852,788385,469386,336223,542584,996734,4697480,550443,273420,261637,1294237,706641,1464313,5018946,592735,1811874,1966631,338121,1221470,1489913,937251,445913,697932,526427
1732909,1169951,3787223,781905,631285,347388,2502168,534436,4121939,561359,1290100,675794,1705252,473482,738097,1092941,282180,869243,683211,1723013,371290,1274072,1064709,1531702,1472651,1487569,1468961,853603,391485,509538,909323,1325477,11179744,339141,670298,372056,852893,437865,1446631,5593126,692633,5327754,1895508,570384,1441641,1774872,1695685,1970367,815644,662635
1190993,1186795,3417844,721773,332857,202026,1780366,148285,2966335,1046142,1990713,167926,2076166,832777,325044,1001302,395975,2600566,220051,589038,460799,212777,654271,5708667,1109727,2891403,5078380,202991,622617,710458,450766,1112981,5779326,1042585,248862,710372,1562012,1900262,828160,6202464,126011,1235022,2105865,905445,2436471,1673333,994787,787444,246217,730204
1545465,784638,4542643,493251,75125,111963,1610573,302963,1249717,883554,2657425,489151,1592700,938712,462335,599489,98959,1469953,450380,431071,285268,926558,493639,1237446,931638,2717799,2673708,529440,337603,534517,506445,1536872,5631786,397027,398382,457237,510458,335274,1715665,7594815,338834,966298,2205612,616041,1630190,844563,1786506,741176,534919,923716
1385170,495204,1321052,743874,270989,62790,1307174,317543,2031879,584797,3293553,598507,930315,1234326,262455,989235,85933,1647073,454794,275324,144511,512387,397975,3553529,965723,1775947,1723575,118487,316613,422403,749466,566993,9131353,251535,131746,310402,393021,490616,917025,1713582,242010,1841734,895781,997834,278042,519707,960821,305677,723674,319916
730292,646540,1329803,691032,808270,316976,5467815,236824,1963555,616559,1714514,670559,2876819,538478,1531643,1342533,514005,443437,609035,635074,304591,691175,1665250,709804,1631675,1789372,478242,321830,598993,157461,592414,721522,6177214,653181,414675,697800,803320,756187,580122,9406079,670010,4056447,2151132,1595402,780053,1126919,3135237,1182884,1862421,1564224
2116395,226088,1258326,1942172,792420,413888,2920094,602601,1878696,1108923,1218968,864868,4800780,1065040,1301003,937492,929849,1646148,1077919,607018,178431,438541,623926,1948764,2144520,581067,4563594,746998,951691,410982,1330377,1278147,7011345,389744,833340,574065,713737,601318,542027,2800168,777601,1374468,994158,733978,1526189,967772,3071359,1419090,1106816,399378
792411,1120089,2609716,1088480,464388,610792,5057114,101166,2735451,520753,2990021,1541598,2854412,661185,1573371,394948,216183,1848973,684857,1216279,478115,797815,839710,2861841,2349237,2305794,2574326,660953,329445,1654173,2855565,1942594,4478857,672647,284893,481342,1152596,1789749,1160244,2820339,308043,6613985,1348017,1034507,2061995,793900,1780260,1721559,571944,697074
1207066,448590,845043,1012138,369112,85999,1903611,199026,1016217,729434,912019,394419,894510,323956,1107286,298458,157795,548175,387440,2063417,255688,726383,702928,1297969,731378,2520980,2590339,402344,700340,341235,372729,1074901,7555576,620402,381060,462765,840834,2122681,571451,4632110,264297,2811898,1155676,1221828,1727016,1707623,1193180,505352,524823,882142
681574,534746,1748213,659036,792200,120313,4744584,465058,2540809,675524,1595339,1141891,1199086,479500,359545,703557,186347,1342491,574278,1007536,466240,597545,282960,1071003,1205565,1026436,1302811,610567,134913,183110,250945,560686,2877560,385833,1011483,288682,1018525,585922,1756784,1206546,393778,1221453,1813992,519098,849480,883891,870240,416187,1892714,1043296
913923,572664,1813342,726670,1409016,86823,2375250,235847,1410780,1222239,1931674,883754,1420107,243585,1371028,874932,165039,1217619,444504,763386,271551,294666,1115267,947781,500016,2492696,964535,747545,305393,246846,400739,797086,4541927,329224,430989,513844,982027,1253744,829736,2547634,449206,1683903,1194408,872101,459354,729310,1898803,1169753,759901,535679
3922874,1541797,4303158,870799,210860,276133,758830,288349,3349529,809726,2284475,549279,2926681,1191731,721269,328532,390375,694267,757634,610400,593805,579800,1361109,4580790,1696523,2633663,4308652,531597,976022,281426,519389,495911,4964965,443121,1182469,887703,1037049,581461,2969067,3116967,600300,3688904,2835561,1206040,1995072,2235407,2612724,1150004,7182777,659906
2010509,550091,842472,446429,1024536,117911,851211,124069,1863076,2056142,1093521,1453419,1560518,654698,824686,515102,236421,1380303,659696,235510,550593,587263,731784,565726,610213,770864,3669350,353328,207611,489614,267745,1474296,7736400,1638197,890451,479692,1161134,747857,1202536,1984496,516557,1387363,895517,898324,988455,1191600,508777,274173,1633635,3912134
609441,432052,2011081,853456,465860,187060,4516341,83224,3211689,631946,1140342,1201573,1493135,195266,251188,1106503,645918,1347041,630447,849111,209117,434304,887493,1760521,1203279,1410525,1067776,146829,865186,226189,1386306,2329857,5582450,776833,972273,962043,1531369,823045,400649,3841862,801274,1525557,2141426,727391,1069026,364556,2136561,491910,859648,2935430
800570,459253,8649973,848290,246973,78861,1328240,315566,1891847,1847233,1244434,795793,6700796,683731,744837,215746,422482,432796,668736,394231,381739,1413478,701185,807228,867872,1906620,1301573,777431,1394033,183838,1117834,2336971,4752995,539320,1025983,493518,1071340,813135,835752,3723045,504061,1926132,2141282,484059,1473588,1756426,1853351,310654,640727,981575
1352353,403801,3999735,1868997,347215,181561,8231648,209301,494487,1002386,2141072,756626,1303062,699060,452826,564890,78818,575113,693648,516596,264346,835890,1263345,2633396,1211517,3963997,1219302,1154231,347565,636017,1039192,1279615,3756516,593707,707351,485201,1200078,5893431,1036027,7469209,439007,1963565,691173,559308,3976000,842564,1833221,379537,1240752,761943
851181,399388,7713305,1051147,309954,143235,1461848,225364,3385565,1307077,1850911,395737,1157811,1017633,1372135,1004381,215223,3323299,610276,516824,600029,2280710,1145531,2373713,583725,3195620,968839,564683,607277,206324,794557,1479053,2603867,2174048,1143872,755950,289524,768539,1155023,5874810,1054180,1299320,4995748,655454,733338,1456851,885516,872470,964258,1547209
2550541,293598,4681122,1490865,507388,148207,1476032,71340,1664075,2148456,1063562,207771,1738713,1006093,298125,1079118,118370,975377,1136480,413666,285277,1951008,1125759,2385975,859265,1782846,835372,231843,230778,221028,575047,1551398,4194847,282398,657095,413446,358832,964229,854956,2803343,193670,966292,1465323,893629,2656059,396110,609299,370473,515499,742489
2055845,264037,9680089,862090,750258,159084,677140,179540,2936872,430076,1590785,1005264,2311469,1713904,1424825,1259803,217271,1313781,569530,732979,167970,1468243,727592,1538518,864642,1403314,4673916,592173,154771,296424,1521131,1333156,3615704,396822,965149,257305,841811,870709,1806362,4336097,100633,6179485,1147837,409097,1554803,819379,3692204,826357,777357,747589
637263,560462,1406716,1161194,938188,323779,6022119,145165,1082407,1376713,453366,1607847,2115000,443284,495173,1511709,167662,1559183,359183,883331,727930,865618,1075130,2109735,1847473,1178550,2363616,311731,889218,321256,1543557,886115,6730550,381442,299314,460381,695020,1020370,641178,5556991,664320,2575802,1190544,1317604,3582930,2128610,644978,1282474,1898196,1503106
1171276,407125,2937839,457014,534285,146421,3886848,154706,2399281,966010,2185831,716841,694306,1136436,396168,357136,249097,1579672,311178,1584222,278999,682414,643823,1215313,1948287,1387302,2830210,400746,289007,190409,1625981,824755,13910728,1255812,539963,489101,408261,838632,1017930,6090833,430912,2249458,599542,1157148,1704159,1937162,618952,907002,672157,1041046
620530,1268866,1190222,1490795,778590,164795,1124256,103774,1134707,2163836,1125560,374045,2464847,350009,252579,759590,140104,817657,373699,547713,383881,356256,873077,681529,703761,2933388,1232393,246829,305733,281176,858762,650546,3632630,497214,978321,340410,1391821,734655,1005432,5672357,650439,2908838,1127475,617037,1543984,824611,877399,383146,540212,1264903
1085888,1448563,3445485,327078,429208,221334,963277,93798,1844736,1712412,2822122,865384,1118309,854737,371869,1211895,85886,1169723,410259,879547,169524,340267,225593,619602,1769844,4233662,3074167,632183,221677,346258,1016787,1128980,7539688,377451,541798,505281,1106268,587348,1929035,2734483,570722,3382765,1985232,225142,1214857,1266458,2916829,924859,1650552,550843
2830406,592978,3914481,1229146,664957,240119,2187141,308569,1838187,1583702,882262,1470284,2869589,1081719,2072770,388779,503679,1244786,1135033,1032392,302866,569507,1046348,2949239,509645,1522384,2955567,486811,557391,340368,299825,1865702,3662089,720870,273027,399137,559519,760931,1745159,4146836,501499,3056587,2127954,537855,873913,855158,894246,714369,698951,2935438
1815072,309382,979197,1337935,358113,209311,1189816,135441,1378462,495571,1842643,546462,531458,587761,816336,964810,96090,1924826,1098355,572499,259005,298249,831869,3537408,999832,1872448,2527112,2912095,264919,1100738,295080,804820,3915850,2253167,282937,835840,353388,1860873,979688,3107919,470475,1601397,1066645,836266,728033,2389793,681487,525244,571070,859439
836906,783804,6181539,437467,374996,97185,1694981,96314,2455371,284429,1845060,375983,833349,846172,733384,915375,202395,1350136,461095,467389,198958,888235,383834,1658982,2547769,4787010,2059618,771207,982378,162418,407457,640096,3984286,1273765,453434,851685,675138,1914773,802826,2125563,240144,1302452,4090045,1143298,2010786,732398,715545,507129,1208092,2595966
1370786,1018676,2704513,1608527,281629,133301,2518221,107746,1024422,469242,1974964,621865,1992366,649994,563942,262775,171934,862805,215419,1038683,248524,634338,1268000,1402137,1552844,2843698,2061165,442166,565077,268874,1360580,703377,7975208,1240922,627989,220926,480156,1070082,1083245,4965267,382636,1981325,3984137,929893,2513999,1874318,2276236,950413,375399,321624
610050,1809822,3408116,436837,299855,97480,4101032,164235,1676053,544550,1601619,851494,1040143,427623,294150,409746,304529,2182169,180429,1121518,483385,658520,432721,1250111,2263028,2520880,1068960,245904,306523,481086,1296175,1383393,11563647,237274,311955,253405,989422,485885,2666106,1697566,909731,1265259,1215271,421079,1033263,1358163,2305181,354425,977854,515084
2148019,739493,4011152,863244,418967,88977,2700731,245011,1076263,876131,628092,288884,922181,929003,1192267,967774,94219,727154,600205,326593,425615,1074887,272723,3732111,837938,2236096,467478,268927,192398,304459,1360101,500536,9444336,527063,1027874,356709,2910971,456102,1536168,1192869,152305,4055154,2083372,1006211,2725191,1990334,2628559,594151,577267,922526
946838,416268,1260860,948272,331442,110516,2562782,144522,954225,260870,515986,173023,628267,787633,209513,795724,212880,567881,307313,685733,107740,815707,342875,957750,1392531,1166462,1387667,236534,177736,588722,402077,1703815,7355676,386688,354391,234854,1649116,1578928,449603,3884749,318810,1446194,2257817,853918,836568,1104765,387543,332154,343625,556889
2483016,394267,3494668,777850,979886,294749,2100384,109385,905798,342334,480875,365375,1500375,773777,533930,953090,128272,1299127,231988,1154199,159842,1124983,219044,544714,1063603,2221797,543349,150956,511033,718394,559863,665259,5471832,1580537,592274,511378,1721946,478738,790997,2511178,367036,2141933,1135405,1007413,1754647,797011,599930,155451,764553,800102
746072,759506,4595729,989086,226559,256472,5989690,158011,1523491,542218,854690,727745,8826616,468855,1111874,428923,97978,1698231,620290,1716969,216224,1207470,1512435,1122972,1095567,4346576,1547549,211202,744991,384890,1128488,2579094,1734269,725402,1265326,682649,639601,910855,535906,5056370,382327,1702406,908751,755895,1694518,507232,1133403,1001318,1289234,1388772
1670336,345694,2462925,577607,751557,260625,1525319,119134,866360,759781,2654428,216268,2186112,929168,389611,469499,185869,2573828,335863,935292,411305,626831,689112,6118971,2853193,5151110,3165178,702260,674703,310542,356257,1627013,5759153,238214,297338,258126,1119366,408382,1602303,7155286,168616,2602225,1298542,1262871,835902,1574499,513650,550315,2720412,543368
891734,800344,2514744,436246,310979,76974,2506972,123292,1359830,1015189,1090280,507849,2412366,1484905,1236566,662049,393421,2179422,655164,1838267,966419,822033,679087,1955615,1325548,1501025,2595713,619314,484732,291590,647250,778106,2674907,460841,1036040,956019,1231984,489353,930319,5611727,315811,5203094,914055,612358,470473,438441,1468836,833951,1240521,498132
2240746,746713,4605840,460860,361139,237335,1300066,65007,548097,931959,1095010,710543,2189184,601421,717344,639975,288998,569401,717904,622347,276238,244012,715969,759002,1757303,1608190,2302372,311509,1209421,381678,1042514,562665,2581672,1561387,2072645,768584,639600,2264165,1578854,6307770,514813,802268,1817482,874753,2160523,1325235,691959,1756426,626889,3640444
1078983,1456733,10955029,1682640,642652,199248,1611485,117631,1597220,1513183,1284845,895489,3781416,344787,507102,397062,184302,1395424,1160507,398633,517027,1044025,1642351,1265173,1977957,1490889,2361007,277035,1342519,552036,750020,658903,6584723,586669,895498,420926,1049868,2141635,565718,4443971,366239,4711848,1968234,421091,1392364,827744,745692,567863,4106366,552623
2272063,350622,504890,687811,350305,166334,6896798,86315,848655,434632,790588,217227,1826216,1862511,998537,749473,66859,1171237,257412,1261859,130132,1428511,298640,986971,600085,3051217,694650,829079,437234,201287,1250078,1183894,6000895,590902,630928,323138,1345758,3212007,1549348,2874177,161445,1625111,990428,573717,731497,745465,2167260,218640,1533298,392579
1409353,740870,894892,769201,431071,252855,1419568,116974,1290870,842060,1437911,244845,3087971,692827,403304,1203028,69139,1768942,577814,290600,152028,206581,1215534,1945061,1245403,1207913,822963,125797,498062,214793,1207188,1005368,1597840,793770,595763,2519433,533676,776307,1600172,5868552,726484,2877157,3498653,1906983,1084088,1373177,1601323,397875,876591,1945511
1030119,779046,4661493,750481,450282,333014,1245690,75222,2778017,552565,951987,531064,2520064,530945,478353,591017,358869,1880280,250268,1108115,368689,328506,1553844,1274958,736393,570223,1055488,402974,915150,738020,427287,1041690,2967922,421355,805091,418895,1198245,1893565,750795,2627038,896355,1667158,701107,2522026,2213474,695149,2690564,279449,1215590,633460
443027,581404,2842084,528330,293911,82648,900399,133262,1105040,627030,466102,821629,2914623,396971,905107,1190797,440743,716918,293042,1037879,264684,990057,1303292,1474471,902985,1843102,2538351,248239,267084,130257,601868,1263148,10316859,519577,594632,821864,798831,965536,1073596,2283111,648441,2355429,821910,750657,806191,2118770,1648394,617773,492412,1080865
764202,934284,1847501,1071100,487680,89143,2055066,90441,2989039,583338,2201183,813344,1136158,387438,277303,798570,402405,719425,540447,1179938,184012,370028,428823,1081378,722670,2624897,3006263,165465,665910,283821,334113,2604869,1225002,314282,649671,431943,1687893,1661825,1167543,3355074,1004240,617779,834289,773157,2074884,2055619,1531229,915105,1438936,727529
851376,723901,3289135,958790,829723,436194,1332163,95510,1706069,405058,930143,430595,789703,456415,838995,258527,83036,536402,264168,388859,934774,1021351,551397,1883971,1779465,1794397,734790,387489,385142,323776,846719,719889,1380504,439168,245570,535919,885863,3212485,1598346,2177350,2232537,1628836,1386675,512716,1351770,328026,1265592,418406,605907,808192
906864,463936,2297045,2777243,374115,396890,2063337,114344,1247505,844601,1671190,282260,1181974,371821,453754,594091,142704,1026150,1109727,1175164,277880,1818523,2265741,5251226,1611627,1664929,2304900,224129,300758,390786,663938,662224,6092837,1164645,682122,349561,585410,526334,1347757,5019423,496437,1550858,3807199,587856,977911,864936,639817,776341,754071,1251560
1962664,307107,1745980,1175563,433434,229652,1059605,141060,733238,387355,889506,890943,1707049,595677,956074,761467,259470,528832,1482817,739232,136594,551025,937205,2339943,1294411,1589204,556773,139168,247070,1333541,710336,722382,3332744,352213,445552,262869,808820,1458118,422698,9667449,424008,4921511,3532911,374225,1782365,1339037,1389057,983518,520370,781697
1548517,649684,4560928,1119584,392056,233330,3074552,663515,2364965,1643804,2923043,455974,299295,182136,478990,647298,136081,975971,453415,947537,263843,364086,636317,3693729,2883347,1725243,3515888,589374,379709,356109,982040,987233,3285987,948833,406533,773257,1060380,1882029,474094,2091199,371838,5105478,639985,562381,1744400,1420611,1479512,1239180,1938340,1898718
1210128,786826,1019956,363815,571377,296092,1859750,54999,1661435,2220151,1238358,264158,1319907,462666,751785,842268,85377,1185931,776525,495560,286568,390029,913655,442468,1302892,1481017,1346623,524573,1467467,454919,1375615,2890750,4734872,400740,282187,949914,611396,746450,2433360,760509,834364,6743766,2604541,1083595,2156398,699291,3281234,1227703,4313281,977809
1023474,393052,2696297,2941639,419992,266148,709337,109966,3364360,478849,1660215,702254,2897890,406234,952193,570066,161945,1080398,434475,959607,414121,760876,537256,2927176,1456488,2135228,1122098,313302,409121,224634,970073,686312,2618164,600222,919396,659941,885261,584791,414898,4810802,381737,5407026,6720602,542616,2913281,1070285,916569,3469745,1702776,741474
860749,807979,2836112,564839,285377,144132,1169363,165583,748570,1475846,634880,328978,2055391,465506,429851,1104331,183765,726899,934032,690225,377260,2288091,1019224,2881759,969789,925682,957834,315704,470421,315843,656593,495574,3579197,471659,562079,635224,679411,2177797,695931,15586376,235970,972571,2242616,828528,1935240,643373,1875067,439374,1281850,762316
933456,423166,1357723,593503,310391,155140,2837085,140615,3222143,656056,1363966,1015489,879600,657029,1701092,504595,115892,325214,1245081,606772,113569,341482,437741,851203,2736154,2761194,3708070,416063,630304,299389,1148411,1403540,3981193,298123,555819,904832,930704,533309,472388,10678674,768519,1720267,1401887,378033,3063087,910279,737303,1414500,832666,568318
395389,430747,3771258,670688,372700,175342,1052233,148729,691876,568146,814585,487903,2997448,340707,404400,915586,133162,643575,710717,430408,408215,785959,823498,2234655,992124,596220,1772897,404252,376151,244461,358765,2033636,1332179,577518,391726,409135,560653,691538,661812,2439457,497668,3678181,970454,744708,3023113,955467,1380630,505124,1002862,525221
897407,339096,2822991,979477,322457,246223,2622872,178363,1671822,484104,1046471,681422,1775599,417338,695152,2270149,449079,727838,821629,1761723,415703,998600,263732,906837,1399779,2549389,1551849,164882,191524,556487,153901,994192,6806172,621273,392540,1025339,782634,1311487,1894505,11406124,352041,1967194,1514127,874191,4612008,547440,680791,511974,536519,1024056
898453,753795,3700972,574573,1183258,411698,2293245,447486,1130975,1200227,3263941,654954,1109046,304841,1037811,317971,156331,1654970,432986,460683,281465,237300,607584,1328856,998225,3504602,778085,366253,153396,757292,926510,1678266,3127954,560097,680666,656884,383961,1255433,580266,2480576,337104,1470888,2798769,442129,1170600,747925,1592651,309799,697021,599313
3045213,458302,1991513,703386,211098,1133767,2157170,210080,1503112,608398,1495018,511330,1839911,738070,262015,712461,95334,1210709,406973,361868,479511,671325,612270,661836,496500,1623845,3154363,424915,293186,354890,464132,1495879,2548851,845916,1125401,437126,1692197,5102444,1313476,1796754,303600,1615451,1220646,389508,2148138,595445,595721,260775,1312001,755465
1469033,427265,2212438,2048635,675130,132048,815612,179082,1459929,1073566,2855995,346294,1333788,308412,1040152,807635,188431,3442878,342345,608920,348744,575157,981378,3856564,1487378,2164159,3026456,458279,337798,305047,981656,2280169,3054031,1171940,217959,1628656,563044,1601816,746866,4840226,266793,6284631,943046,782591,1842516,502853,693749,2281767,1432830,528083
1289739,2142597,1337347,1157111,362265,160228,2616796,477209,1643205,1163935,1870541,588972,1389778,405777,864937,511025,289001,515012,483824,999462,331761,1365022,130546,6608109,2555310,3032588,564501,736826,512728,708617,759435,1822633,5703841,722521,576853,584139,276549,604670,1833778,4285078,421733,2801341,2836221,2376562,1116920,848172,1790722,774284,1786086,810369
1443452,474132,1981875,441841,551241,308838,1083493,331591,351604,503112,2199129,269359,3096931,326041,367447,1415743,181721,849724,443126,1344286,253378,417896,277121,892150,543035,1994496,6136285,684428,305841,549269,458736,1596367,1311073,968323,790573,525910,752239,756289,478329,2213546,570038,3371508,1409182,2250989,2532336,1494585,694998,576563,540321,446600
1155907,812337,2749283,365862,342395,138419,3558789,134238,1984883,404171,2426316,552555,739048,530012,1597039,1609247,301191,904519,300794,672292,197926,425978,1316101,1896448,733246,971336,1509962,562446,247947,129837,1793325,2016649,4328195,535530,598556,577845,1083069,598113,1055121,3944376,326358,2938856,1981481,450140,3875725,753322,416752,567800,970258,373662
414713,414747,1135462,1050309,398805,480209,1311802,118382,857805,469213,1186038,595372,825846,358327,874543,1251668,178585,890963,481689,595276,418466,329289,574679,1632433,681381,5841710,1787626,454436,207448,250659,1067235,1513529,4381209,782736,423339,426642,948195,770445,636266,2040429,369235,2902467,1220250,201526,508912,613267,1243717,658498,661766,549954
1328345,453209,1650058,940209,236856,183198,2960142,141234,1366161,374182,1708717,172565,865132,393076,694672,325789,113285,402824,573903,220224,186563,344438,990609,1097740,942948,1830053,471262,277188,149037,327064,751341,897418,1734448,1388097,871391,841494,1675307,628212,710728,3825742,246862,3697484,2308187,1829397,1468241,689981,804188,1430541,720193,2163051
399410,384126,3862249,569624,254660,152585,2370328,293533,952130,1407223,1862218,552353,2294641,650978,933163,1318598,645894,1012183,454930,1531743,401777,481515,253834,2698430,1640219,903119,4268929,722140,163150,401903,579589,637415,2838258,247590,470131,553696,544742,1210455,1185738,2191781,462803,2004429,699534,541346,860967,754812,3185435,1232729,579548,613519
1034872,508223,1478821,1093610,453888,165161,1536239,180846,819318,787590,1712459,545007,1439784,563477,467519,635899,761342,1326955,936904,1389846,181287,480605,944374,3731673,674716,4722641,995759,688369,483012,723700,577494,424868,2403870,427493,824555,656215,509329,1448815,1294421,3749056,548427,1968449,587514,478040,1548760,2781868,1497722,1554513,2798343,1187430
2896277,1060074,4085499,744200,171215,245755,1925756,270474,1835486,788733,1200801,504138,1531666,367733,590257,778128,158777,3066351,345190,935638,417379,457712,505745,886697,838669,2341525,1425797,260562,712274,476828,575086,830402,1968875,627586,281316,227890,1101490,844795,1773508,6141052,616804,2013222,1315675,514058,572155,1259007,1816162,413456,1198173,896336
1467138,789145,2870968,2335592,1053559,417096,1153131,124732,1400305,863811,7270356,467274,2953893,726327,913501,881470,143762,1040939,1009116,375749,157639,2203523,574666,3475373,2958520,9473085,1582311,1422394,1453396,381349,305005,475412,2580622,1620879,283910,734843,1488659,1832789,514850,3741519,988355,2020210,1225748,348256,879143,1294611,2348137,1927785,639776,2095669
3683974,261117,1645857,846820,406432,288788,2558253,163890,2316892,802703,1850495,647357,1458768,333555,698585,431029,203401,2124195,209351,581424,166800,1292203,197445,2900281,1784939,1921734,2904366,1033735,359055,441157,1004244,688810,5330576,1015921,218343,807124,1219648,650806,504743,4012576,1276543,1516036,1497541,463322,775975,196817,696527,376674,819693,1643571
833639,263869,2760438,583711,399054,93120,2711552,59503,1774466,862543,1627499,423489,1513842,371614,634848,370436,375170,866908,1180379,612423,509433,587593,1492774,980636,1267403,1527027,4956518,899881,676551,271228,1304534,1130483,5111782,836816,290122,1032860,327698,455670,436478,3353385,630509,7109230,1364862,258635,1530577,767415,1046249,187665,832973,1293145
1940695,802382,3515960,442602,303157,175125,1347527,221623,1152676,204627,2042682,573496,3986097,1143904,1209706,1006893,170911,637422,808531,610810,357250,1261781,865917,1857633,941851,1394494,1958257,553052,971302,641035,647920,1593497,5646750,441480,433363,296336,2117415,763080,829148,10042567,242632,5906384,726139,776762,1135689,673959,1071464,391919,487518,731329
645313,568607,5516007,1390256,286645,279167,2189572,166687,2789091,1089935,1807693,1372638,2043116,951761,943683,349338,185224,695287,753432,1560295,417191,360604,858974,1151359,1546170,1971920,636260,344181,320376,412829,1224776,683395,2920777,334035,1240851,509356,740456,1526865,2173613,5704768,348927,6789279,3165534,1629347,1715041,1457760,1602621,2274823,1826297,530526
2304125,723047,1772661,1260155,224010,153028,974859,123922,1268222,611133,2099655,352798,648623,320605,336301,638247,63859,2358916,389670,569298,110533,1268095,641930,3200356,545638,2192029,2203802,287240,547380,237821,396751,329433,7280476,769378,157549,532026,745403,1278384,1008908,3201150,417807,1601096,943189,519661,791260,481707,438256,877995,1329817,1144190
2528629,482181,6056264,554087,326117,83022,3349434,158565,1551998,830452,505139,383214,1429274,514060,341665,950981,391250,705095,1045624,352325,726371,2987231,357900,873517,1139875,2172892,1963226,530673,442613,188155,816127,861167,3900059,583576,715002,306729,2195757,694407,714759,13910084,277277,8496342,2683923,517247,638351,738198,4033187,1408315,859315,1167820
851285,1228498,4630599,838698,182828,77587,911539,43046,1666108,381950,1874138,698119,2374639,398263,698623,1816391,344807,1658012,548029,589267,531829,235351,634395,583489,2570857,1782188,946138,698361,408903,207817,399608,319611,3704956,539598,436279,248671,1056680,603397,1240007,1249248,120727,1569613,1138569,648787,690510,1041082,1038557,449284,671446,365495
6174080,368662,3288930,648152,276370,231334,5119458,384081,2279626,1224356,1785766,314926,3545351,354262,275344,1128419,241713,1129943,281613,1273638,370684,1189796,877326,844007,310953,1176826,2134235,239312,123477,542588,686660,1600062,4389482,282817,1166018,696283,808052,1218538,393960,6118338,333082,1609387,2370408,469891,1252970,476825,417212,375982,1140841,1361298
296287,1187526,3056368,365279,935390,71000,2785172,78439,1782780,2070350,1735005,1134341,1516605,438651,833329,1231974,69509,902715,415946,851938,318261,150562,528662,1108562,1222351,1293060,1553826,389573,1756604,365160,562112,745113,3273341,305593,255431,397928,3371054,1221724,1262365,4994186,198559,1651126,1779161,705753,701219,329925,815334,884637,1675403,794308
4764939,417241,4753783,1137492,408275,524423,2136044,74499,5309054,238034,2251551,1554407,3138996,1032483,1668876,861408,290531,1667140,1400047,947227,971509,790083,811210,5242436,1911631,3225314,2619882,995664,350921,524717,2266482,2574687,8328153,1007761,743309,1041181,878328,2233478,1095298,5250057,766059,4620844,2956607,726162,2174434,2045604,4355761,1108596,808111,1364488
4186382,1410867,2679202,894752,466046,166049,2496392,367321,912514,750998,1754310,565235,1851113,707123,339119,508120,422863,559164,356571,857727,389615,278478,733267,2071773,1728995,1890573,703119,506169,299840,494206,694022,1255960,3952730,279029,948051,731863,580823,748395,1586436,4194270,472404,3019284,748012,239076,1230418,1262679,1580750,609553,893630,590833
1138435,348972,2116826,3900054,407487,261595,1326159,63401,1205522,3134023,501311,445364,978063,830063,492245,1464641,178288,1394865,785267,875691,215901,423690,534907,542507,945854,1151530,1809779,210747,991169,243315,370720,447593,6362485,1420465,307068,477166,1433373,1941602,1615753,4392097,395539,1461522,952822,1307703,1125332,1880150,1431224,369034,1835422,2575529
555434,755995,2294794,1112739,382725,391830,1911228,342667,585370,673057,583070,784885,2007892,1198108,1400607,534860,172036,563333,1053624,364524,329839,658222,602176,2410914,868139,1555894,1727058,489418,968595,303921,523904,406264,3290214,521770,774614,690128,517667,1458136,510163,2809297,741650,3527588,830174,338383,1185466,1085574,785864,1147482,686538,475964
4103284,439634,3278960,961910,286444,229158,1677489,211089,1459825,500903,2447834,190290,1800492,380054,2014915,1122548,129126,1245113,394418,458667,169103,249244,857269,2617451,2406729,931872,1441905,397604,275004,300035,1126686,817914,2587327,263279,558790,930859,728989,1015667,537968,2771058,1038501,1361481,603855,446793,1762281,1785850,1062569,608242,1159999,1334042
1069572,636069,2911248,638678,898935,466120,3610383,133513,3028274,1709254,2105542,571842,793548,1330864,475843,650340,621697,799104,1518184,415587,561266,711951,1295688,1733250,616772,1792630,2568211,369730,410868,498414,962253,840572,1902476,693805,254224,506085,1009190,1089566,747073,8406813,428108,2747876,2903121,837449,3061006,1094141,1780100,508860,900035,1326100
734382,730928,6074943,1028553,371229,166467,1092132,324890,1630506,1371423,827232,514704,2025533,889070,1023629,258118,196017,3676370,418119,686213,379359,2100286,755409,2355337,756369,2572535,1412312,206546,274880,1146830,580765,1009894,7271693,309841,193175,328863,1617759,899003,1253011,4079509,368764,1643239,2572319,1281500,1515153,647773,1151228,420124,488526,2229073
664527,831216,3954153,783243,517563,189983,1654110,114216,2092331,448248,1315269,496888,2413741,570859,1396812,788072,594589,613785,283231,489872,446923,1043176,693060,1763655,946734,1179995,2744173,437325,338173,317759,388937,441482,8329774,276546,212405,610528,653870,1711802,2552836,2998362,1103990,3251409,274623,453838,1092539,1299281,1847783,875580,1074857,1022289
2422068,425927,3210852,1811375,786537,93726,3191989,177611,2429154,1019517,1561393,220276,2179366,655165,658913,1159752,188359,953649,724265,430207,131033,755536,644517,2572103,820762,2246108,1474374,426929,520904,246226,790432,583066,6593357,789037,327271,521587,658834,1184503,1423740,1935668,267177,889109,1308456,1379624,453233,1537808,585689,836575,323007,2507110
724156,493168,5898536,430942,753720,242834,2963199,165695,329462,302728,1704057,1925524,2330493,1081186,1266967,1005624,292462,1457516,1044406,1084240,288787,277221,638568,1053233,810301,1558107,2601599,1141426,237243,541255,941792,363789,2588025,370770,1192342,384640,210194,1614698,1371203,5352431,474975,928524,1001105,445073,1936182,1960605,1771643,340351,1603977,510151
1345172,599228,1140968,652028,252696,277802,1870117,211632,3330211,374954,2268419,483729,1395295,653221,1209498,1616386,92888,2125594,614454,491816,225148,1097346,376634,1731854,1262027,3528493,2174596,379602,153605,461104,478193,3834857,4058969,1474552,189855,560542,985125,1060489,1375103,2759935,1178835,7972436,1210004,658839,1863551,738347,1130081,2078753,905512,1252586
656544,447420,1079238,528007,565746,206231,1866340,343883,5166488,346957,1051346,532992,1029101,572819,903955,718935,104189,832503,640867,681928,247259,554737,736728,3842404,1116020,1021118,1791984,122519,675913,525770,341962,1278136,9122425,565791,640875,331810,243005,1658914,1330422,1819780,372282,1937770,1480256,192892,3055796,570102,1360215,625248,3442846,533984
955095,1130110,1809877,982657,254830,138936,2286994,302863,2926341,652235,797028,573927,4389993,1257678,575194,745472,342297,1769121,586584,268468,416792,740411,1249469,2021919,872735,1925583,1526723,512197,1413884,723786,674949,1661363,6740095,315634,493014,275330,872267,1029925,814208,8446556,329252,4131700,691953,507048,4934873,2548385,2803805,542393,1083866,540977
1777614,360005,4038118,599617,602219,207294,4460569,471471,565247,1064837,1248411,504658,829953,576188,1321220,1010240,217806,836760,435991,832341,276803,300882,420652,836292,1697709,1362098,2369309,626507,652439,349228,841777,837690,2464873,350131,670720,367154,341492,1277675,523020,1897401,661228,1200741,1906781,722055,3723156,520136,1158225,709973,1696662,629168
1758807,525759,2506972,288226,653489,121216,3414495,244529,1217693,400094,1406667,372985,1093511,566516,330290,799588,180833,721407,273374,341902,375192,724000,959844,1427956,811018,1764888,1407501,213580,311998,165919,1555315,1399673,3864395,335716,401355,568234,1313331,2505667,2032360,3095311,262786,5198330,1451318,781856,1475365,1298287,555399,497129,1597037,363149
470560,248534,3464207,659036,410526,87726,1575757,205016,2481844,1008124,2575146,771795,642027,362075,1441706,775687,146056,1877281,874320,575914,236511,1321686,582111,2962696,646754,3134805,1021080,238636,305011,295605,618079,636313,6138345,393028,754291,1155123,1093684,608544,764096,6581978,781206,1644738,883731,799003,1044336,1377860,1385328,290423,520279,550215
2420791,614347,2982819,1126182,400296,307452,2706922,152545,747025,819209,345167,314598,2055983,864959,354296,939176,263425,494529,895200,1668380,286275,552858,844965,1800983,846690,1928226,1463969,332828,241859,362572,367670,671595,4019605,440896,811126,1758956,391813,2767295,599333,662793,566931,1408002,1420982,828323,614915,651896,1806351,452547,824596,1255458
1637841,1568899,3130088,969746,544693,320119,2251732,312469,4491652,967998,415544,334146,782655,406914,1251795,548163,370707,893531,797446,2143948,1109488,231755,937802,2468085,3022013,1003617,1344483,428832,692022,372697,532299,2091645,6309217,587675,787692,864891,782267,2054226,1636253,9131387,661654,3497751,2756524,641296,6453234,1274797,2289703,533609,1464299,995497
1434147,393615,1168026,1277219,428126,484236,1623423,203297,1148976,465030,2514635,1138683,1681843,614953,1595158,535337,384776,505415,347913,748560,150794,1118059,576905,1506661,1349922,6172919,962331,498365,346720,140614,806321,549509,3009001,1153385,295860,785029,3085819,782500,1232802,7220884,1100428,4396264,437831,1279351,1049059,408022,3331004,1562057,798294,1682356
2184778,584772,1797902,844541,301479,252516,1433048,418554,891862,615992,929026,1077023,1062597,524951,1447805,1004413,105118,1162282,678276,694979,382514,601373,422823,1681253,672135,1284909,507246,1026417,531388,541467,467426,1172406,5188516,1850125,266381,367997,1071082,896143,1846637,2096222,284040,3246769,1656841,1843670,1662140,2090010,349413,305416,937754,877596
570271,298092,1432097,289415,235437,129741,523802,137322,1909723,529628,930187,351057,646096,545904,329864,495052,184812,2033545,1159924,728258,308299,547071,1908034,1359662,1764036,4441067,545771,475921,453874,304522,701713,2626817,2361486,713884,308253,189338,1697313,1748174,1159407,2683598,324638,1038395,1652944,800179,2378131,1002411,1050046,521909,837138,2978307
1514351,428182,1179985,1283481,448486,101477,1931900,98313,1069277,751508,546149,337997,1850186,435335,581996,487348,73559,2116226,367658,1549370,276322,663036,423813,2793801,2232751,1213455,1040768,289310,210735,403860,535397,703346,2433720,440173,523797,270736,2772976,695235,462677,3181378,338721,1362595,2442194,1393327,642431,476711,768076,464196,473638,288396
1653881,414416,1498252,1176061,239983,176939,1799904,562921,2023609,133413,566784,934541,1405248,456511,832120,892855,196964,491643,516512,567577,360951,513842,342183,2161351,988850,701435,5141559,534180,407351,253451,1070394,598645,3634275,249566,771229,864564,836499,994554,948070,1096333,463097,2801366,914864,901334,1632682,904373,1088751,1971889,419148,645754
1552369,851407,1226570,663078,480224,81764,3120528,115976,1635062,1063861,1540432,236297,3396233,850604,660126,612287,242561,501450,535980,919768,590526,243166,484122,557983,617028,3194594,1162122,256064,543462,295080,765124,1206413,3504551,502610,521144,444702,573915,910240,1385006,3976685,324600,3018035,2054836,501078,543888,1388393,555908,397749,1640553,526007
1241883,376924,4137444,2424036,381152,475851,6117692,432785,976882,1443270,2882180,595907,3341633,575440,1275880,583399,59016,274419,1126857,1678379,215157,1407978,963019,2658750,2182557,1591176,843147,424389,191576,1190876,1648032,911240,3826293,1067262,244412,912861,535538,502307,931073,9794910,842747,2319108,844676,620416,2249330,778501,1837403,845670,887993,1229254
760825,1177129,4083711,637176,662806,188155,2415301,121346,1912670,515146,1198532,1574781,830541,523836,796672,712357,293700,517276,1314652,575872,260808,402760,352448,2495511,512578,2908270,2071758,319612,431623,228747,639060,1737922,3273089,942146,655584,279544,438249,844851,1665653,7842498,813308,1595798,1588275,1127158,1769935,777667,732652,683227,538769,691124
1503956,466521,1826898,843332,519287,679375,3023688,70353,3202940,659903,6742130,983650,573508,581109,1187033,1716725,144116,1730070,479703,1116300,489508,350859,957832,2487431,495864,2621838,3303538,268476,207676,277980,553122,567727,2614702,355747,192650,425563,365399,523129,602668,2429359,243032,3506499,1004022,426056,525570,1331773,2542288,1491696,793605,1513901
1646528,719855,819830,1006546,348560,320478,3156864,207448,1352735,283725,1933107,567336,2044681,454505,1468335,726598,177578,970066,252791,1189336,542076,688445,431152,1163815,4475082,2207712,1333787,752556,353941,143662,654726,467091,4784438,937786,590020,973079,1783123,1146281,1309986,4934981,372707,1054453,1472581,794335,2637259,489687,2108350,430487,1768485,542843
2170220,507259,1980463,602226,609607,663597,1372032,338283,941158,2262677,1731742,513537,921036,631069,1731734,1193290,152457,870048,555083,417609,299243,238726,403010,1491843,597984,938414,753793,493818,418423,246209,346146,798468,3713503,274579,761127,1528986,432723,1733865,834774,4746222,213507,2760810,1419766,812422,920837,1002529,902690,753900,798810,815423
4663205,676811,1440777,1328939,343491,130839,1641561,88514,847151,2499487,1609352,646469,1294112,470478,220499,425442,323710,912929,803659,554506,715615,1005479,460925,2256398,995762,730056,563364,950486,263587,523826,288072,1041285,4088373,334181,1137611,716256,455963,562634,575749,2944760,338704,2558506,611501,858996,4048105,1181533,736007,1115675,379384,490579
1204941,322471,2891608,763456,663443,61966,6871897,74908,473292,351210,2434462,809925,4187339,352678,230661,534727,229762,610300,299515,593623,553813,613084,859186,618661,622932,5726318,1018141,634416,224337,240090,1527359,902110,5007904,555796,946121,490100,1147673,1827340,452703,3293651,420948,2671621,2659184,1159066,1383640,1323667,2140019,2796237,1304665,820619
862899,531112,3416268,1537904,522918,164426,1459879,258172,5279239,844274,2531706,328558,1593634,548309,438773,1013515,113642,758855,256168,896794,451766,1583278,731993,1318411,883464,1188352,3480604,206776,875053,675103,437651,1543555,2157704,309897,421314,561857,599460,1145955,880555,2668351,947961,2214468,1639833,575562,904922,3105038,1054299,1150835,660849,469571
828571,821761,2920445,1280602,418265,201623,1117438,53304,1037561,592170,823778,530155,1627112,945964,331607,664948,102834,712812,1347294,445400,281641,828368,1186628,871157,639237,1408385,3709137,803448,374385,472979,593649,813188,8971706,918573,1190181,855471,1083521,1057015,619060,2339154,469362,2064588,681859,1179563,1912839,1441706,2676457,1107292,334879,1962934
840289,1409702,2832280,631491,396769,391066,2318925,192163,2309168,977934,473390,620308,1591411,595823,493556,861125,208417,728889,940663,1305427,160024,580643,486373,1644807,790405,1018487,690413,693176,229600,159841,313335,1753467,1442788,380160,838643,606201,1157857,970906,1092080,4957041,513298,2017764,2831084,1076491,671470,450796,1146869,235237,991042,454594
1089258,453791,2228177,951208,487771,188145,1720464,91335,4300069,592304,2223082,451912,1320126,567905,342900,1827372,88088,389276,1016410,1293905,169601,472371,401600,1444608,763176,2311632,2348753,701700,309396,235320,494780,1939292,6203028,443736,1459288,620943,1581612,1359762,442942,3556031,239820,3626550,1402587,500678,3404369,937596,914665,339253,1181097,782872
575710,326689,682700,2033675,691438,200048,2046614,460180,1483644,1091346,2300652,520412,2942962,456259,716776,434229,303099,644292,1375985,1944758,982026,590154,2686008,3121157,676101,2146685,3755536,477289,1465294,142529,680645,1640631,11692108,655540,496677,389029,1095154,939205,720099,14789883,376076,3192524,1652078,1526423,2813484,721615,1347554,574942,1838778,1253953
1156661,321140,3685593,585978,584657,398208,1740267,172778,2382952,323163,2358911,404920,1458594,321101,247348,501934,117508,773506,537340,604870,151376,472242,348768,4210078,800119,2070128,1076226,430264,344139,213189,682773,533267,5111139,670187,451654,1250026,573670,796359,711645,2299043,370043,1073849,1131411,207473,698552,341311,871499,190088,810048,745801
915396,543265,4236954,1474547,254123,217546,891654,131523,2366952,540360,1336041,955316,590778,1552073,507786,626982,142728,1823165,659831,1018410,346392,493975,814143,747635,954509,2773366,2063650,281632,228546,302132,495150,1309512,6037963,708509,306468,886191,716534,768464,1051054,3531414,938889,2171546,1370856,966187,1275426,464771,647899,1796602,264862,397438
1194720,1705094,4860362,793707,236046,164947,1500316,206675,1996754,799651,1123062,506640,724486,846164,1471943,2135809,154603,2407746,339422,336252,253633,255869,914822,1385019,2039037,735792,822013,260785,323143,400441,276903,4114249,7720729,509840,871522,316357,1344755,1825759,859432,3853820,1436870,1458860,1104811,1243273,799541,948299,793811,566602,910494,549702
554042,751485,3938557,995115,312115,174700,1605488,168240,1193933,1126259,1036628,698374,4108670,658946,363347,1239815,316786,1091022,920107,904446,256331,681802,761271,4642288,614668,1755742,2154487,624979,353640,329154,454912,1005023,5047655,776246,450686,293172,1279209,1429355,1641696,12866062,668198,3487040,975448,510425,1644552,1164740,1235255,1152768,831715,1047768
2215554,1793824,4063785,3461973,215767,134900,1542905,136718,585093,583456,824227,396917,3080780,510151,2028902,569919,527036,1089424,1057269,312325,524057,543125,768864,1067450,1105144,1245439,904255,939603,374114,299347,874841,2455938,4800084,340094,757731,741030,766791,1001160,3273651,5408871,331045,2566200,627167,933305,2795345,1316550,1452184,180802,689369,818002
3545931,479798,1479234,1615501,351406,294789,2289371,153312,5887223,504395,1510088,4067091,819892,557254,766840,357465,330604,1132350,758312,225097,194899,297565,517441,2194253,691401,2311566,1479652,1398176,729967,835606,633255,1000504,6839150,644342,1307546,314328,725028,2319380,796071,5071267,370087,7943616,2370259,563972,1078559,1712273,1239900,970829,650883,1232019
2638817,741086,2338354,1604777,191734,50540,2287423,169886,1254827,1623055,3015097,348712,1590344,341453,400376,855133,141251,366306,170906,637045,220114,2217894,347636,977708,1480497,2486861,1011331,377379,688455,241188,281847,429172,1593072,627110,617058,867468,1809787,1734717,691575,6846518,998197,852694,1635114,646180,1499398,261833,666385,963174,763913,1146086
1556265,705537,2924241,937250,916644,278687,1544252,216444,6263305,817384,660412,624264,1999924,825827,352331,442321,252284,1578003,444050,430236,345160,373920,407371,1804743,1497211,1487144,1341888,211679,516910,364710,1004695,1790760,8570269,460762,1262199,319346,1294448,690628,906935,1984303,391116,5234976,2136560,1646183,2187429,195950,927110,749556,2212017,564252
447007,465584,492028,499969,323532,290130,918455,55532,1693824,577321,2576928,388984,606565,3322312,385018,819707,524479,1413798,822059,608067,422355,388527,510823,3177628,952422,3398402,4933213,250912,462990,122736,273959,657949,2842360,395164,312217,970783,511089,570992,1053753,4806107,411018,1041415,1396678,539707,768328,623305,738357,1462623,792429,541345
980456,348378,1258925,426757,723123,284325,4434398,188978,1429109,965947,2632358,431126,1003173,319748,285455,282832,94896,720843,649396,1161101,193696,680329,1523487,2294965,1181593,1586907,2213587,515125,208497,432030,691455,337603,4284482,675051,505762,477691,2441885,2237119,195245,3861652,364849,4000171,1556962,1188678,2926049,659889,2280594,481662,916539,803709
1761697,836013,2975337,2031464,299956,380915,2684613,320239,2148567,1920325,2612039,309261,3238233,832096,351329,498324,110661,1048438,506157,1346640,349926,310782,464839,1818882,1146189,1814482,1608985,290535,391499,189939,547914,1187400,2861796,554448,625912,900388,1078924,939904,2120516,3046504,948880,806716,3564003,365059,2446673,483301,3011530,1075474,1778189,823221
692468,1367704,925404,928906,672664,139698,1532113,168932,1868149,382840,1154811,304075,987040,346418,299994,1243037,276788,2037504,1013900,390948,121749,470992,530905,1389902,1370586,1672728,1523152,156275,485703,188110,497515,570384,6672291,688347,538525,494478,443416,815990,1432232,2987684,345448,1441160,1769618,593792,1220092,1293600,884200,610695,741771,347242
1343048,492840,5193055,1541196,420080,352454,891003,123891,2714144,294018,719426,602059,2119397,520738,1299661,674652,196801,801032,985969,378641,364084,1118374,1020265,1190120,751875,2293803,926646,356303,529629,738256,413771,1042250,10681221,360051,416463,991107,811850,1189664,390687,3459832,875890,2310240,2864476,571028,2363000,818280,2116438,811669,1306375,978620
2325339,584974,1957816,915908,214243,496431,1128029,225293,2390421,527024,1036670,676154,2517792,314412,1068093,994310,336853,2245239,793482,1233125,800082,2983287,1472791,2833574,680830,1995705,2626165,705924,416253,241433,1264631,458553,6463245,2037055,969479,465086,1523834,553762,407038,12550231,395690,5199347,2986978,1729689,1725855,688418,2417570,2029537,616188,2378740
612712,389315,1619536,664378,1125071,145633,3798572,178145,1561842,814549,701455,996654,1691536,651005,364011,806917,243861,1364467,730630,1090165,245703,247621,578917,1474330,728369,2768722,2455064,259570,577634,337875,1065944,437703,4463758,850665,283829,178428,874813,1508604,947953,1945221,295824,2693983,741372,1053923,687688,1701439,723237,1247090,515652,489476
457441,794224,1427492,740917,1107813,202496,3325444,273289,1552379,1132246,2103396,587233,2116023,370574,281301,611229,124412,849017,388311,444339,385379,475411,786541,931658,1271007,2165056,2490682,625271,583674,240189,258307,826193,2147641,731683,722879,914089,678266,610209,1025023,4211782,655483,1929953,826070,752170,2687501,756099,441178,796586,1529994,1616444
1364070,937802,4318669,1821986,450901,268081,1405412,220111,2614493,987847,4827842,347396,4455060,1502054,358915,580095,323059,848824,863296,749731,124627,858797,1866450,1370754,529800,3153694,671706,1033228,334544,384760,868413,1122363,2729027,262679,796965,459599,742453,911062,2456946,8561214,193970,2178875,2850573,285074,1549180,248389,2011460,657736,495051,546209
1067603,369504,3682106,1685155,1178127,493950,2240116,234168,1164911,1950911,4093506,820638,2090334,1521932,1093599,1088692,108019,538126,1587833,536788,636858,660553,634826,3551534,874059,3424743,4144504,582770,908756,242727,561187,3571296,7660449,483587,697716,1201154,729453,3019513,861604,7747658,1161500,2864593,3239425,659531,1590954,524924,1340284,959605,477571,1115416
3588379,459894,914732,1071317,499926,161684,2730488,454407,1622501,592497,1346706,1339422,7870843,331662,895790,1735912,160322,1812375,1688065,1351379,658517,1011919,758829,3142486,3679036,1441752,2545260,678120,559127,537409,309803,1270379,6926203,379982,923523,645686,821050,2161868,2398815,1932540,319465,5073346,1435959,1239949,2499451,1500345,3487576,598430,1850688,673262
2074976,579308,4790766,641498,273229,150388,1091823,290953,1084658,784449,934033,469148,1165379,654732,994606,513994,387637,1373853,383773,994005,196769,660100,412823,851073,535106,1272233,2314716,312360,203336,531742,248067,1137378,4976443,314103,331028,331282,1107536,903244,840242,10872939,645503,4615683,1289518,661776,1191535,1926613,1095754,507149,1016620,337064
2349607,1190093,2604209,716980,304067,226772,1938122,128439,1617853,1158047,1401963,298608,808202,850269,1035281,243767,106100,1949146,911185,1068505,149082,301504,572882,1623548,1737470,956400,3553192,355602,574046,836984,730061,2129797,1381552,346225,285669,416510,826442,1243361,544650,4893657,372728,2980640,552739,876481,1631842,1627143,1287059,193096,3043271,525511
3138414,382918,2178859,1501557,1031471,169873,4024752,231090,777437,343155,1094769,477479,1380486,491173,261209,697311,377857,1480350,359466,859398,282598,840365,488535,1021995,1943523,664899,1428739,850831,420032,201390,856847,461428,5489146,1322676,293116,292647,635428,979477,864085,2919007,431548,2031905,1387892,664037,1052036,1106880,1465365,326455,782178,522721
668749,241785,1836468,1588051,235142,147676,1510145,329035,1612474,550676,2417317,330637,364184,488972,795118,700385,318626,453767,423769,619135,239426,683654,314112,703905,1486851,2652041,2356940,303843,628585,373195,426593,847943,5420558,458484,591665,1188969,1790908,899798,806765,1711530,988611,2516565,1051011,475716,1259202,871361,430959,1100581,765391,845408
1849333,680878,1149462,653715,329139,105614,1921328,204204,1956884,996408,1328378,211990,1169279,370419,861946,846780,308466,697247,441971,954663,359972,1385890,1009736,610054,924452,1880411,481486,330187,761253,231068,504066,3037458,2500521,663398,278030,598017,548938,474218,1406839,4624997,448856,3699862,1505987,962368,701107,1248017,769004,460065,1277980,1492188
609529,386025,2447194,385102,713775,380979,894768,143343,853020,356350,945659,200740,745640,1864715,619370,864631,121150,1705343,478633,458705,974501,350019,966242,672378,515580,2395468,2451111,325480,697475,266737,532403,1819597,5981772,740091,284597,883223,726447,553906,1405352,4316625,734225,549593,2121891,821837,826503,1004923,1082965,404766,1556574,956760
521243,379929,3996241,2199699,389436,229511,5829905,125141,2228329,1089554,924760,653455,2322258,619197,952526,1082672,363464,2295942,1702314,3644375,114812,780389,1522748,1423639,1352393,1152537,3629637,787912,269903,420863,726022,1061576,5399338,993011,858863,1258743,929926,711962,442110,5307493,150388,3776626,1284703,1198271,2333009,759387,889905,1131992,1119485,1083520
1104222,299425,3702195,1499407,291353,221897,1562569,117201,1066094,577242,1474753,498127,4405680,603181,644763,2084042,55084,978637,275686,462470,315661,388404,2789138,2973999,1599435,1007658,6307648,202691,919225,327281,924487,2119807,5933641,283924,321735,833027,481603,1035598,2508749,2022004,623724,2612124,2176124,1467066,816411,516514,1706498,678511,1310649,414727
527955,498939,2662692,1540877,539872,612023,1448325,152218,3518486,1380507,3120455,488697,2414163,986196,679948,849386,453019,1019385,943174,1276908,164266,440654,1713999,2137438,3539240,3471476,2846099,588337,660371,895733,893850,818779,3620000,602528,896361,455778,3663636,482827,746625,7676286,715716,4770790,2316624,1844744,1464866,437699,702000,1324506,1547660,406374
1157822,686826,1860581,881877,1261948,63772,1616897,77656,1475098,729395,2511792,311513,1055520,366159,546039,548883,58332,1901591,3420195,1457831,276177,493641,1272223,1039121,722290,1749176,1786857,252758,327867,259261,765292,1095841,3858624,1055741,633927,796399,290122,1421543,1714054,2201202,415357,1026633,2363289,317979,806328,651722,2759973,551138,750806,1169426
701078,1262523,1925427,662097,438581,329134,2329698,74244,400908,429226,475609,637773,962137,440893,1072655,467996,76013,663694,377762,1129187,121637,471098,534825,1274041,1572013,1122200,1335082,329624,219346,125412,397983,1919904,8261916,295509,466558,370966,1286047,2563584,1974770,4700555,619334,2254988,677508,538045,868046,467150,1306362,568137,499611,714365
1991902,574879,2230784,544494,205879,303198,4144579,123806,3968065,962493,1048595,486576,1384449,486134,210955,901279,79457,982756,301359,573678,293664,537368,516781,1618637,1082044,1915173,1514403,376838,338822,259567,1934508,1371871,10065950,1027696,473395,395642,1459133,1297951,878816,3402751,235145,1679317,2248890,684322,471922,737874,717078,371628,1028574,1109279
1479448,449952,1523744,1454242,244818,183962,2156684,499979,1152002,1096211,836407,200282,3407780,339497,1475996,312034,152716,1399822,230179,487992,288188,701895,587164,1990780,987889,747203,792252,249804,208887,277582,246606,641092,4252255,295080,555783,413300,1060657,1670478,1115228,11114654,188739,2036773,801908,1878196,855336,727052,427122,1302608,839499,277355
524161,730256,2743299,587035,170955,291597,1234261,164305,788971,864130,1233050,771431,683729,807540,1192336,729757,169826,960088,1110650,455181,235079,340684,527919,1000936,1404070,1443592,1471207,445650,488306,581538,228551,1005684,3215817,631773,415159,906450,881728,730203,968287,3449937,273399,2664683,1591631,400552,1619385,603446,1002506,2482710,615271,683680
1468368,309088,3660279,467461,295350,240825,2743084,514092,4820837,770391,730750,331240,1639982,281587,386108,786693,102312,992537,441405,324615,277914,784435,227906,3269751,2267115,735029,3134730,597170,319642,345495,736141,727549,3173415,583507,197040,391465,1244297,1171263,944320,5290440,888720,1721920,941770,267556,1236992,1028099,875904,597319,1948533,909449
744711,1514679,1448156,540241,569300,146382,1353816,216321,864618,766679,2398071,854746,772618,467767,611567,1288277,67255,653384,1963740,425228,322449,330779,321820,1884234,1428267,2637292,1528597,347944,316349,311477,790739,370096,5067425,569157,572997,633513,617468,513012,926921,4163506,932144,1944336,4098655,580949,1716582,637847,1047191,235351,582177,574944
1417895,439091,3625974,1446138,778153,218404,1179537,89730,1196325,1137741,1050348,654831,587454,532185,1538901,1970398,85868,1864129,920954,1060806,171328,223533,511890,1042465,1058540,1144466,1785541,380305,751862,791882,574306,1949192,3497170,227921,795053,940619,713419,602093,426279,8195076,361399,4857698,702667,1002524,925814,702660,1201611,1813949,1217450,1220016
1360798,548075,1016979,889976,588262,96992,1150465,147072,2375163,1396531,1025694,410834,517893,982077,353432,1191267,192858,576801,484700,324777,248889,653317,919111,1022362,1891021,1790571,10086934,1018389,775592,1208662,312889,707059,3046318,681402,1147734,250817,489214,556272,566414,2766288,297836,994796,1861286,842622,2190789,5537778,1254980,590180,1522119,828860
1762148,229590,2382118,2384458,226602,174052,974208,111396,3085172,983620,835300,268006,2122084,359256,1168673,829376,242014,956944,477325,1237255,545740,301855,555786,1375084,996207,2338917,2748994,1087051,1249068,231701,1039354,566043,4475830,1918007,400358,667866,842802,2458797,1277950,10259920,594661,5338630,3554665,788737,1032502,3295874,3192168,1252481,778044,1510316
490271,616039,823447,355900,336463,107317,1677164,54890,1768099,374114,1120902,734604,1307091,333943,1029979,821634,145667,851523,913611,1243278,121234,458959,348414,624566,764943,1372201,3371591,294587,161463,574315,969126,1471570,2640691,587306,796773,687872,610306,2119209,598909,3896498,693407,1526966,603935,425679,1888163,1181696,1452222,682319,999625,940034
890984,467896,1385687,550336,214235,135355,1328621,224188,1343812,1169069,3214992,267029,3054127,398759,581198,426132,79205,2269763,342854,531328,434647,416419,425659,2160082,1540316,2625465,3650215,358961,554310,903125,836289,777472,4470790,468577,381642,918087,732095,1146801,1357502,3829546,655197,3437938,1093491,601983,1126994,613831,770476,1369076,1478566,366165
843601,223857,1746789,397768,504349,295433,8265636,148489,2863362,515509,1683790,261055,504203,1794901,1264271,1426853,615021,499966,678065,436586,923761,710110,1780012,2874706,922938,1456726,2374401,170536,291241,355504,897945,961992,1905832,153152,1414532,572128,1314150,567734,299714,2639121,1212777,4396058,1766222,672156,1095302,2846467,2460350,290511,6292686,714304
705620,592947,2362139,884667,483423,77083,1402617,184268,1022118,352203,558455,712957,4425962,598334,412813,1136012,303236,579463,293195,418527,141405,468624,557900,3338247,3681188,2386503,846732,178094,413437,339491,471042,631903,6176643,774975,338212,282904,337550,2834722,971074,3842032,445716,2959008,1456531,348897,917063,1415779,447401,329830,662150,1696153
1089996,162533,3030920,794329,434706,245201,2760766,119178,475965,320783,1412037,1410475,2433490,296743,938423,263538,60782,1437679,697153,2602891,424707,638572,546599,1787596,1045043,2250549,1532624,223381,266940,607445,1685468,865236,2459443,579394,285373,783545,378961,1451612,695201,4367341,786581,973578,2928975,524152,491652,1998707,524466,573690,393597,946319
1313524,1267928,5002975,1326155,468510,524712,3546336,628062,4790011,1760413,1938975,1264298,6220283,780889,1395663,464749,364773,2805874,1403946,1134696,544958,1276439,1502501,7386741,1670393,4868707,1495573,1237971,911795,624407,849453,752792,12931150,1272264,1728167,425494,862684,2607819,1290616,6762439,303462,3027033,2944900,2043361,2069034,1005484,3786270,1183394,2370922,998182
727606,485531,519410,585466,523404,103994,2145700,138359,1471126,468697,1222965,883174,1216396,735006,750553,699462,57222,1634199,709995,432957,314707,643763,766005,1115321,874100,2841969,3012669,1196860,320879,298175,500964,1024794,4580308,378896,357013,523762,749531,1618789,1090076,2917472,382693,721766,2148725,383582,2494411,452734,1097875,501504,262346,468237
5848378,836868,2915735,3563646,199279,598156,7421627,180169,1288911,693068,2131590,1023547,2002924,690533,3062463,1554941,438486,1201760,1127996,3665114,638509,954005,1675150,4186090,2004626,6227624,4806043,863980,1400674,928768,1305049,587872,7521146,674032,1256638,229802,605644,1911506,1053978,9540124,431230,4008663,1721872,1543605,3174908,1446081,2352967,1605868,3046952,1610542
1205021,878190,1024940,692507,839636,117827,1426132,277188,432412,765060,2794746,1027836,1116275,484272,870994,636532,394683,1335859,363360,646417,195053,453042,536230,1620133,2844113,2343471,2404224,474946,251756,118680,763978,609163,2618156,569563,1415414,320498,446908,364758,1256680,6294125,258263,1285359,1923650,703351,842099,575521,1148947,385741,761840,741468
754358,386257,2063842,635253,313096,94740,1086188,85423,2880782,401166,1586915,368757,950805,993263,1658352,1839982,48485,1912889,332805,1194783,550316,596314,618450,3108544,979420,1298050,1376992,286844,339520,612870,535838,662754,3136072,723280,277737,374037,1302692,1101442,1140918,2397174,311987,3271393,1179831,409093,1977244,1038585,1607968,745720,734024,1684097
574316,674298,834513,425879,520804,527951,3486390,180057,2308941,413186,1554885,228285,593040,712273,635897,416959,629996,477417,868044,586725,190908,264644,1437564,3396433,2230305,697021,1302212,355620,419586,507124,638085,1131888,4321071,528703,261347,770187,541819,726541,1299412,1480979,444526,3430804,831254,683817,824505,396690,511029,305481,1023294,1234064
390933,414594,1582727,647362,300503,311296,4536910,104197,976741,440905,1593295,366232,903135,714385,516416,368413,230619,646640,709753,930893,170691,738349,625816,1013714,612211,3452208,3195204,380012,319499,724837,571220,337432,4025543,729550,232462,1107502,423840,1541058,493289,2704882,212451,2287304,1145673,645791,749515,461250,682171,493338,839633,591088
988520,1314245,3675436,1408315,189449,352158,4239398,249502,831879,3214637,1939185,504542,2465988,1099434,1710189,426420,562739,1297036,1081152,1422956,693438,965796,608577,3138626,2523041,5810142,2337925,1383334,1308586,978312,931023,2326538,9468621,476681,772462,620894,355821,1471685,465877,8429449,226741,4894179,1793001,1533946,3422057,1043421,3826778,1641471,1690551,635218
3375014,1158865,4282189,944495,639966,458364,3748912,331428,714712,516519,347717,325951,1718173,452806,1222526,907750,678972,596582,317395,537400,178264,968348,4442432,1014619,1250671,1343413,1807232,1081658,1474345,482990,647893,1088634,5861726,312453,609666,670920,424715,568548,1646252,1267815,1277043,1234731,2642627,1399865,3409200,395590,1507187,1097379,2947865,534622
1202741,364000,3202002,965380,319102,203011,1751795,193123,1103897,742466,1250596,679664,1874438,388868,814856,1004249,80307,562420,747313,424646,414214,1023727,575720,2057381,2282293,2923027,1960905,252445,638936,319172,469625,766256,14348407,364842,1193887,867269,689593,577428,456162,924703,1073633,2169678,722390,693275,1872147,1169364,1165456,1445957,914866,1208406
2714963,506115,1692699,353504,210712,142821,1580614,193240,1614086,613985,1122956,422171,776958,748489,596928,1636481,214754,1578113,267174,953045,144369,495735,245260,3024186,1579401,3537512,1401396,279803,405437,309553,395929,2705551,2622542,703119,493027,493927,1255973,911433,658361,2493436,665073,2119363,1352945,523643,861635,1083952,578140,505633,653414,1514089
959578,689150,1388159,1038224,146159,345418,5181528,141885,799057,1815853,2843387,445311,1648111,1163607,416315,787327,214867,526099,334373,334518,164595,222244,813390,2546777,1654090,1341821,939056,293784,112839,191004,707079,1074187,2540765,189970,767576,463679,449711,2399885,1083468,1805468,256138,2340794,808318,226055,392350,565394,1050177,689800,2152187,798168
1202832,1458921,4519120,473728,273586,83293,1230314,103128,990243,196353,994055,555159,863813,731326,779109,589539,100246,1112047,1001564,441721,224830,330168,481115,1499812,739544,2809978,2179862,375316,1355834,452374,555457,2351036,2954336,977477,412998,676042,364642,778334,2646874,8516529,356218,3382390,918705,505979,1055116,2143295,1177338,1049959,2442792,932632
1091608,858702,2519312,790519,338754,193251,1782783,252994,1164813,350910,2120039,435599,1233029,846311,584283,296232,64759,2087575,564816,380335,139220,480712,460800,946285,665951,3074248,1218820,742947,263956,248933,188397,1197446,2506567,219430,1482258,210557,411542,2306716,580386,2527970,504946,1800952,1086980,1123186,895400,534671,973518,1264121,568146,306179
1629643,467970,1379961,1073888,1191374,92545,1918445,216780,977745,652432,1843551,355125,2337894,339784,693389,577107,63237,2111446,1895948,1098165,444242,353902,568737,3212080,1106579,2619901,1345165,463324,677305,614357,845837,2504039,9014506,600942,200594,211090,677496,1005792,684873,5082015,237383,3852454,1680764,1375322,730082,370676,716141,786481,1286055,559213
717398,1760774,1239184,1461824,214353,126220,1420334,386174,2403737,1625516,1146896,574595,633384,1105567,985234,1192611,112139,866853,884950,229823,215973,452004,337411,978733,291544,1608955,1633179,673873,899754,333570,987979,816306,7309644,951289,295001,1011827,1376961,1621529,3185438,4233233,473813,1140573,1229114,1576967,2449278,2962726,911709,1188691,972235,777199
4234513,1018465,1521617,509571,972411,579492,6585166,489588,1074120,612664,1482683,1469008,1768544,671345,1086628,436036,125976,1325319,207499,913836,179542,1054000,469270,1826851,2253710,3588113,788317,633282,226687,636417,2373470,841498,5387759,685229,604735,836157,876193,987069,924095,2390083,170382,1558293,891439,1685819,642612,1186485,2659005,1094124,1436058,271532
1116711,2350517,1875251,506964,726592,120706,977818,307507,1338898,365402,1074520,380906,2025988,687467,660410,1682803,422529,2437187,608360,602783,160884,213873,1505352,1440614,761074,1949748,4508462,127449,169344,212398,505537,1111644,3575834,2044836,529769,866191,2442455,703714,4795594,5791790,915884,1211297,2625281,739766,864789,930600,2365043,428258,348566,2745383
547212,834699,4814462,2443256,2112796,172300,1418919,166518,2506874,1021145,746391,1024553,2487945,2683623,893901,406711,209788,822166,721805,1343715,327304,560080,1123332,2412927,1346581,2131061,6593041,1090096,715017,322236,522046,448532,6238931,1079925,1096010,347755,500169,685531,1348938,10501718,837497,6936328,1924688,426338,4254015,683158,2641472,495520,1623972,1438009
1562110,180389,3777668,230412,756399,154001,1953002,271399,924067,3362030,2206054,181095,2918308,518327,507695,671187,163327,1340604,636140,866648,496709,645082,448522,675432,1300918,3596192,1366162,445178,855797,1065746,1186724,1632507,2394779,366520,497822,823007,1228606,882141,1561885,2017087,669472,2211756,1194671,3055132,471491,1298483,1325846,966540,1696642,530965
1668763,209607,4967860,1189373,898227,417300,1077274,151683,557993,839991,2384960,1407143,690564,954880,961623,468412,174335,1387694,644579,1155894,134435,477939,314315,4564287,3179671,2073694,1616787,252446,353548,368316,301072,1511499,7687382,1147305,332234,701221,614621,473044,385117,2597815,279602,4858191,1256197,606818,2235571,3806707,2425173,571272,487384,930807
2955980,514906,2617554,1042245,335828,314302,6174457,182983,1874429,1494028,2521489,1289270,3595730,1394673,1432958,730067,205644,1693120,1079965,667633,465882,809767,924854,3536750,3060785,1371730,2852759,1285189,998283,517013,627572,1284076,5495505,514768,352267,534282,390354,659166,1060568,3059424,422964,2655821,860966,491537,1473936,1095094,2158016,337113,1300531,501807
691971,1389423,2190861,832423,589176,308446,2095845,378721,1984431,1922192,900910,593746,2904138,1472516,637763,2095400,576024,1008249,1188613,1273960,1029741,283222,4146808,4309874,1195305,1193469,2919736,475958,682773,414447,540616,681534,9240922,954776,906434,820780,1705601,1481295,3208877,3836590,1119140,5796168,2104691,461157,1750620,829963,589426,1024128,3379676,1980141
1559822,410742,7082645,399296,1683026,231406,864711,276190,2070523,3238534,1852724,305918,8512314,2504200,892931,2451928,642056,855671,977967,874769,537643,1850127,1943899,2179324,2593981,876012,3673768,622841,328935,342715,900589,1640497,6634565,820218,546949,276303,1503129,1233059,648387,1018066,662239,5895762,1653327,610422,2342264,1350018,3591653,555492,395150,303056
2037121,1427204,4406396,1370994,476148,428581,2793249,194918,1784950,1432282,2362609,368721,4285424,972072,1569804,1153977,277887,473034,1067190,996380,695638,878586,1059127,1058180,2250645,1999023,5281156,481592,529213,401110,552499,1192758,6524938,867996,663502,679489,355760,1232384,1680262,1924714,303774,5844460,1732766,542351,2191780,889119,2542660,754305,2049913,959433
1622125,303019,2195450,1112869,1303073,420570,1108163,407821,2699084,1837180,1969691,651592,2992829,1223338,1804302,560625,274913,1052165,760596,336069,332568,866885,881222,958990,1648786,4637821,5313840,781314,2926993,338614,938835,1778809,2063805,922521,1002377,233228,505426,1153868,962721,13743238,675053,3661059,894704,1125093,2157190,989484,1594766,670906,2491915,1064250
1699549,315433,3858478,2737079,815624,398647,1710665,194323,1242448,1984511,3277922,643378,2860439,379505,516073,1311951,644597,1062905,490394,1384286,565546,636481,1105923,5205708,1185361,1755247,3586398,321820,797995,271708,318829,2493841,2431718,991043,193644,580190,507256,1003805,1152887,2935950,332408,3958177,1731358,762937,751705,1867650,3363699,1470057,1611480,1956286
1558391,590828,3015868,1009196,215687,124040,1690779,133358,1821593,343257,1313467,656068,1795652,417244,507694,637302,88697,4376159,441653,342889,406466,1350881,765745,1431521,758931,1327486,2309641,211261,472682,501698,521987,2074216,8817548,281833,346663,488200,864442,578755,720427,6083385,254236,1335509,1522559,485032,926542,611025,890613,709968,997222,614552
885701,950860,1361164,1139091,156681,93343,1478765,161013,798516,482384,791346,628831,4836905,902901,688607,811463,132742,702027,575173,1463456,365946,742659,709884,2143519,756471,2059033,2157612,305094,668678,361588,429570,491691,5910685,505365,537774,1118377,635926,626865,1363864,2357293,255172,1453859,1600646,569770,574335,3122373,905789,873728,1189224,670588
801568,511099,2206615,1003353,259638,253253,2249634,94805,1780178,862558,1064063,396300,1709540,434762,950048,1711181,197510,1632532,279569,486977,231245,421158,332600,990293,1042038,4672772,1682335,367111,168889,162697,1041874,593497,4170668,387588,331680,498723,1222734,515338,992180,2822788,178058,2695809,1254180,499549,416367,585017,1299318,363622,300528,282488
2222815,517857,1972080,856595,321038,219508,4507917,219734,4068386,1494645,1506239,689588,1164801,462748,938100,773969,68073,749560,916950,325863,141202,285226,373021,4668361,1444369,1408459,715350,821424,481544,944811,1245273,1601626,4077035,242685,293073,727558,1985402,2590175,487532,3253604,174810,2511906,1079543,615819,616625,904667,873723,694591,1695246,398867
2886904,1299977,4372335,829919,209735,294497,6268395,316565,2191731,451707,3382317,1029403,1526537,1681356,1062404,581249,476837,1428822,206582,1407293,138776,1065777,594331,1036278,1287437,3538478,2185719,472056,535953,373675,464935,554870,4662575,655735,698283,814218,721449,620919,2037952,2398994,108716,1649275,1764473,957491,1250083,501437,1985515,564851,599096,1062918
4046232,530497,1346901,411342,425182,208893,671734,178108,1580998,407213,1505470,728987,1232143,702170,784241,385739,569926,643482,1307790,1162148,94741,772211,602894,749719,1766330,2174873,870863,403822,244396,370594,429171,589867,8438717,1698537,775001,538341,653176,594853,2035942,6145986,217523,2807723,1024212,1129529,988304,326412,966348,544006,603908,1038182
834834,1069948,2540832,1514416,1248398,460267,2289840,269108,5051060,1957339,1233882,188393,1942729,582759,482400,1346082,131242,2701349,1580276,581357,279186,1304521,1318796,2528451,3244381,1013685,6271670,701475,1034641,815535,328081,1388890,6294964,652564,305341,433276,713343,2759999,577496,6712866,890962,1881397,1519066,1134588,3823149,713464,1633946,721311,4599099,652507
1134554,396935,1744482,1190639,1381369,94968,3175206,104417,968242,1670765,1804520,399039,1519678,438455,1232747,526914,268054,1013670,200596,980903,828603,678046,1086973,716213,1567370,631187,2976124,517557,519353,925485,506283,1099169,1752374,978946,322105,1076615,839404,1330714,1610214,6016195,760639,1913983,2508163,749092,2089087,858470,1397238,793326,798580,1554224
1634117,322236,1326402,647101,459389,508662,3678514,304817,981364,432703,631576,485026,2686585,426045,1038648,855978,182481,1628129,408735,1225848,482112,697700,455658,1984911,955698,1355261,2226987,367419,637563,319500,339035,586965,2194005,261213,518680,615016,752328,1068337,568038,3355559,279404,678297,989634,640333,3454223,907130,1389055,291773,512162,391742
1780681,825433,645703,1589358,247570,65798,957873,128284,1362815,1078413,668273,203757,3427534,2623295,588495,799913,147740,2208797,494106,921780,233186,367717,2136887,2505055,1660329,1402779,6125301,125495,525469,274732,459647,1154143,2462087,247748,724397,1582782,405006,1918024,1784137,6828159,300072,2181351,3298535,300461,2468867,660502,938828,701464,1442592,488037
5485673,581758,2950650,1235564,310312,111594,1171860,100443,1853406,390030,2487242,184602,2290033,394549,1092195,979243,150245,2501923,1420752,850912,149307,386292,850058,2013452,1827011,3300693,492760,270245,1049147,366087,475690,1094377,1731380,214209,398767,874261,605652,677055,983489,6908210,678720,4171215,1596639,585977,696525,2130220,1048243,990059,3603334,946766
567972,210841,3602757,2960838,865261,154878,3912841,354438,1825980,378384,1072032,431258,477508,966495,1200200,682548,284883,716279,1178319,966010,107918,625018,3384016,2079840,3130128,1124146,1725276,514159,818954,462457,379594,338166,13687053,341443,594719,457691,1033425,2602798,1075163,5874287,1085961,6762722,3993564,503751,2071424,1226061,1147073,2133876,1614066,350433
899890,1582110,1885240,762119,178261,197178,2277664,196586,1776589,1244334,1089597,1920934,1072565,895844,1136525,3537238,141414,1376464,1336750,480515,232964,604660,248399,1044177,1145770,1791087,9852307,554832,327333,492647,539408,740266,10386512,1692571,609404,366410,1719069,1569387,2510542,3214920,528053,1320878,1025559,298404,2401554,1073643,2142101,555109,574938,2131407
587021,931071,2302402,1146203,631910,95833,5072510,196416,1293618,974371,736596,303400,973345,226806,749869,572535,85009,528667,1096974,507062,348876,453045,576144,829675,493475,2270562,779111,224628,603033,1407387,839647,1295472,3274028,643890,747435,311056,1134904,1551788,1268441,8612417,561031,2690324,1574816,1694734,2789701,2533395,558790,1055309,3130847,1560751
1537740,509159,5001833,505450,825692,281215,1999182,199205,869313,323244,1161395,1729436,4882291,1380999,1022321,1223716,291331,2323206,553504,448134,1038798,846679,1137013,949048,1624197,2381605,4059371,346321,154893,607422,411492,793733,2716319,318436,180624,317453,2064141,381286,489743,4041397,542902,5482932,1154852,895487,614344,719437,1700342,453108,838917,1097033
509671,392712,1235218,884146,310080,236999,6201721,265178,2219411,2877185,1398351,415502,2483176,915629,739373,471427,235941,1663888,653949,897287,313111,579164,722342,1481885,1478611,2605381,882041,291982,561942,343128,1496303,449094,8914315,485722,640792,352975,1581178,1093312,924405,1322822,339934,4414186,3669693,617453,1735099,954008,1204669,864952,2136005,567488
1422970,1138498,2751474,689184,282775,280243,1062989,109309,953689,2574370,3694298,555692,890533,346048,493464,507879,531003,982481,993315,1256855,247914,456032,550258,818333,1457736,2189555,3231915,577759,367229,140467,463195,760602,3354582,458090,520286,685913,1092462,437782,1633424,5633837,546112,3766693,1213920,541984,2233916,1827345,476827,601913,337215,1208908
905103,364160,3404039,964334,241991,129903,4540200,197919,1279479,372691,1239394,684476,3269534,312171,1504658,715176,240015,486815,583140,445308,387691,174500,619218,963646,2449944,2196414,957086,304625,295094,290925,544121,840896,3486239,613448,414975,103446,761361,1411673,1396017,2233544,307162,3963275,1923860,494673,657734,520347,1271270,896371,934205,1335056
576059,439433,7769550,1040864,384171,116177,2123843,297898,1551046,464965,992370,268304,866230,352641,564164,759788,27219,1088241,1591608,1056531,217517,164327,193564,1398627,773644,2425794,1040169,386360,512193,466005,856755,603458,9564343,233092,506577,267315,411965,452310,650052,5087530,530889,1256799,715891,1156547,924732,512445,1778285,359002,424137,531731
4001184,762995,2057419,1329148,597126,231732,1042873,232955,3015463,1872523,1122732,343489,475910,857185,660886,1143660,172729,1439099,407233,642382,176335,448984,593958,5792772,1124014,1029923,465124,424642,212007,420473,342882,966246,4355541,423722,374552,911689,354082,257349,1479311,9567976,312813,2011303,3657583,323995,1989562,504596,1582678,1173177,758162,1420090
692796,520743,8212644,1675371,891829,451883,2252040,490389,1139401,1175840,6280541,562834,2805287,734506,760310,1217828,275902,982523,2559845,690995,383637,788434,1286782,1786954,1330434,3336441,6443376,2035086,1196921,222378,657533,507179,8883949,717058,1017216,484639,1798900,1359001,668840,19222188,1049134,2094111,3481104,374294,2606235,1329019,2247669,1114558,1016622,400533
3805510,723148,5002300,3462688,365175,523341,5979606,848239,1736936,1373350,2460018,1258699,3887156,1391056,2182349,837202,318601,1833721,1412850,525435,246126,197601,3172994,4866145,1899691,5962189,5795076,614517,1280876,627730,1703401,1148658,7098961,1604107,191271,514056,390373,2157218,574094,10415748,255012,5352107,1351615,667062,3861605,1468621,1892349,1453359,1475011,2331846
1328067,783637,2325978,2767487,996093,213836,4362301,227138,1313148,494690,1571845,618426,655217,748415,1254395,1359402,144957,1197863,326683,520460,146115,857577,1289525,2414188,744133,1701081,1947728,531424,480951,369759,523580,832998,4465248,626449,322995,1265267,791135,2769347,2027777,3899744,566676,8486511,452923,722033,2532050,568500,908779,1451893,1247015,1690012
1023644,472341,1129860,434383,843192,106995,3255263,149137,1763202,483752,905558,520888,1997535,172987,413516,433035,180938,720997,1390694,1142639,342354,261723,1723675,2607951,832444,1389956,1197364,375927,507069,310061,649523,1904692,3544772,167609,210013,921527,860440,1902080,780301,7893868,535434,2537482,985512,336026,602496,895197,943618,827158,726233,570546
1775125,928305,2842914,1903545,303484,474665,2083897,129293,2817930,423390,3934896,694232,1833293,416549,1369362,399035,102858,955168,599140,373228,383397,1012060,1155950,2512079,1759222,2117885,906013,705853,235487,740028,200993,761757,9164242,869906,637290,284383,695130,1229677,1163855,6183204,335375,1396824,1480645,1295527,1751071,1085425,2036039,854323,704357,1587815
630451,226960,4245345,938990,202102,158398,1876400,188124,1785248,644086,733141,1277776,3032173,970207,532315,987162,198111,621000,135466,648445,250880,295677,743779,2179117,1246661,2071147,1934925,510910,254536,489666,478334,1318213,5513047,650554,257396,481313,346553,301484,794242,8189441,402269,1686050,1857052,431466,2777778,3173613,602095,520884,464490,579725
627315,366792,2700229,841502,626953,114288,2335606,142300,3958105,447745,1862570,284483,2633049,527355,716387,641215,72414,1592591,1692307,559483,895970,321078,873778,1468366,1701568,1213820,900001,131277,374048,319951,388033,1346973,1635575,574090,308031,292988,442275,590939,1253049,3088990,1126512,3276530,1005345,694838,1341250,1157941,695540,1173825,537018,575419
1434908,1079262,4844833,520939,179564,256604,1291815,217636,1610863,1104697,1638224,874239,2224140,1174560,457445,1004989,390087,1508007,472180,742425,565759,848141,530976,1787777,1309264,2029793,1579026,293785,329649,483251,692611,738770,2964592,301284,816468,894437,849157,2066877,1562669,2441814,760245,3148550,1366585,756912,1378554,1397092,568267,489906,726636,808998
694648,1367136,2259593,826755,511476,140396,1563831,361198,1126231,676296,3222433,768259,2172230,1233270,276585,1225330,700522,1529416,358357,1283892,230398,497971,675697,934324,1887833,754972,1665008,239898,137506,861905,351371,567444,2841317,725497,924114,434044,989532,636990,1202292,2864849,293200,3958108,2443447,1177027,673967,835998,658170,712227,786623,798649
1069126,967675,1587830,1019232,856356,186603,1029649,248075,2519754,340194,1878278,336862,1373487,975329,1631175,1521194,159030,2228642,320324,870622,464212,1180960,499438,1092616,3842661,1180000,2499095,1294189,298762,228114,735738,872657,10129160,182382,428874,444778,849907,1066885,595484,7880686,742827,2561291,1770725,569154,1122840,571579,1273870,665682,435800,1033057
524094,992794,2922980,613323,273113,107187,1611174,119513,1098508,557790,3193574,519499,876111,953884,470439,787050,61003,1334547,907660,526876,304710,960250,494307,1357718,1767865,6712922,3370401,382683,793954,1807517,349431,1854226,1586474,215111,406885,486819,1111972,309128,867197,1329986,307135,2389342,3564267,716173,972805,389068,454218,350426,827612,455246
799788,166672,1821188,924784,319621,241367,523065,271456,3950940,1892578,1224385,382497,1745893,561791,1331769,607107,184981,1234407,683872,803611,522375,585940,1886675,3382826,937291,1537071,2978837,630222,307188,314138,368844,1788844,6152951,2046310,463827,331996,1097018,2079483,1000833,2571369,525312,2505191,7841548,642324,1138169,2874489,1707159,875389,397159,3458312
672382,396730,5311286,3661241,463309,239352,4990890,513820,4642821,2487104,1092996,516991,3371309,5053159,1525850,427759,434199,1279920,1139041,1179159,695082,696688,1254622,5352634,2358729,4718531,8973037,926659,1784070,713882,326449,963786,24567856,803896,688155,724667,1229088,4870736,1301204,9396831,246461,4567515,8305422,1222102,3049461,1151689,1778843,894620,2335560,1348906
2868798,528056,1917241,1400118,404258,471621,4530246,150543,4393560,608663,620974,980837,1225922,814475,813086,368807,275275,867559,1382760,400305,515503,551381,1609005,2493470,2059708,1151991,2209121,1248359,494396,296001,1183319,1113750,3404466,451742,363268,2211065,597211,1880590,581436,4358207,1540214,821375,1561174,297193,469764,2406892,1509660,733863,575663,682009
386647,571037,1702350,1470721,857593,49904,1051205,200862,3713774,731252,1575350,314647,3930956,752871,843097,545598,141180,975189,1112508,838283,359505,434026,386655,2658132,1148368,1144240,1893190,541138,1090941,429363,368986,998711,8795676,1451708,685955,1596566,501346,662296,496563,3086005,264021,2034450,1701176,552786,1628712,576346,2155657,397704,1523172,1720580
1362241,682190,1971818,2810183,442579,212855,2493976,174435,1453727,661238,1397166,678404,3028466,332329,372418,1085808,185832,576184,596005,647025,168735,493329,330109,1033570,1876850,3415957,813234,153209,642185,167873,783479,1075196,4807329,656439,1200368,873085,533792,512790,1306127,10585620,549913,1525766,700477,1061629,1391752,2492969,3310431,355056,1786915,972867
1032332,438844,6669999,746667,356007,212264,1538706,214426,4255161,597411,2301854,466144,1830809,520127,235920,678709,122812,986969,863536,550337,704931,353244,911806,540311,623997,2269105,858620,287479,488757,360251,575728,2720491,2464690,1285570,599769,641402,1803566,1226880,765180,6841981,442063,2286584,1186669,749703,1508343,1141851,1261588,1770276,285695,3121767
520267,321159,2390994,750357,337993,80576,1152708,227123,1110924,468740,671535,452315,1211904,518449,425302,685394,195377,1024820,2517342,1031949,505768,768782,692513,2212748,852457,1622735,2382752,352936,316077,208718,707762,872749,12024129,263002,1072855,690035,433208,1971856,1443520,7044688,971217,3664099,1511164,320321,1867297,393856,1724697,504954,1047429,2255013
736206,774696,4715901,681377,1062681,359843,3358747,58992,2483326,999654,836826,868246,2301563,553101,421577,1274191,305740,1721421,1312500,566884,434874,814869,1387312,3683385,696127,799529,1876662,569769,273633,443699,915062,749077,6199833,707354,592666,362788,399346,3369030,307296,2887269,683227,6177647,916896,619952,3588537,1850615,448296,1138577,1867042,1007696
867663,314310,1147832,523966,462630,66544,2096962,136067,1105096,392835,905769,1130683,3766846,592265,994299,1019317,318825,1033316,342318,517183,440002,1202905,1677813,1141725,1037720,2780202,694810,311580,249064,781921,731745,869897,4104367,411224,415549,764348,998168,805570,1081909,3518391,307965,899273,1939613,480931,2849492,754293,906597,218949,558864,428825
418764,524727,5225446,1619262,881924,76840,3778462,178759,2315791,1612252,1097511,304104,1491398,400865,400437,927522,130030,4234798,836664,603701,419378,267570,849561,1919306,1484216,1679204,1443001,405295,280485,319764,1669492,803214,6815290,216599,432724,1450664,1935916,1374784,1732339,7174099,347311,2791283,2553520,1224225,763768,1930136,824004,490900,446262,1441918
510149,715802,1368853,1346878,462832,220018,1322500,499310,5162735,586090,2089690,390991,3957997,740490,1402656,820519,305129,646414,905753,852803,239426,422301,1200305,2030817,1193355,2414461,1239712,554217,942960,569250,522756,2273805,2288421,1021306,471440,307685,471892,376474,1255713,5939613,404279,4586078,2914147,1132149,1032296,936852,592070,659945,1100050,1393394
850687,233928,3013171,1043967,978413,263690,1333199,142369,881537,1094914,726605,766220,3661035,793650,309939,803306,62533,665579,615533,525478,91448,773074,1575193,2836026,1347591,1781362,2237144,313318,981910,543990,651547,1240207,4558893,465333,277255,337901,338586,889946,499716,5663331,1315553,3964095,3256525,848688,3039192,864832,388342,469993,1585140,1041987
746757,560313,6113456,1343432,538259,252619,1226307,269199,1816232,1412164,964576,1767572,6275934,507173,620384,1768170,63120,1275312,811173,358117,615315,474280,1038463,1932005,1158726,860902,2071205,463317,817947,202539,465414,1823556,1778947,568887,365499,615398,2584586,564316,691991,7883080,495953,5383557,1714334,1061823,790755,1681341,1880722,443692,1458328,1252930
1260607,1809169,1198097,2707187,361425,367725,7106044,183388,1703531,1126076,1220652,464016,997570,330872,1783673,387014,150822,897918,432813,2318119,284243,378824,789018,3218707,586909,1287151,2726592,832158,857121,986017,1086935,2496452,4757893,576758,1183485,603911,437388,929777,2350150,4000150,462202,1074191,653781,1084540,598831,856391,2063742,523879,1500744,582593
1434759,540174,1569671,583146,738458,134982,2104708,120940,2341709,727220,1162725,478502,1719225,770739,1181290,544039,135691,491174,824076,481006,162379,547468,590775,1610289,1684934,1703963,1184007,783444,155559,563576,557416,1381014,13336377,801913,261620,435528,507150,1068785,690728,3506307,1117279,1201267,3097734,406771,1567889,453141,755532,1257221,1179013,862985
866461,1063810,1146668,760799,799175,140234,982865,129077,910866,1046752,699826,353296,2416484,243807,465873,513283,197300,838723,735323,245049,109577,621795,231325,2142141,1260952,1156530,1827880,321640,846297,510196,637222,1304337,5730371,342750,1062289,740921,1018919,1142000,1092521,6342913,658508,1976580,2198456,1418229,260490,1269532,706536,995937,3023210,283561
943541,432243,1938614,2007695,496405,238999,1595950,527251,2391688,955878,981853,508149,3372663,445848,2307840,1238533,382174,1844046,299107,593775,588038,2217117,1792849,2758848,787795,1231990,1091731,464758,343903,644219,231236,383601,3263732,854134,1054717,1972591,372961,2337922,2550170,3482044,252518,6587706,1566576,632818,2226459,1303783,839603,673486,1519381,1166853
1269806,690179,1146080,653996,251170,86751,1312605,68687,1915083,311127,1538936,370285,1508139,341900,773562,1317384,101488,2355967,621889,760437,431442,462291,397999,2320152,367773,2223057,519887,964161,101769,315079,480624,983916,3177701,976330,736619,781402,395796,1236264,1151111,1628299,475989,3749496,1236818,418241,2539025,1834074,802191,1284304,750332,1507585
645692,1143472,2313911,806588,595706,316182,763294,109133,2410889,508642,4479730,975625,793202,301528,278088,616477,250604,2610915,565257,883643,150509,331328,341290,3468501,1425530,4998518,2424451,483698,612310,706480,825221,747787,2030330,246363,468756,849929,1434045,971005,1516212,3754265,482752,7128742,1834627,1008826,765958,489614,1135583,1304101,497810,673730
1534499,305798,2861784,411647,311538,178498,3997963,203442,3797046,636974,1008866,661059,1301400,629211,1069350,480342,144530,833890,551607,662079,359852,632543,785360,2133748,2172521,2195791,2699869,260888,389503,714074,2387208,336689,3714668,1186005,178733,287799,900141,1939409,366391,3867845,367077,3053894,1927875,974183,1083723,271200,1012385,446386,587652,1031662
751731,979365,2248053,788744,469589,77404,3502335,189759,1696847,1005108,2700428,265542,971190,597507,458380,2497857,321556,1153869,342082,2284347,128032,541361,730384,2340643,401612,1422642,1106555,329798,269516,581230,716946,970388,6579914,240687,735309,333850,363625,1628706,604681,3823830,687027,2389143,1223197,623838,596167,1919182,1311388,1452372,1187682,798461
1436956,628505,1722890,270322,516130,120335,1609960,217460,4034399,728249,281616,903956,848698,1252332,482784,365770,503361,1209065,845143,1204325,391951,420167,455170,1966361,4400779,1774597,4114159,366640,188738,244257,688826,501199,5823055,166309,408774,398374,880094,998811,2502633,1509420,215566,4263595,4144056,1725795,1245375,556168,510782,367377,571995,867213
2143293,276712,2298468,1087483,455651,65627,4214282,66847,953598,685736,889622,197363,989662,626880,824579,1520374,106155,616461,498640,1610813,331752,901394,913402,749174,903250,2324092,2001833,440881,322760,195363,1308845,344947,5698631,1050012,405113,372593,761802,781744,700533,3474313,303138,2499958,1611184,595194,676063,806276,714108,255229,896113,788672
1561290,1127658,980338,3073208,1253078,633432,1701990,385911,1313069,607221,2214412,518986,1128439,577887,1379705,1051972,100872,1751709,1715136,773321,305178,482364,1113020,2361174,1200630,1302021,5667852,496723,563780,559203,290453,363375,4967663,373994,403528,745604,1879134,1101120,929986,5589887,800357,2085062,5518468,919037,1393421,1068662,1360302,1615732,2649226,851281
966617,826572,1711215,926723,345637,148587,2158108,244788,749607,556931,1776936,419348,5841847,447764,781000,2154702,215373,548222,1201216,848737,409812,689549,330652,1758785,858995,910565,960643,281799,301111,320383,678263,768857,5556794,515814,1528666,884223,408373,941407,1200795,2030075,374286,1760590,2499836,1118651,865554,969527,1362032,454530,605935,858474
1360586,1049511,4562382,414680,694563,319322,973431,135267,1852231,1144412,1516413,1246467,1574964,311801,490725,1804850,131760,1948231,296693,1410151,199925,408579,395624,1746410,1578474,2870908,3678891,437779,617540,410610,722099,914721,7668557,796169,385441,783749,679081,805458,1403972,6565284,442137,3359460,766760,354104,1454120,1294800,2344673,394593,3222268,1302318
934379,518148,2122718,725906,819262,197123,1289555,273597,975769,517195,1427948,1360950,1314567,513728,578597,1210965,187048,1897578,363657,495031,151055,1155138,519526,1467934,1025223,1484003,554580,491332,135674,210366,316217,976467,4649349,1555888,415338,489234,932182,829562,613874,2436421,669535,5353327,1590848,438892,1369098,2904146,1255749,761244,545708,1821175
1003944,381511,1124209,1105431,339865,452725,2745263,405076,1852708,1737394,5450392,718295,1174717,124970,665078,2227727,221274,1162711,1115850,1252997,470074,530902,646753,2187858,2644883,2303735,1898719,253148,876652,493568,504308,488881,9449768,1059195,883761,1138543,2067145,640419,739566,5478627,460762,1647411,2115956,840809,698353,1137119,1810863,1457170,2353744,577017
1806017,489627,1778982,488597,301300,353360,1636884,265506,1664808,439016,1192187,630624,1867732,574706,1138783,1884227,101054,473511,438962,631236,585109,681126,550131,1418897,812651,2249244,3285770,449256,606308,449668,843555,636198,2146332,318299,325700,446078,1493859,724023,607245,8520376,697453,4558087,1271292,496532,1274715,956781,2247672,886563,1627082,442236
1188681,252206,4988279,1312151,585729,238533,1329921,117259,943505,1971306,1201488,254719,1942881,2309389,1694567,985034,729632,1597496,1197117,1296616,233266,413215,1030851,1579678,1128402,738317,3624221,352412,255093,332601,512338,442597,3034621,470030,719212,602492,675493,717124,699639,10192561,300369,2582004,690282,636574,793781,1770850,5310425,648438,796789,545194
827565,580552,4582297,1483131,256430,104352,2845982,82840,825477,806404,739807,3406670,1406767,792444,812791,405195,115981,702496,234463,364052,571921,770103,377643,1039752,1326176,1172711,2022015,1565621,484679,205424,357762,2638422,5233664,887451,446771,2016138,1178987,792652,908886,2268648,840439,9774024,440935,984001,684678,783141,1412086,467776,1412705,1275213
253207,665066,3985932,955030,480399,184988,1535381,308037,678615,742739,950021,981982,637970,307951,442248,483998,136035,622131,1528052,665346,191135,342489,736793,934258,1563599,757490,1016270,150790,387861,460706,226520,867546,5918731,547736,264743,259137,1016545,1006556,445882,2506389,211839,1027912,2543883,517290,561327,982168,1221703,453186,633892,541762
2880814,388970,4071452,600813,148362,256155,1545771,357462,2278493,749873,1200633,476902,661710,1561723,243070,2093847,405759,703190,870987,2004223,265294,678741,885557,1128859,746079,1671474,1438095,990918,853175,893489,960824,685785,7297712,732662,300711,338163,400965,913766,738552,2810620,372413,2480031,1648981,981432,677213,1227069,614830,480596,922273,1235045
1511051,309830,1886549,838427,276780,106138,490981,150197,1163995,1769615,3191172,330509,1178851,580637,1019171,785072,145318,899463,706476,964368,224185,366920,825020,1154006,1528716,1717804,1302786,413450,158600,666396,273012,2051456,8057802,318371,266764,548261,869199,1785918,890630,8787541,385804,1768532,497511,532403,2048455,593062,929555,685533,663182,531758
506031,1195449,1222045,1048213,893046,193844,3333306,159007,1150118,1355627,2068506,252725,1773014,750744,446014,558421,242152,4948729,746073,463667,269376,382672,1127892,1343029,1464155,3151641,1770994,631413,345485,247691,979532,6344581,1651133,171866,406679,167758,723724,1951116,765108,4011176,426214,1418657,986700,756121,537446,325952,1143229,1022328,603886,389661
3896093,470492,544521,1111089,427225,228839,1830169,308168,2755386,1128168,1381926,403487,1015819,1166727,522978,634616,72571,4246989,564373,1488053,293553,579749,1006483,3055044,2058976,1740317,2942192,456723,504104,231664,321091,610378,3607051,572361,4472572,208206,563139,3756227,788002,7281454,286996,5743727,873772,827133,1466919,958674,846724,586957,1025466,1049872
1166733,330947,910164,1462193,248420,165013,1276151,134805,1365086,474697,2024493,240897,3584382,738406,658180,564621,207172,1734510,1355197,410429,236329,1025148,427122,1214440,579221,3364288,2648800,334593,302168,131397,416049,1307708,10926792,566864,333343,427862,1071885,1144592,1009005,2375879,295238,1931097,1631666,563880,1448018,731915,1792349,1112732,624286,1006013
263213,1203288,2315854,1875798,953421,235167,1454980,157193,630152,758355,1030724,173110,601048,894385,860097,929484,152408,698479,1051663,283135,175703,498900,702038,1702636,851225,1225064,2809264,984802,904447,148342,438758,1896852,3280244,901827,172448,2098482,226654,1997862,823991,7395725,783415,1236417,1343666,498347,970636,782394,905525,1034258,683427,794196
659247,275957,1948393,985054,281084,182054,1742462,86022,1434614,1749867,1463294,315415,423256,1122852,980288,785136,167378,721394,1280612,702400,179673,504401,1175197,1447164,951885,764162,3744795,476538,360518,259959,407818,1353422,2094651,486397,434548,451107,834415,3989334,567602,2267402,693411,6114215,889684,1675011,2497606,354332,1296417,920398,1994919,834318
355434,514946,3211050,2010258,793419,189730,1563979,79220,1340549,442124,773685,550433,2744308,253273,847093,872259,90737,526780,346019,1033872,117311,380625,480557,848864,923318,1820374,1155343,146939,383269,647505,667976,1892221,5008830,1031824,763881,320997,783292,1452934,1147723,3452169,310030,2982399,2467371,1337752,3165069,1898576,1316863,1071457,2188096,1379453
487489,514520,1420251,447709,479021,313680,1228365,172583,1807274,898901,1847354,496219,1471228,302124,435414,604248,187105,1441381,470132,220019,295251,1004418,782449,1006031,1702745,735074,2536477,575900,265617,323031,1034702,1622187,2656855,1149168,229819,304488,1393170,754706,924770,4503784,1104549,2160520,2084697,269882,2247064,696050,1430437,554930,649176,2104802
1619319,791012,4771818,2429806,293086,176865,984162,77431,1701887,893911,1031719,282450,2961562,461899,863861,823945,254030,466248,535076,392321,119175,909981,1080383,3049545,1541929,2178399,742373,398827,338779,482077,1303602,1546967,3423329,463302,412939,318479,399872,972952,693018,2652231,243787,1560537,2260057,1282293,717349,2086564,532696,841571,772260,1477746
1474761,592428,3534259,1083197,446786,130160,1113303,174719,3597827,1116432,678052,463706,2072143,937603,475883,428757,309592,1756009,875042,462294,250597,629905,426887,2026372,1352621,951514,1258626,340106,648564,271611,785308,1046698,3553363,660861,484952,896695,859397,6157613,781184,2534084,764206,3350930,1299854,669613,1412152,1692115,557729,761091,1370520,397168
695513,1726830,1686003,1115693,204112,69981,2666453,149937,923405,661393,2143687,1284599,3799668,1183770,675627,2550772,261441,939253,349728,574492,661777,398905,661140,3441757,3993468,3459934,1417475,132492,818003,356368,680403,1160698,4900343,551628,556639,375350,332849,1444626,1537143,7097611,283734,4485621,537691,445161,1046039,1352415,1823043,2412933,1061477,688514
1809009,257911,6312877,1483445,1090149,172312,601982,122140,3012946,844388,735446,298121,1028368,410807,952805,1179253,99029,1795107,446532,363169,250640,297827,278150,4579714,920918,1235292,4890018,820608,406282,116758,649251,377185,4516433,568178,435101,1216281,1242919,2045342,712587,5269973,317838,2610771,1589257,312942,2556652,986990,920464,386772,1413939,1060442
2106760,977003,4456982,679464,953339,123484,1745062,69056,1640339,675589,389556,1261508,4540394,699479,491309,894618,519233,2132522,569419,1814802,656076,770837,521212,1946271,1432524,568464,727172,242718,333975,347026,689288,900296,6702677,882147,769741,1196000,1894552,514475,852740,2144721,732398,3319947,1669687,358315,948133,805238,2708079,653072,749466,1584148
2247611,1153003,5119760,1842910,399626,225696,3384374,259221,1340860,505892,712807,195430,412999,470535,769467,1326563,114989,759350,532599,1177939,417067,622481,361193,1521186,1028553,1570021,1260601,368245,331431,356826,494921,2184260,2880569,300862,237330,592396,872324,908959,408435,4138825,285930,2687544,3625781,216229,872976,696380,1788899,1094540,646428,460369
1261328,434265,4613112,1293410,212463,93795,3720610,102048,2115180,1075904,1440439,397174,4170620,917557,450638,697241,128479,1123676,585797,359503,274822,991837,520959,1679465,1464217,1607038,494542,579767,535164,338503,885381,3234651,10088874,548763,379382,896260,845902,399241,912946,2532865,432849,1428433,1058466,257151,1539945,1058484,2566435,1157014,823522,500312
3243186,876886,4742550,404926,341999,422783,2707834,186026,755671,1302768,1454086,686547,1049577,1213597,383768,1930324,132547,1277189,296351,871517,338004,756661,959556,1577542,1016194,3019224,624023,166864,389976,447904,1086960,1399947,3311632,982520,214919,513381,547029,339980,1424861,4537899,308015,2090518,1103720,654458,1421302,740817,1194952,695657,1422514,800497
757683,590944,6665202,434093,309865,235483,5500184,55036,1317463,358686,870114,392047,849391,1139700,718961,577951,119255,3038510,456997,648880,214123,988459,805430,1493329,1467344,1479830,1887859,347146,232874,480098,721043,1212153,2239606,757964,464805,833990,1484648,796824,879701,2390171,590148,772757,706818,345231,1903022,1419520,2010084,543283,577169,1666957
2195721,668333,1688812,558255,216649,118137,2656698,108698,1332444,1221887,1489963,681208,706846,1105490,526635,625055,268161,976693,497841,465696,218205,432982,1001253,1710113,744276,2034790,1645655,147736,268117,386872,554724,687352,8289741,342588,309798,1449585,1039092,539852,1169813,3174001,983343,3779896,763834,542436,1819367,581224,934502,496636,1215486,422917
850578,502406,3809558,1608665,178490,270553,1962546,463888,7743513,406427,1248623,522923,1419655,671615,1178207,1144968,176762,1240283,639035,1388385,1011882,1395777,1235225,2287011,548181,2184650,2390533,833719,503772,282570,1194433,688905,3894222,588336,373758,1536585,552380,3895280,799635,1773318,605131,2206110,1181581,664575,983066,1481281,1289406,949983,494958,903353
1886299,402330,2965353,707205,329826,121977,1175941,320106,1080789,559845,595208,248077,596941,476942,696683,367675,401958,662544,546056,2486256,283099,1137485,985872,3584292,697987,1236080,1966190,158634,517625,551765,258229,948465,5413708,227949,288270,1296788,678465,1750640,389037,4324490,649070,1282404,1584147,516814,1064828,2729456,1192761,718143,1071802,777512
1205083,622362,517969,953052,488362,210649,1076600,295931,1500150,1104635,1436624,557113,1778765,984327,435680,886327,54845,2497485,1417931,1007443,163368,428598,522738,523900,691418,2336491,1024269,257425,867123,247122,544490,488443,3053242,591479,554719,659444,450761,595046,1436647,1242590,1099149,5974822,775177,1070158,1501963,645443,715405,412978,662541,755534
699239,442493,2618891,486049,260827,308201,1750445,95262,1766939,822701,6692562,701334,1078776,515566,768337,433087,196057,909861,774223,471601,138556,2774752,329199,1960900,793192,4747462,682424,639580,343387,185540,397674,844876,9750318,677212,768245,524610,679584,1093825,1342767,2530410,1305431,701357,1478690,1869738,1449060,681119,757580,924298,664900,587246
4581214,653801,2907521,240953,129643,109151,1924132,142254,2085256,190829,319248,783035,4536278,795454,337475,1171304,233693,1052621,410557,371250,140047,606950,1475469,1278375,2215397,2687065,1101588,243030,391219,307106,638766,1099323,3757300,825337,401833,1742090,1724688,2132232,588987,1935639,411028,2963615,1951568,502778,1181127,2083490,3693931,298723,490367,1287743
1361406,1000858,2901386,547064,638222,188980,794438,143497,1474237,2737793,2404832,356950,1124221,685310,821928,586756,100888,1278729,476608,470534,233991,580475,891035,3041836,584401,2144720,2821670,183512,426736,252543,801892,871384,1906337,462660,690498,853136,1723969,553531,2746859,4850315,378908,5710103,1217760,717283,437946,574059,385264,981288,447536,434619
1202984,624969,1770493,744572,650688,122986,1559522,101091,2337898,2801830,1287015,603209,1559170,208926,467950,988515,97418,2028958,467950,1057314,574907,783942,747517,1514428,500526,855946,1532507,172970,682452,368487,1018909,1322596,3748283,769851,315334,439794,953770,1568849,405071,2097264,388085,1747388,2786243,479097,1149203,254504,1543357,446880,1277684,515801
595988,622349,2008623,1219815,191568,294814,4448529,137807,1168327,967563,900912,237532,1620323,840568,892497,645424,130139,776018,1192594,1123512,117824,270284,575482,1117018,769478,878029,1115912,533905,161066,189602,3081970,1177460,3300729,515385,684194,1039205,734034,612831,874429,6266583,985239,1624838,821111,838766,1580630,1237294,2643974,621155,940857,497012
1570505,494625,4501870,1522372,293618,97320,1912430,124475,1203270,1177282,2484762,623338,3858542,321329,500124,189185,108763,1604091,418893,335271,184640,512213,1195653,882466,623977,3848792,1789301,470405,207534,178124,361416,1432978,7241954,472258,209772,874649,886368,1204818,1045755,6085917,333855,1362497,1038340,254058,931735,842620,638515,518764,606235,1386019
893054,356367,1993918,846465,445578,82525,7187069,179836,3953499,752314,2784771,488967,1500862,456806,268734,1188775,43815,2878827,175961,162630,320236,933759,886918,885298,755572,2886619,2809724,343267,158961,525447,613636,1955913,2103053,542825,246840,803452,943845,1131178,340658,4638219,1159696,4285002,1146189,413727,851446,1067520,1539028,1882943,2193087,1080952
1026278,497872,2507935,696490,247252,85111,2872609,172064,756842,846490,1606343,402444,1842834,373299,973875,802937,84672,1037554,169716,1077437,202924,424512,437650,2501288,843906,6736058,1727629,1165633,1484147,344437,517121,1065015,3480813,700222,204637,1210498,1331472,2096624,1046104,4085999,365220,2886830,2438076,899100,615197,235182,660882,1507480,1123981,605279
2144111,423700,825085,3894383,548832,270066,3007588,67313,2814324,879926,631258,701120,3889603,830471,755381,1471713,77712,1337760,257367,170841,381700,606740,652930,1107880,333158,1865101,1425409,818338,661526,464539,793132,1332527,1558700,320368,800059,697748,1163799,1188177,2498305,3785133,1156201,3697936,739864,454812,1778860,413212,601244,581225,1612995,263265
696901,585255,2262348,833471,650561,55364,936755,143265,1631429,1131831,3176817,292171,1192509,302393,545050,1621365,100104,862601,127855,2721072,356620,491762,549132,2051134,1507219,3166809,769677,836143,503897,312055,631620,954805,6908923,1023265,424107,648486,1032231,1760885,1111762,2763412,541028,8233834,1912687,838838,1643956,1222339,987197,616485,1744908,1226547
1576699,267732,4875387,679359,457976,221261,988220,107020,1411175,620431,541878,1015071,1043756,1600649,302696,502772,214154,263883,551074,293775,299892,489622,178443,1572526,451040,2246882,2635056,350337,256162,181007,395369,425178,2246661,400006,1145301,687114,465980,1489744,1372863,3963417,517583,952153,1222877,966253,3925705,880999,2195422,289181,1351536,695018
685430,512449,2070414,1783720,776063,593187,2940951,197038,3140002,1306294,4108193,669225,1813012,419756,791800,577342,139736,478480,1237530,304738,193209,930550,439972,1841324,1348266,2984292,2054171,225638,391157,254933,981775,1618302,4295276,1002208,518949,1372238,1082783,1541411,416801,7910772,109900,917858,1360560,2096868,1622245,716005,1531848,188193,3619206,1481390
468987,818622,6200640,793450,196498,143305,1040568,74627,906435,893550,1210483,543600,507571,1147888,253589,363108,217449,1198990,847897,1088381,269953,288716,375553,859375,1950215,1750467,2153145,523956,150848,224733,281724,1031967,1361914,576178,267049,458012,756825,393883,816763,2737897,436392,1656828,1753742,455324,2283849,1430847,692784,1018230,619747,775680
965140,427073,1510572,423111,310019,145332,5958496,126507,1754170,612023,1112536,425194,1055415,1023213,479017,479120,165637,1121048,394657,931911,126331,300051,434642,1075860,1116007,4038488,1301023,499762,347230,518394,1251352,1500992,4559228,665164,812798,551513,814650,1618286,484858,4443685,577516,3863904,1743202,783275,1726748,3048374,947761,357527,691233,765761
1892497,414316,1468817,1260773,258931,146016,1416926,187938,1151567,649664,1665306,1117294,1240866,527691,695463,1113256,98681,992721,544794,691777,319358,384986,650413,1138387,1057456,1285104,2458604,573876,228390,361660,291024,631992,4434189,1440387,412301,487387,646581,975110,1772290,1573267,244920,4387970,375202,215096,2789780,1219355,1691484,2173484,484625,2025218
2566576,979786,1722150,266129,350873,315620,5812216,229074,829286,624980,3203952,331907,898189,680773,305287,1227093,214533,327073,390304,308901,336061,912134,1044982,1466721,398321,2159955,1002185,300544,439161,380066,1531831,1634244,2754645,339637,365639,234418,965033,1430926,467925,1954160,458216,4046371,1702420,770371,680893,324997,1188237,368997,3029074,669940
1019980,668472,1420280,1325060,226722,551573,3299201,305101,3388081,716108,2289444,893917,1532181,789091,508750,407724,197784,1104334,1005733,667090,464671,505124,719839,3733485,1083442,1351408,4499871,1435109,187338,127621,426427,890828,4234728,289795,1625537,880371,547543,982771,1061362,3317473,339776,3962933,788996,581812,526264,890862,383804,1068786,1384749,685296
434815,261698,5663401,999774,936863,208233,1783077,168919,1273884,198688,794107,1490462,1062294,621835,687818,744807,177790,1104004,1271676,828056,306467,1055754,1603422,710194,308109,2760645,920963,506924,246056,321509,355160,859127,13310228,457624,449569,1324829,374896,439388,453108,1444773,388896,1050108,1151421,735566,541990,1276656,1842336,979129,1196557,500093
1989721,488191,1560465,897880,254031,239716,1116959,221708,1607334,630690,1274586,316244,852698,775558,505972,805363,133023,2586799,388707,628185,685107,387354,404443,1045207,1056709,793233,1884021,467627,215469,522015,415559,1244784,6039645,458222,1061493,1848345,555711,1369703,2833751,3866607,614236,3568976,1625580,621949,1059835,336278,773098,446555,496539,1164714
608583,368426,2454393,1005173,791969,129828,817933,166829,1348737,1345352,1512229,367361,655015,368395,596836,1004786,111850,2172749,1344625,485560,170351,429710,614370,1213546,540012,1110166,1680692,294415,502483,542081,1466525,512331,3287405,424359,380053,465017,1696173,3577147,937755,1461810,279010,2668865,1892681,225034,1137492,617261,1123318,426224,671471,608357
3109054,214966,1213407,1126450,352463,299998,1910380,135586,3394936,845298,2458825,343062,1425139,948803,397185,834426,177162,1661506,1106818,1131336,463330,2426672,708892,799269,979140,1316124,1053251,1047765,557901,185570,735671,513748,9294758,255675,357917,525031,464820,820470,1381696,4021650,250260,2799966,1240646,1074772,2328518,553516,401478,379655,1963306,680630
1694497,533261,4357695,632375,396799,86597,1918848,141863,632388,1860568,1839987,464261,1559050,461826,287141,1821637,193328,385791,432825,472449,150564,557062,328800,1032846,1137051,2292901,1151317,408929,422110,712307,598705,906969,4240107,968115,269699,469691,1099051,818187,413749,2743524,683911,1067979,634785,1032051,1211371,910184,1837643,785319,1520162,973486
528204,312845,4212585,1469811,318927,120283,2890331,242895,1111211,235448,1257792,785720,1463260,922446,642977,398350,131209,2728507,1066759,313416,381563,423722,671208,1401960,1069323,1209529,6763548,399964,447165,284977,978985,596453,2950695,272683,825611,233474,978423,833288,1431645,3357969,565934,8115204,2426526,673460,365949,1605338,591224,686918,1160170,858500
3563747,1565222,1928212,879489,308409,179061,1135782,190299,1299525,576542,1166277,528008,2328641,946897,921810,711159,350652,597825,387126,455164,235162,510437,293292,2064983,1801675,1636433,3005875,494077,271216,849831,683034,468561,11203189,1394832,370340,1311283,1241823,815429,2810579,3526671,1008543,1068440,1069635,729651,1961458,664101,751372,1203783,770515,2256686
2176875,438212,3697184,324224,298967,126107,2242192,140335,2682651,283133,5696281,888576,1135215,265841,786221,474104,140427,1409221,499448,1215099,231313,768231,272367,2709786,2064719,2488337,1938937,238794,1134852,389736,330390,833660,2887738,682491,240928,826135,492793,554093,717223,4208659,251527,4461247,1589272,786386,1744161,813109,912399,2537054,1079485,666833
1028525,1423566,658341,365941,623811,412468,1517563,265017,1959218,602102,2058907,413602,846242,600648,594946,590052,163753,814759,579718,1377444,232926,619495,577359,2465654,2215215,2651270,3287684,303859,888063,436448,643399,643271,3713470,291278,1120176,169344,1650081,351352,794301,1706569,263051,2703133,1325031,753802,1764218,983809,482064,404974,3302459,550990
974100,441984,1150957,712878,624726,151323,1194769,832401,1106513,929203,1754202,281159,650542,1313591,605328,598895,144431,757009,534129,1014673,149969,675235,926536,2557382,914819,2889289,1590251,819265,352690,234313,251655,1564659,4952933,569819,387549,270998,745779,742371,694123,3649123,390858,1908110,697713,640711,448011,694303,539465,347040,472236,1530583
1555812,144801,2089188,1696530,340461,127789,1911678,187360,1014283,1616956,866603,290994,1253058,1249992,389255,494505,247983,1635191,1168086,1328027,181712,576922,459852,918077,770430,3146955,5780705,257201,332609,378347,798934,911178,5843648,699822,281352,195600,732747,952447,1569721,3996618,456748,1144580,1046518,1430792,1531325,566905,237701,409655,2406027,821881
964166,502491,1248950,917255,406203,111292,2488493,86224,1019021,270260,1604389,162520,1360642,542340,488870,541790,112891,1709420,452926,826303,229816,710447,258691,2565500,1527519,1813702,785400,1336034,244023,475289,603321,828716,3779322,351157,406094,848213,368762,866324,916464,1432423,244054,1352149,1325111,1378488,932183,634326,521966,893232,1048856,794727
2671112,309909,5747001,788477,376012,222271,1635045,87867,4763066,619199,829973,407115,2179327,516068,692661,318280,83706,1859122,807102,605439,393324,248837,655746,1135045,1110680,1025125,1978697,459716,196438,659222,1306052,3238425,2306938,631224,524388,540353,485446,1534249,665434,5776894,430798,1618289,1317931,1754172,1067908,732208,974084,740683,490945,487538
1828893,201684,1564244,1101405,337272,56960,1149432,70875,1100362,428338,2609914,577223,1038685,518608,674702,544334,69275,1429073,854158,644070,281350,240920,217670,794460,1764312,2899980,637860,192803,271173,200544,924136,752598,3022705,631140,349106,468370,329218,2066294,1060263,7372530,774880,1292519,1105172,702864,4832929,1367881,1108707,1083096,402980,942079
1368236,526763,3820103,1052722,1144344,282896,1792254,243535,3697031,1779272,2362471,1604223,4893864,598440,814559,1095951,352419,1137524,316697,379910,308974,390296,1005254,1381296,1486265,2067876,1743447,694209,647172,181939,735957,2885851,1892629,688721,692825,1234601,1398224,1789575,843839,4714260,247399,4474455,797594,265022,2301337,931072,1785809,774653,2064083,1956580
2893171,1533817,2822102,1079335,455329,411859,2614349,126476,1408117,377958,2333122,247140,1938131,926496,511676,789340,172020,1617874,314158,366891,576131,923164,557700,5094205,832961,1334351,1662847,203902,150387,489294,491390,1441522,3264627,386370,349633,659146,240948,378408,1165244,2093366,614300,2135321,1486340,390673,1619603,350348,505286,1374138,2105396,628730
1649738,450297,2403179,370355,360322,239570,3205250,265979,910446,508750,1526112,240640,727138,814521,612498,2579018,84591,1851822,256992,1830062,553546,255839,1425785,874010,1256251,2198597,896229,270882,288272,955335,1022992,2124148,10824294,844047,210339,1232496,868076,417362,468032,7097176,127610,1170697,1415615,815526,1375873,842414,1352352,1054815,740814,975505
2579791,360076,2036371,2852231,428759,323798,1360353,265889,2045977,487565,1421668,415072,2529352,566497,291726,708440,78056,1031999,368623,462736,72902,796111,399420,1294798,1861980,1241542,4118667,1275829,431177,377897,754949,655636,1620993,594364,267272,349466,226110,467992,469973,1845300,691205,2148626,1264296,975067,835067,436752,1743275,550057,382342,856119
1033034,344708,4333496,261087,428719,632254,2933295,323897,3434451,254662,1196003,511107,2022936,1135201,808449,1057271,285372,727521,1048499,778539,177349,427568,544911,1771670,2565441,2112599,4798080,481124,603547,278983,1388464,671917,7005221,341950,467514,689434,1018705,1434705,614314,3312647,308954,8006076,2329431,1915935,838121,1208507,2088289,522361,1661777,776739
688686,393030,1266526,1077842,192456,26198,1039830,85993,1812661,573322,1451239,206532,4087337,1814476,1978210,1702896,128364,2135509,378796,527301,214259,677698,346895,3230228,1199662,4306870,1663313,484515,351373,209205,355772,843538,4490215,348262,345333,282132,451595,1766962,472042,5296210,1134864,3150817,848771,704370,1342747,1229215,889302,260190,1537404,1054823
1513611,739086,1483589,889755,379060,225850,1614537,56418,1051874,1363264,393913,120761,1713049,763204,723056,824523,214847,476579,555314,343649,567196,316898,1109845,1114560,2171636,1186655,2305631,240278,290138,434350,620189,714545,2807509,746548,129523,1201297,1453805,892427,894114,1887001,302208,3734511,799523,488166,1510361,1101144,444270,467904,1438987,1583909
275813,1045969,1341804,1043752,111308,587495,3570665,103748,727591,260143,726846,188267,2002210,278541,488923,509080,126994,653598,223430,221790,91094,1069454,449863,1123713,1965243,1554620,1004097,259351,163661,579443,2683677,501247,7748549,231118,609527,600233,504521,1092662,1378207,1458547,560682,1914122,2932902,691044,1747930,686666,1480793,1835627,381632,802071
1824466,454049,4906740,796096,234416,422492,895943,98131,973987,1001840,2548026,860747,2134808,1792990,1192524,2342609,325076,2802016,491754,1316281,1454046,698635,1641696,3165494,3060583,2015158,2567387,656491,445957,352261,572239,2655757,2666052,734760,710235,393675,792403,758168,539991,2383207,624456,2761416,3416705,543856,474699,1092327,2559085,1027902,447856,583088
629964,1114556,4582622,834171,289303,40396,2284900,117019,1542164,569376,5878434,490562,3504439,903966,341014,533812,91549,377424,509803,810690,317741,2243581,994739,3141964,878810,3458946,2466794,467707,408158,676740,591803,1165689,15109139,2718074,458294,407741,769473,717891,1022302,2569747,485910,2911046,1204345,622555,1141149,590771,1353583,2593457,881534,3258102
1193121,327312,2070271,1119940,224747,457141,3922685,473505,546513,480960,542588,582349,1456589,685105,276061,509921,119990,1309792,1000413,784275,240157,312920,2370812,7435333,1842853,1705547,9072331,1100055,816969,862984,1386268,1029453,12961302,1405637,1143943,212442,961650,476046,1050367,7806435,332496,5074805,1319124,950239,1381295,743341,576847,665861,924837,980965
2535865,263403,1205093,1896349,268181,114288,2905222,254091,787280,1048298,1202170,536879,2754423,254939,404095,1346312,239970,973418,552739,620189,103678,555223,556811,570413,1760777,1764767,1651992,505246,550569,149073,811099,1612592,2978603,378744,436072,470085,386405,668592,1786854,3053915,484479,2404761,999487,494094,1100215,678259,2084439,812059,575280,516767
1558140,783783,4391224,853122,222696,320848,1772228,231835,623629,550088,1028157,580525,948455,285340,516953,1162749,107685,1063686,492252,873957,186278,754220,386499,2471676,530290,944589,1738442,164058,204980,857465,249106,680694,3131379,464622,428516,541268,1033421,1415526,1002679,1422568,572253,8223639,2513783,586683,1031774,798079,560859,347033,2602834,1357046
1846555,1782937,3532179,2781050,325149,379814,1258693,258570,3826080,3192625,1721733,1001965,1805831,888967,2174949,869747,313672,1701079,2946697,1553055,597701,371981,2285014,1127270,3847232,875674,2695857,498724,879887,502490,629051,1362040,3301325,1063108,1030380,1504718,456772,1786824,1352490,8206613,595729,5059991,1199200,1316566,2616215,555927,1977975,1056894,1353537,1273710
1713181,305061,822508,654202,302341,146378,1875724,159836,2263359,1717044,453857,392388,598981,652157,556529,459973,163037,1359443,488226,583401,375418,892841,1062466,2587011,1079239,1685371,1774127,396354,229086,411793,902752,3490633,3056859,701400,291405,318296,1571928,699168,1095291,1813311,352568,1374917,359960,438513,456600,445410,1454034,684115,745225,1937319
1028785,1532639,3934131,402238,472849,232919,703178,186970,1425609,345997,1723309,372576,835470,666132,790469,1737167,445289,1116729,405155,1663243,398048,576364,630137,596592,1364433,2748444,1789733,512484,467480,219168,744557,902121,5731652,550566,664629,665358,391508,1838559,1225324,3098746,730298,1811409,1594610,855213,1136172,632724,767096,725331,893747,2089323
4547234,216838,896193,626325,173876,143533,1867418,128971,2349533,777693,1554946,593008,1601280,437551,681513,1417724,150201,1609323,169775,1526532,248354,448996,229474,1001289,2469406,1097078,733387,216061,723096,425290,848557,836487,4752674,437645,1389883,325430,1013771,1593273,1270687,3566281,315598,2343458,2515899,558794,1324279,2073772,832896,492855,813189,667229
1495948,981787,2164350,748575,246463,221605,2778769,349065,1133852,460601,761929,246952,1546201,510571,1091547,1375736,127954,1221348,487752,563168,990444,262941,1195271,2823201,1403031,1834041,1146772,824479,682288,202083,614554,986038,2752827,405262,565904,537232,522084,741512,1816355,5229939,511319,1933915,1167095,470462,2423897,984925,633180,1599828,1147831,805554
1519611,642568,4539055,1353733,449702,253233,2122013,453979,1117736,1021952,604552,442607,4954802,1677770,496667,1193865,125419,3220747,376587,492248,354959,325608,736566,915942,495132,1655540,3138115,99226,553116,381910,483508,626996,12275521,752226,987406,481855,456210,715716,659834,2635385,224702,7126636,2033749,398525,535305,1224963,761655,2337485,612389,671983
1340231,908415,2835717,2279789,704777,161495,1867818,156487,617284,1347812,1909342,574053,2690405,1445714,1144300,1024471,197274,1309964,238388,615462,325592,1324953,993333,1934252,2035515,5274118,1966104,397413,1550843,497379,640752,1297498,5259347,800077,446735,333622,676055,404969,1710851,6254624,962056,1777861,859062,699866,845045,449768,1754671,447340,1333543,1071449
825519,427999,3602741,1748802,768949,286220,1076437,225572,2579617,848259,1729261,443807,1425909,929593,169139,534428,88217,1517649,1618774,1079764,373092,468987,1148732,2238024,655954,1382276,2487008,758202,348551,240765,684066,724790,4435739,444788,403838,349853,1557868,1713673,852283,3645062,333519,1355415,702131,1255234,607035,484336,2095496,257719,1149996,518251
1992492,467162,1349016,1197226,1368594,455982,2254172,152989,930995,1560337,933010,361718,3584220,1220411,1328340,801059,162812,638572,1324643,588443,247441,2424873,632963,3261025,619064,1111002,1214055,1606790,519952,414154,950956,1057358,2560356,1127453,402959,322920,669741,884822,363573,9303078,927690,5189953,640213,1010350,542426,695299,2371584,922177,1677442,497493
1070350,697662,2918179,695871,571666,360626,1431411,83336,2302201,553458,548270,1374116,706305,840154,799377,898578,250394,1828769,757866,783655,164548,620988,404875,3425672,1082019,4773772,877062,905610,990456,940659,392438,610375,4852057,449523,676124,439725,1055535,683544,1944180,2720993,319615,3096199,906477,270868,1939187,1146866,2771827,3431346,1766459,876874
474567,1071864,854150,1366675,445491,181804,1054293,172540,932956,834369,1586186,583916,1077421,425398,747924,480258,238696,953204,621785,416340,254631,880133,617569,929298,616067,2083972,916988,530705,215690,496617,247948,1855737,2771550,986654,259298,913856,789967,1398753,1185955,2114705,442372,1612688,2674651,582801,1900051,932774,638598,302935,1820748,568993
1582441,339596,2609586,1364948,955802,182491,3513542,164674,1261098,1438304,1544310,491916,4971496,1104710,2384736,1602159,433236,934740,815792,2255523,618839,1510456,1537447,1882229,1194938,2370457,3507753,524215,445740,791396,1742704,877091,4610866,1131769,370132,564914,620042,1504460,1023487,3675082,388023,4089019,1388434,745415,1584053,1250432,1690172,889169,779087,1320115
1263163,623743,1260671,3483433,523719,586493,6938476,143482,860711,1227320,796136,251242,1193335,818298,266429,424686,296061,1466878,219692,390493,148131,811574,493236,416035,546428,1924494,1375937,168738,414577,230662,2282398,517242,6160760,543828,724022,430761,469974,500110,689407,2304025,303504,1984499,2226828,611966,1425324,1629530,1924617,676574,1060418,1204210
502934,462526,3593011,312207,246099,210084,5285025,637351,690676,842957,1463743,332794,1337827,502984,585250,162802,151006,3045164,559716,676080,674001,190015,543420,1863151,2773708,946059,1561798,225547,759325,352790,1912626,2190208,2304295,806886,459612,818457,2281592,942139,1274918,2302863,258971,603573,723537,1128167,2835326,860904,626558,553571,2019455,1090957
2173813,374713,3666940,1778264,306909,694234,5649946,303596,1061281,1120740,2478470,324753,3215465,1550612,304957,1867727,429748,870395,647908,1649373,166364,488782,737311,1755260,1667608,1363811,10400244,722483,389396,169110,376839,486854,5058068,1202211,925658,572984,676275,699927,1200290,16224019,220028,7629615,3587315,362207,3316444,604767,708001,1169581,1239295,1918310
761323,480856,2651985,763926,685086,220670,5813474,184541,1969613,307313,1828769,633267,1164556,1308350,799982,1531504,77172,716722,881811,275296,718314,464729,1360920,1441140,3021569,2106059,2169157,425938,161129,591889,945901,764480,2402974,557841,287361,328066,1124117,2303368,1606145,7243663,401839,1341408,2271174,1063577,759130,1326889,1192087,805028,635202,621550
1557675,1529530,3542246,2241797,265071,183883,3398834,167658,3124567,360876,1362395,884496,3641340,1272304,213307,859730,246836,517842,786292,859962,320323,675645,596649,869515,684545,1762179,1833350,257276,108013,333134,1791150,623316,4414799,775932,248013,652936,836806,1028629,633112,1746612,297931,981207,1331210,724845,827027,484966,702329,1474542,457167,218304
1264927,2121938,1297351,2423387,321730,121489,2040310,164078,2377764,898442,775660,339122,2164944,479472,1343778,228109,517245,704633,273796,499953,274364,457726,590976,1794059,1780861,1764281,1622134,775587,685412,321640,854613,614782,2178297,497431,639969,1155778,587754,1776826,1027739,1634682,558109,3106330,2195055,1321406,2350552,1082120,332070,1060720,1672091,744570
1639347,1384825,4299991,714288,660824,253759,1235094,215283,1261994,645923,2253890,541262,2816299,877480,809121,785652,193607,1225698,298838,204842,421961,931049,993549,2684009,920065,1095123,1944397,598701,196466,243816,660201,972165,4923152,426997,496151,931518,911871,779288,1218244,1283693,625717,3586761,577245,3130451,3119682,1455225,850453,626181,3667142,1007897
2116038,822207,1689478,1476175,742965,420778,604395,123052,1517956,410404,1037770,255156,1674058,230510,739487,1128961,60860,1166807,342966,1586855,256703,371032,374713,4370409,3503653,1775370,2777569,235837,253637,602800,455368,1085813,6101708,385855,263211,1611085,419694,892436,757964,2691124,446677,2678923,1041441,658926,2023982,1064558,2001628,870103,1809464,526046
638687,1344779,2460867,3260010,329618,102213,3137139,324851,848707,1078796,1704994,190345,1079260,929399,590192,849735,311864,577165,679165,1154966,84075,592162,522757,1407132,1532285,827186,1636238,393218,1034560,482880,475036,666992,6625027,577182,677247,404240,416276,780916,1507499,2637520,391218,3455826,787545,1946864,436147,701066,838433,1936820,1271237,1182731
979403,266883,3521198,1734277,505552,330391,1650245,90070,2652017,863887,839273,1246148,1184752,498451,599155,582444,173019,1591045,1137334,366544,529769,317906,553561,1552428,1770300,1320022,6485182,812167,497370,470039,366271,1132186,7877270,980672,259218,374899,1445401,593062,492092,2338663,305247,6365884,1543502,1536367,1616404,1272692,1475162,809649,2161810,581338
774188,1066874,3497671,241670,407429,164304,807598,72407,1242136,1035998,659078,362457,1537393,476163,256556,384487,154993,1513638,363326,718404,121893,436263,594436,1620697,659299,1656409,764026,206244,522411,96684,346664,448666,5504739,1197499,486383,458488,3420834,676158,777636,6611226,250197,4480298,2042821,239610,521890,990569,1504074,703226,699998,3477688
2036437,823229,8805374,1732005,404024,275877,6345426,371754,1750975,2232433,4528172,1497092,3640943,1478458,2305289,1890578,1485926,2267910,1541815,1800258,636928,964205,793094,3791707,4553042,2216927,2004416,1386729,1081814,547416,1410602,1603574,1536876,1347952,1924661,620348,383524,2868137,2338144,10442831,313754,9314237,2262197,2786675,4626521,1333642,3482908,3125981,4627454,2242290
1542172,881017,1450618,719128,533110,141059,1432553,135624,2763389,818517,2612554,925493,844343,215898,409483,777703,124202,1211495,601540,553610,421290,517064,174218,747285,886968,3961822,954320,349871,373357,239634,538657,330534,5867292,523674,843843,356355,567464,1018362,2545635,3536378,341495,4377953,2206467,956051,899431,1886506,857050,947783,1366797,1037660
1902540,216015,1488474,892395,863245,479641,3507027,189252,2706741,470863,1229356,939441,864354,1542216,747512,2484621,322820,796533,1361427,861284,901728,452119,1160039,1980719,987274,1078892,3198536,971932,327478,869362,1036784,471152,2908824,1446893,660330,1625462,503641,1179300,1153150,6631724,672393,2341912,2311789,500676,3375527,1799772,1069159,1121823,1722390,1861984
1185200,1048967,1794137,1192750,358558,202527,2206247,291413,2064742,685032,848435,181249,2933817,930856,805718,1473354,113032,1214444,337898,268305,186584,302482,676337,1626245,804151,2547944,2094516,205179,408644,389687,750877,810399,9307453,809229,256886,1086809,603445,804762,386909,5954059,520734,2586982,759322,974405,1119870,632598,869048,1342196,1106110,2105346
1224618,408727,2978605,1350079,737537,226701,3348777,312234,1553374,401014,1987850,532111,2214341,1527842,2002295,584238,127207,5420020,1437585,787387,381559,988871,1067974,1843001,2355155,1567243,3243754,912696,559841,746955,570291,771764,3955833,739183,1025164,262474,1110243,891041,634476,9007827,588110,2685657,756454,710306,2333407,994598,1745515,721150,3217935,617226
3851284,1392687,4427026,2557560,368884,433877,4855962,137640,1496537,571023,2479027,1034224,1042682,624765,2404878,681041,507820,719737,769930,1265535,391647,834199,1199822,2845471,433406,2939246,3829443,677461,501346,401543,1415788,966078,4776423,1485714,1049115,801083,1151373,513437,930094,9141775,1650191,4756217,3198474,275423,2693244,1007380,3495354,2358101,1204225,1103902
2612899,615016,3726781,3597994,290559,332051,1591098,129608,882847,2585607,2860127,854315,3324006,633521,675851,1178223,328731,1165642,781778,446009,498270,823985,1693606,2792803,440344,2733962,5553424,960567,1217662,178043,167714,709411,5128259,632315,707675,329844,763586,1309094,554886,7821926,195227,4426162,2094342,569530,1487527,417105,431312,1655954,2999761,1296378
556636,467911,3477157,639410,441915,152955,1751878,300813,2739394,213761,705157,889129,1350014,377653,656143,844308,175043,577811,420580,649054,208658,541169,476502,728100,4047561,2143609,870025,183963,198291,204600,443617,1292019,6136178,462993,841741,325599,1330300,4325320,565392,1393810,407079,1254440,1697070,511533,829410,650584,861165,1667304,1461202,676487
1302488,431796,1180888,509916,650997,175149,1370307,344603,1955498,853729,616668,464833,2175059,511541,703547,312025,220440,1671365,251074,1063235,111501,469440,403209,1163393,686819,1845944,2015326,193522,469681,340417,329836,353152,3313740,265155,389534,497971,673950,2099153,1468033,5669529,448789,1269211,1374180,604413,794986,1161481,1037714,401571,2332106,260366
1580726,227874,2138482,1073772,441608,316235,2198306,464748,1105970,521530,1608945,436161,1100933,688507,1375908,1644643,226598,3055040,542604,656278,400546,1592412,518933,3137086,3568772,941670,3681750,209952,406435,509351,283497,2318487,6544219,454641,403238,1507947,270177,940550,409158,3812948,492881,6859755,1379962,1453633,784155,580128,497130,1073779,838814,378211
1363808,895552,4940034,1361102,318856,168750,2845165,373030,5527561,3690992,1239108,813702,2308026,1584874,1217366,1840347,57845,1160564,1184131,1017277,574840,954702,1288092,4860627,2100603,1321641,4861726,997199,689491,560089,1290635,364732,7774871,407237,1001522,1952678,959122,2638576,709263,6930789,547955,1969674,1831699,1100746,3357993,3238412,2631387,1209684,4009833,452198
4010525,796719,2696322,330378,494405,222805,1539042,398970,555305,528090,1386638,258653,1841640,410285,411562,672240,406976,380653,818640,386886,902470,887049,2161192,1363846,745756,4344641,2785283,344151,446239,175775,563006,645188,5895149,1212397,1135916,404490,2502118,3119181,1195877,3298437,177059,7237113,954239,704364,2604342,819947,2242089,1209763,2410708,1680292
559838,600180,1712204,2099452,890315,126655,2258853,176923,881729,2619402,446477,154199,1031481,783613,431317,490884,129451,1539071,508327,388511,194888,950529,357638,1563046,787711,1966688,1937110,424235,557420,373559,764205,1535144,5163832,494084,507376,393958,408780,611237,654768,4236701,439344,3117399,938097,1527549,955293,2285476,751742,658057,962591,476787
966282,526073,1898814,550817,441937,186208,2224388,128843,2531711,1992105,363751,659511,1157513,613956,628038,569842,103896,418234,1620010,739853,254194,132764,700665,1697223,941110,1245296,2605699,379411,304455,134875,473650,750106,2744091,937256,336619,1026292,966406,1093344,1898087,2188763,287623,2922318,1670819,638553,1259859,1134392,2131974,536837,538819,921692
1595203,270062,2421535,1405556,311805,66142,3269317,215298,918245,959514,2174885,678243,4416513,1535877,2013756,713349,159346,625870,1126214,898572,826955,1351909,1115485,4576022,328086,2909884,1314270,392629,487493,208841,502006,487595,3919755,341853,253082,797795,515937,2192418,1864257,10102781,449144,4578285,917749,1396276,2075357,530465,1889827,1443618,1877428,597680
622002,343903,2537344,468486,185578,348472,1214668,153607,739816,577049,689724,578062,920790,481482,970938,2935844,139665,1992982,576911,628981,301040,585804,637739,1845587,1295437,1051805,2663426,535241,137704,502132,779162,1443224,3202014,871711,706205,374991,454906,1492894,1013745,1284703,457677,1229612,2730474,523893,2011776,889068,653209,924781,346288,1089115
2107413,476312,1664125,1759246,365741,223096,2726197,213410,1366470,1279828,922245,430020,863439,533035,256237,942985,181539,1322205,678455,1358837,137672,1227885,250398,792774,1640454,1238380,948997,388924,228382,367631,940873,1113427,9336544,584208,790052,311282,406614,2045657,925290,5379894,529311,1933491,1625772,1446666,406405,708605,440074,295299,855549,2115648
1121065,239146,3331970,1414848,399259,88267,3225771,98042,1542024,841138,731526,579991,1753471,1422506,471323,1007303,478163,520138,332689,605246,207304,650993,545785,2319716,901683,2295575,1989391,158061,401832,310885,200484,452463,4728466,478608,657315,838869,598019,2391650,422657,1870880,447184,3254978,1051135,920621,3706471,343189,2383338,725279,899421,479458
1339444,706926,3124680,1018694,450353,389967,4445605,141836,830574,539241,916059,564636,2869164,521828,1207705,2190679,166920,1808723,1233275,557180,184939,1348839,346215,3184296,785987,639722,2105484,217697,358890,488163,1224824,679670,5644706,355375,566823,910927,1191595,944235,631825,9297420,455386,4670161,1453376,332001,1176632,373155,560649,480161,1102809,570227
2046863,929747,2119028,594383,807662,110669,5333545,91177,3152724,942940,2761796,336424,1593605,244859,231675,1785338,199899,2068126,328192,1549314,1154693,2096842,593748,924188,518311,2219951,3625046,1052516,487240,472300,1034658,755951,3898372,895837,697386,463223,1029665,1980580,343099,2660304,411917,2318414,4023438,659520,572904,387052,682551,769706,1121907,771406
1271268,733353,700321,537499,479216,133968,3175417,319283,649484,407850,1945971,530602,2112805,681987,388481,701972,218034,1223224,589708,550122,220498,452038,809516,1523985,570649,2412826,1305870,364155,446366,426493,2661123,1228391,6730605,620830,280714,307569,1669043,3022954,725973,1606123,755924,1827872,816123,712792,855330,747988,930555,619736,966872,1064085
1899486,1445808,3024966,638974,321662,353329,1417200,262484,1514239,1018543,1214386,1280828,2718100,866093,827705,2185695,389486,640959,376013,907076,296126,529246,595357,1655062,1555131,3240288,765740,366110,664605,284086,958607,517173,6652005,1175656,387709,603628,1427463,649102,879188,7458086,1511764,11714284,1909138,866830,1141602,1227752,726065,542420,1598655,2865944
1930813,891646,1107456,896807,354838,193619,1990825,162159,823877,408959,655637,715497,2358934,510870,595847,2854568,163906,1855607,698271,839950,325741,171970,243355,3737086,1501957,921425,2287822,532403,720901,695242,1209078,1195878,3602111,631154,698657,277136,444823,498140,1795738,3600531,289742,5702572,471649,273387,1024772,876477,464046,519753,1899982,672629
763888,1418659,1555311,629922,1084065,343984,1995218,119674,852540,467546,1819222,418591,1145131,723428,697653,880353,113373,580038,617554,390129,414638,515855,464191,1290013,485440,2253794,1802397,317529,236170,395076,294096,1332154,2839397,465125,1095799,671611,1343901,703980,1261962,3831650,510662,5297301,1778593,672311,3037848,280149,660053,945168,1190924,888078
1692350,658174,767459,458517,301798,357620,2451471,257383,2467776,696317,2189467,544978,1243727,749472,1895461,1297776,217035,1229670,611725,645353,241657,455096,756503,4557920,728893,8345044,1404961,761017,175337,823512,349590,2658507,5116872,573203,576850,700027,2911986,2054911,1229353,2408851,288730,1262871,1450395,637132,1432812,1358012,1937861,3808346,617081,657036
1006170,809358,962534,758143,1002290,358335,1260988,309245,1283454,1086681,624332,551376,1572463,672127,235430,1144148,307353,2002929,315759,696430,358025,359100,402997,720022,1894805,1687451,961384,207429,468636,108164,475005,1159164,4364152,567406,231366,259806,581608,1275444,609096,5883939,819311,5309527,3063205,576429,2300382,1282379,694357,1547997,681385,1945881
618354,317239,4579177,691552,550669,316881,1087136,121782,2162529,456934,889079,1223142,922154,1895796,796187,251403,70200,1659006,2325376,1165809,514031,687376,1736981,4611511,986137,927950,3930808,706462,878299,378755,394110,851189,10895020,569469,178874,447278,1060709,1363409,553539,2419040,228051,6313085,1227816,925344,764804,1137131,1739203,1764336,2089808,1362674
1408109,484834,1552751,349027,332244,122912,1730576,79990,5378875,1032511,2039516,366680,1468637,458628,1374667,1021812,458063,596238,438375,1528698,435177,486519,1290226,562274,2051153,3824038,2164553,325510,139692,374297,1266359,592800,4909528,404389,407807,677051,727364,1601459,821653,3503381,354177,2002553,2813806,554826,2748493,924618,1529870,851509,399811,1172119
1915585,675316,1768700,530517,1819654,291134,2247789,404202,2490225,465479,3057786,808235,2458809,755790,1167248,1052336,241415,648199,527634,929433,232266,980452,1338153,2078524,2816306,3189525,2127301,894800,837245,425163,1154841,382283,3965498,485433,348098,554216,295747,810501,1102495,2370802,165778,4322049,753215,1544018,2169372,2478408,995489,891116,491283,1085300
816553,883703,1414269,1232065,1127703,109763,3213928,211844,3070766,422889,762524,128605,682665,362988,828730,473559,135486,1029551,1020213,1107352,156058,507616,207054,2818135,741762,1855208,2495073,270085,296435,380730,1300721,380248,6241045,858829,581217,300025,736142,2147485,896285,1924773,307584,1108878,724340,335269,661056,459026,450596,392776,710337,766367
726509,358375,2053573,969236,178230,93855,1971603,110645,1616067,468836,1180373,473028,3423817,681304,957876,528230,299737,2444227,298554,1111608,765879,760476,384770,1071448,2066203,1975066,899988,223559,246352,329913,1422257,884464,6468002,497025,472545,962152,911459,1528613,399157,1754545,355442,1338090,1829525,288535,1190598,526784,984959,1750493,1728394,2006368
698832,313684,2846596,1823162,259020,493063,1898008,233331,1173948,3811025,2024566,1333406,4785311,1815819,2352101,722804,238900,3103151,1477097,1097803,605574,1374232,1559514,3211129,668394,4386269,1918889,1159768,1151658,275282,968818,1195986,4584927,338437,760194,837570,1012685,1321958,1492288,17481700,331484,6759563,4348131,760673,4625850,2273311,2938096,993997,1793536,635058
626160,379634,4277786,1203074,763631,310608,1198444,114838,3499929,833036,1201957,657934,1354531,693222,1002054,460199,134896,2303692,642277,503277,271050,1466403,750659,2434673,822786,1742155,2706607,387175,319170,446277,346001,529582,5569166,1066320,294770,1544148,1105818,778579,1470386,3376300,582361,5651472,1696572,1403771,1069705,2425806,1614412,1053889,845625,893379
816763,730780,2924310,833228,474433,53681,1647746,347577,861438,2068256,1043816,789344,1164393,1347196,514815,1062615,465852,3357820,752604,2459694,592271,488065,2296391,1758395,2577679,1634134,4248638,296968,697832,366911,657928,1861433,2763743,366502,1297375,210625,306891,485297,698828,2443226,562639,3291577,1097150,947854,3142535,610906,1448637,1163211,3830350,851858
1398073,494951,1828581,386050,647930,524239,1380730,252900,1140131,822908,1355135,319086,3096931,425698,1081768,1017412,315727,643129,254527,397392,332248,1028814,820371,4086531,1156130,540885,1010432,296373,886484,287937,346932,1872526,5647396,2531224,225856,810749,557645,743121,1110411,4745468,402258,3091170,3091581,642805,784410,720287,3655900,475967,2524860,483399
1352335,843002,4351545,948314,785878,303309,1791637,111583,1638070,768419,1401166,529969,744313,927568,344570,802967,99648,956745,219454,614838,204496,425219,716066,1585945,3604815,1906473,2649187,288443,306653,901325,1833464,671757,8101430,1537775,531560,762918,984209,2701445,1486832,7698265,464126,1110799,1318337,926610,964546,625609,781797,494400,474763,2293085
912130,653464,11032152,1046585,2092058,138713,2120595,306959,2188580,1032391,1543840,1155942,9411763,995608,927670,1027563,246387,1158533,997176,1659513,595980,1736806,1531028,3052955,2298312,6668616,1958433,413777,640224,247643,573778,1221481,14730258,320420,605977,1025594,1448287,1763031,1375212,8256820,353750,4466175,3429511,768843,4352925,927360,2926743,1645427,1050050,997294
1953951,608570,1353990,1569474,297307,271021,1396694,132119,1220405,703679,2124399,480807,947013,309076,1173522,806657,146298,790970,423998,789530,614034,521493,316332,1376519,1316864,2255393,2659180,472011,215963,725377,887385,1505314,2936620,490267,334282,208598,592084,1837484,1130127,2884687,267888,2266873,3889109,1331490,821604,703272,1134504,424098,1113915,824286
891661,502985,1717890,1086553,337453,280836,3653888,111263,2327141,660297,1130323,461210,1203336,1335295,632656,967684,248318,1900694,941356,1278388,274414,627245,230627,1913741,1462273,1555365,3733618,477276,815901,273490,1046267,847858,7572994,408669,389477,339872,788416,2446147,1392785,6616064,546340,2756827,1333220,2098758,2963694,944714,1223783,1353247,1202432,631165
1868246,446200,1572416,867174,416048,61166,996380,179294,1048547,1377487,1825845,212052,1514995,298271,1436641,590055,325705,854588,329940,708916,305621,1115753,742952,2605156,1146686,3204582,788673,212871,362539,453412,516289,7246591,3375382,566881,339458,1060642,898563,641141,551541,6050595,407734,3727805,825167,1886852,675030,1866461,1200661,1839252,1238522,799767
837614,314980,8259676,896836,565334,177128,1602430,210501,2835143,538849,1644010,501276,3070290,1079429,1433293,517714,252136,1152042,1046713,979721,281699,1529798,323298,840335,1514289,1088821,2141056,1183540,214041,300140,770559,2569150,2309702,768806,712135,1374342,391880,1804921,771367,3723230,735954,2976666,2900197,388023,1928242,3948219,1596002,526762,539063,1296276
558659,647636,3594816,782161,192643,264023,5489111,257781,1265597,886121,748588,307696,1375759,285262,835174,460420,228409,755319,470052,1300105,494787,661599,1313807,1455116,2187795,1904814,390257,450358,418340,231042,659115,1133694,7927545,308841,265948,1282538,504886,1237078,665896,3376087,688038,780144,862161,949783,310301,686521,1052829,1281018,2016023,701493
3502805,1551679,4884556,1104961,272777,424478,860438,256916,6250049,1830544,1646582,507345,1997521,794680,2884766,3384211,480460,2412703,1008228,2451979,825903,1532089,2870492,2519265,2547353,1216112,7200874,428009,562516,388843,607947,1852282,5822213,1786903,848027,1350117,814551,465117,727233,4953053,653138,6934263,1916295,489694,2863857,3272669,3252291,1674963,2259520,2725842
1435036,705785,715213,483318,575428,445148,2992619,535526,2145469,754072,1178353,460624,2855364,983310,994060,3574489,417517,3133573,727571,1159076,627971,816029,1110984,6486274,877167,1781071,1962321,697455,129723,428651,475340,515582,1796307,281394,1181019,558316,671177,1274267,813675,2991595,264424,3678824,3245117,682074,1915576,792651,2829081,626567,406003,1051208
1557040,552214,6182539,495431,431521,249304,4193610,184433,2861620,1230457,567830,1773386,718441,1143869,438664,924009,156385,1066616,540285,382697,374702,418829,723422,1080798,403010,1005782,3481118,1763346,123659,259362,3167142,749650,3009307,545648,157021,309112,1108275,371967,1129817,3340744,1002187,3591731,2797459,1257006,1726948,2635547,1521616,569335,1060065,943924
1459047,370149,2011228,611364,329727,610273,3676526,119559,1491437,514703,1286640,936371,2611989,843525,219368,821189,320355,1347970,904969,1176803,285926,494986,540202,1410441,962362,1055658,4064944,744170,1172569,299212,498355,487027,3519557,514740,261023,783846,521829,1037293,1736747,3868301,1747711,3979618,1394624,561551,1341360,561727,2448486,437954,940168,1107067
1324845,796731,3097432,1853290,119870,299483,1906105,178361,2452339,519183,1090669,567573,1993351,939165,570128,887169,198857,449903,597305,1488539,573602,796627,972212,1358908,708488,2342599,1342511,505657,424197,232773,1569103,688453,7781123,703706,627312,1145611,684166,2314053,294113,5531121,205403,2813576,1657433,377254,554202,909852,724127,1537678,1428269,867471
1466152,164939,2979136,1931887,280648,267925,1535018,189709,1976637,1456055,1447523,861315,1342452,368584,362699,892071,85938,2147836,274997,507341,201832,899153,238630,1821284,862047,719552,4057475,305240,215010,235731,785625,605718,3504229,629996,368562,1277820,906661,831371,1157922,8855418,211443,2358545,1040904,332766,873196,1166404,2470390,1330943,905717,862431
2618765,540193,1247276,1182344,315577,263119,2210562,138126,1686232,518521,1403530,241958,743421,243666,664018,430517,193817,910975,410579,955308,304005,1002462,367164,2103892,2819586,1635001,615397,476590,411240,183386,695215,529207,2641315,320485,433927,391665,862273,536111,1748924,2969643,1089336,4607867,880548,637671,552619,939925,707628,531830,1316634,385895
1117334,507630,1518909,1173978,951897,133646,1001088,191306,2487117,1471279,3334548,178631,2998708,1193173,1272751,1208067,188220,655472,455021,1459786,237286,730660,882134,2995619,554360,1556806,859759,386858,432021,423584,307583,532670,4937399,943825,475304,325748,541951,646017,984012,5293311,271777,2289569,2234098,1144248,1522580,1155810,1049484,1531141,1307482,1404168
1233952,852034,3310474,758951,291075,426388,8784785,252659,1843157,492503,1504823,636986,2267866,482910,1083964,2674690,209264,2104398,1296137,468211,147960,272174,1068900,4090089,2015772,970647,5350591,413346,190177,645929,1257041,692045,8905349,1132806,1173110,685553,305761,2877299,1588722,2614793,224850,10570726,1391271,525106,1701319,782638,2171120,1111310,1705940,1453322
2954419,442192,1752089,2464107,231542,203678,2534409,311157,802608,617479,397603,339670,2044734,1579706,275241,1146443,274415,4935975,262761,1161596,633549,1225298,655052,1852476,2200950,752235,3295893,425471,551072,285680,441696,931552,5167026,691694,944616,592992,703047,1433930,497645,2878920,319839,2893954,1643736,696619,2785965,926532,1409044,585114,2265777,585047
1127047,379351,2773481,1099645,351204,60093,2313449,99000,1044506,1623042,1466084,355037,1055151,1269339,1010394,1052185,124599,1114460,895436,389490,268208,620575,418264,1451174,294816,1909361,1926988,655852,672320,550007,1754049,3720879,2915183,483875,615504,750923,1121054,1301248,574113,5835511,554186,2075691,1108252,870000,1877786,977647,736990,1640636,1418256,411261
1882142,731862,4016371,1238591,408607,188227,1225473,115528,1131273,1251232,1585134,365253,1605588,533993,803812,2511293,186457,832196,181261,754286,450298,747612,1146501,1742871,1234293,781052,3372932,507375,286073,424829,471960,708414,10480266,558267,353033,963511,865175,923813,677161,2193303,682728,3293411,1292071,1119668,4235862,583815,693795,312990,895224,958784
1503343,1014511,2440947,1821513,476126,69562,2428397,114612,2892418,1297210,1217898,354676,1763987,660412,881314,939054,96660,1327430,301829,179389,212051,304730,565239,1194791,575963,3984432,1149547,404033,628646,185766,724846,747198,9790034,576160,572799,572825,432403,670916,1439530,3695500,289564,3219968,1158025,1109649,336917,1268792,1412872,318135,934971,1936464
645014,293412,4176398,798611,551789,111950,2211185,228849,1829800,666739,794764,702059,937157,825036,565851,323694,217274,1509306,340989,663996,261932,325650,305841,1862749,738686,2288809,1482094,346707,509007,279682,359269,482783,5011174,391899,199410,632759,830228,640058,714920,2173617,298574,6843595,2341693,2843052,1231186,1016160,754044,1022782,447618,676547
2133407,287332,1484149,1872861,552894,193570,4449884,215743,1007246,704354,2407821,436043,2305741,691853,381961,740844,249640,537799,704759,825453,139183,434727,437304,1773501,1097697,1833257,3478568,242408,488905,178628,639977,766216,5235956,462862,427099,650115,1007648,1307346,1304738,2044432,655891,1598496,1480720,1766370,2437077,693367,1360791,441845,1319419,753456
983621,382517,1125574,1197507,316451,314432,3867425,139209,1629680,1333762,673977,378250,1583684,522312,1238093,1349364,131851,1142134,533887,694149,299847,899853,979809,1830711,373711,865734,1298361,375427,142864,438650,371359,553589,3493100,721482,307323,410744,332954,1013231,2109338,6308684,716515,2026313,1326809,936538,496203,444800,729439,949667,823408,1573240
958287,389554,3649164,926598,284438,352031,2779793,200815,1254499,495326,628041,479225,481527,1489211,749638,396985,112145,1538724,663911,594475,554863,424744,336626,781923,3232300,638482,1499142,322968,284009,285973,650986,561406,4988975,1322102,1069895,252461,378444,1343152,402072,2011238,1064916,4192057,1789933,1856847,532418,436116,2397270,460308,1221018,1298515
1324587,1014653,1868845,659374,167766,393096,6929406,78194,1224897,351224,2407280,913686,756905,292476,361981,799325,218489,962793,951928,419127,181388,787491,492441,1440826,992848,1509791,1406464,258545,327694,572924,1419240,535755,5942020,632842,347213,759181,567380,1208484,1116526,3180154,374325,3784135,1160138,653243,1550357,741865,670382,2392184,957039,1504585
1735723,419687,820926,931820,149308,348978,2529883,93613,1410645,437956,1450363,629403,2158604,1271362,230109,588968,182428,430731,458560,919051,123380,555064,977262,1138674,1638947,1441285,2606163,192585,301805,382994,371900,841924,8937969,328719,437896,1184628,511928,581228,880087,5097961,273501,4146245,1202418,1260289,1896134,667622,1016509,1355046,1066987,1166777
554598,778968,3550984,1200787,328957,295290,1981926,303169,996577,1175286,1144040,459266,647362,1476587,544856,775922,298897,918715,259218,286721,72333,648193,307229,1070857,492249,3634616,1645268,202328,535750,602468,985080,1138351,7196610,283202,624048,691965,1208342,1032921,1226926,4967841,258618,3351873,868546,382374,2529381,904344,700532,923129,1036395,772755
1221836,1447861,4143791,2414954,1995897,85244,2356884,78828,2265296,3380134,1824991,628144,691743,1672499,634773,620496,132916,2569008,1012076,393589,68412,188703,676080,1349949,712143,1795029,4737446,430058,493456,198727,880381,1161641,1836543,1182136,2266490,457879,1160870,713584,2811015,2525396,196135,2216223,2578917,726136,1222141,1796615,2338426,1663831,1083922,912913
743600,224562,3174283,1116882,269279,361752,3318562,241449,1863981,252795,1734939,1247822,2313724,663556,1738938,694711,447455,2837043,1035963,802499,351238,1027373,548237,3240190,1380660,1990392,2820651,245248,295321,636651,833075,383673,3611437,359337,1269798,906629,1406453,823759,1000063,1506798,352974,3719577,1729151,373940,2735734,726067,1270543,3552314,1935096,492574
795522,476491,1179860,1223133,416288,282256,4191858,242607,1076141,1298138,1482291,380781,911081,355830,937295,693302,95055,1495811,342438,596831,394745,506316,660368,1003744,544536,2590657,2536898,492019,401774,180131,610644,674506,4869012,736808,914239,598304,1613432,883728,889042,5634280,483811,1317466,1831747,932491,3879317,835305,1374487,549398,953378,703245
593446,318669,1602451,531662,306780,255374,1670205,157822,695746,1080601,788028,707108,1613456,521409,500819,1956283,77872,1124818,1299410,658214,277625,558480,876622,2261701,785914,2794382,2706887,638125,136560,401421,995418,485025,6174568,992539,870201,340709,1050601,483128,642212,2219441,1014075,1720554,1093811,731662,1297000,632783,1476228,221064,480642,711164
1215938,265296,4993368,753126,176057,75356,542269,80619,1266055,2511914,1137991,370732,1197148,434588,1237869,770728,136805,1169391,797743,634101,448379,304947,425467,1618294,228948,2045017,1943554,367785,264422,222802,923765,420329,1238896,374060,252174,465444,600718,1299374,611478,8494224,251084,2036842,723774,820616,2723674,961555,2343893,155535,2190134,809057
1087831,607285,1515394,564678,881684,66950,1104433,107587,1933700,726792,1133182,738037,1117315,842590,686609,552920,203904,1860569,904853,1262650,113674,452886,1329003,1273938,917085,1327757,879956,423008,278333,325244,365799,3168127,7904080,357131,373706,1034020,690036,1638227,693233,7745351,1136521,1163226,1619383,498275,1427615,429999,849651,1680601,658859,985095
2398820,417326,2464719,779461,477135,138425,1160537,423421,1641582,1552171,1193784,639120,522224,1596636,921262,871321,192430,2939330,978524,624381,151180,300273,487101,2576736,550216,1373147,3010537,472145,985203,803100,374665,1552910,5644654,492380,645890,274616,1331065,2457354,909870,5052161,423920,1263130,1931124,2079155,1842120,643142,624969,837122,2442067,338213
972426,927285,939058,303418,997923,287221,4663462,206868,4336897,846371,2159054,1308831,790636,696642,821463,430146,139249,1506529,300137,587528,814595,965457,385428,1140640,507275,4262438,1167613,641860,297639,496505,1219051,572097,6429093,985158,511860,824183,774207,1405133,741706,2721509,316492,3570738,822627,587779,568123,799690,1786080,275943,1257983,1105917
734081,472410,1273646,974056,408210,353749,4767566,257918,1565334,5416453,1419890,327493,5076703,418821,1484407,338134,266445,896672,1474588,449593,530361,2588861,1147618,3594840,2872688,1881233,2533995,301488,773336,536331,608199,723660,3869202,726844,220793,622571,1392204,4252579,734427,5632915,608614,3701205,1887036,706766,1670312,622768,3233807,1171389,1227150,1524812
989574,486485,2056530,1491408,453217,130271,1524120,227847,2124893,1807625,800886,300016,482018,1952842,1246715,612716,84915,1912747,1718732,603468,249931,2076316,839946,2336553,1488904,1053546,3446375,393256,246433,330967,638386,523635,3165159,639992,560374,525336,751398,846868,742973,4836327,541379,4250678,1781058,707599,899453,784307,1105334,272138,748684,1623525
1085999,646454,2047014,849289,288471,43379,2205965,150112,693517,621038,1354058,773208,1506878,270644,678748,643676,256305,981312,289698,647183,201756,1166432,959007,3679159,657954,1022348,2369002,253942,540648,442475,1439088,740459,2661848,1258023,325336,243284,638461,1796452,400012,5823156,370350,1472769,2272906,494769,1700523,818012,1518846,385015,1532794,1055171
2882274,466387,2759518,716455,173064,398227,1041302,320657,1282761,1134484,1840687,560683,1566540,1624863,596605,965568,86847,1250804,1047977,996409,858154,738955,893055,1197399,882016,5543518,2781924,435441,786089,365340,619931,689933,3080119,942026,249936,358873,1772730,1105266,641744,10650754,788968,1585446,678794,1152045,1242089,791109,2868458,717581,740107,1322112
1320137,544350,565840,1642151,1168308,183966,1136398,100591,1294876,1081436,1841338,538203,2115483,741116,372896,1400305,138941,1395894,691547,616069,506422,335460,373342,1080247,745475,2877823,1791646,916594,347372,368901,478987,1407151,2008098,1048780,392009,665841,276662,3695913,391656,3496528,241626,1936805,1347729,517109,3310382,2073313,524600,1915015,1348536,1712902
1570858,630921,1731113,1227939,295086,435975,990736,348471,1525054,861721,1972163,604467,661170,697302,527603,827311,223529,1033179,304142,1737786,1256435,164381,682852,1851521,976077,3495078,2203357,914324,539630,172178,375718,1029880,3872536,2121979,406768,532722,1160989,648676,874148,4170406,251554,1798813,1340946,569662,2213846,1235191,561754,645395,754203,2001668
693867,403921,2361369,823530,465466,197790,1955051,156261,1170362,393684,2652217,1375080,382176,589778,735014,898706,270762,1671244,397682,512805,138711,359321,478072,1913419,2685543,2037112,1917026,464992,202953,429145,985777,1168178,2887628,349004,331020,294822,1717499,2552502,1461720,1672972,480518,1230960,864664,929955,1847434,710434,400618,2475781,864272,537097
2075439,1083382,1316730,355159,366959,186170,2635169,83763,585730,718451,2177267,542962,4011517,877772,594685,389925,120979,1696282,434447,374625,163598,368433,1774891,917358,712586,1334096,1783546,175639,338462,418914,276630,1628525,13263028,488245,342545,367885,867914,844844,517623,1348588,636382,3483968,1499024,1020047,1223644,1143918,825414,1094482,698344,2477405
1186655,669827,1439568,1082077,567063,106158,1658018,106093,830550,1251690,2427465,506354,496579,2039295,461820,486571,203229,1096705,223209,274134,163354,530746,340435,2496610,3933652,2739052,2572956,442244,362655,224411,327556,796967,3670014,292720,349887,889930,515120,1689499,2232607,4897650,810615,11538464,2127194,377635,1876745,503641,1301075,939699,561873,963470
1259361,394216,1580013,725140,575422,447233,1057878,142758,4160663,1762753,1837956,522373,1044928,1053319,1874901,552641,560425,895045,775039,247226,540055,402712,917224,3420590,252462,2519439,3463280,255225,261670,528295,397251,599022,4367967,283238,311020,473495,228919,1065941,633269,4072365,772415,3608255,1639417,388801,787737,546073,920528,868103,395840,2078477
763858,750505,792418,873225,441733,113564,1564766,353804,3456803,603279,1241228,224739,745418,1108277,1554340,783818,336447,721207,347291,1095021,133346,678503,344478,3005828,571496,1483581,1320478,198287,126542,381485,233929,2110266,4099760,397520,367547,549518,609639,728803,780370,3396320,661732,3546442,864776,405895,985160,851627,623398,553435,1327889,1233138
1598564,412515,596744,974874,694404,184182,1429700,148935,932995,688752,800235,991508,777254,755633,409369,519441,179652,346684,512680,258968,150449,1059719,576945,1584280,1368172,3006933,1534676,567079,374561,169270,737823,665823,2253053,525978,447639,486555,670111,806826,349063,3318262,843880,3403847,790730,1087170,1152897,920096,999731,384908,926882,1713994
709755,530685,2191090,813835,155511,135596,1892058,201662,1176992,1093544,1721793,798497,692088,581791,668393,431366,97474,782068,845902,1272186,200415,409113,1183408,1515009,1491989,4404080,1794239,199431,314517,238828,743902,720604,2013550,580209,414645,606984,1459111,3414211,772392,1768661,295409,3023397,1315424,535529,786542,1021472,697083,716804,1933845,2341766
1266144,420560,3264282,852704,549303,64458,3634830,66513,864231,362797,5377396,574879,5306336,264350,679883,377473,233504,950021,802610,624074,478260,789530,1910840,1973280,1396973,2380083,1483044,670341,530790,178308,1165050,663463,3907274,740367,592977,807156,1001755,470473,1337069,3317586,637634,2318328,2483448,678244,1663337,531252,4353562,780492,1385232,1023529
557734,694079,955562,346737,558482,392606,4562900,322343,1015106,1248843,2214360,429124,500119,934512,615337,501339,114523,532030,1167151,1170808,159342,2200026,684020,2557266,941270,863678,1447571,309786,609682,904967,840730,688943,5509184,275126,556704,672729,643168,1157110,1210222,3240110,490184,2059854,1147174,633136,1354641,477008,2493503,722830,1178774,666849
1418562,677103,984401,726367,549895,165561,3355781,196581,4544777,905938,2071481,263056,1784776,299745,273460,545683,170668,593722,853915,1674438,201718,243914,592163,863387,1468299,2990946,1532426,674230,458531,311282,1524331,2692857,5781917,183585,196062,466906,946910,970532,530694,2990432,692295,1126175,2093393,970496,1052666,1579501,900523,481156,1279097,489605
3178750,263374,2770536,1895446,195948,399669,4403049,221692,1328343,565919,921667,1336174,562053,589087,594289,1672729,286503,1861001,730973,1076123,1298448,553827,266333,734969,744074,3201108,1320284,346522,310695,182098,974186,573122,3679669,462819,462777,294519,851128,963807,692122,4165083,611186,4505357,1292302,538872,1051001,522453,820234,572819,999465,343892
1165450,274810,4702623,1592647,588315,183845,1358909,153132,864551,820913,833492,565511,1872716,347405,466938,752615,362508,1338313,942302,844436,181583,774501,235049,1805764,520819,978866,3167349,857734,163433,135346,1100887,936200,5702172,291074,468561,651787,394169,415560,407344,4656597,553139,6311658,2270416,1809361,2585176,339040,2138663,1392843,667541,1045685
636896,376771,7186187,1233288,1021065,266274,1019448,125950,1167560,615653,957912,341739,1665579,318890,223979,1240425,295457,1104591,511113,312481,536776,277936,750638,1146347,1498193,2246068,1283098,266750,1094883,277747,661346,3641303,4916772,346705,236583,505956,1069288,1132501,593103,2443829,215096,1794355,1915037,727576,1646019,1265417,466341,325055,4829994,2593867
1242643,1551443,3053311,887674,304755,140399,1205082,145788,845080,210721,910121,1485943,2818869,543476,521157,807870,116162,656014,225501,697723,228051,315504,572412,2553345,1862529,3179623,1017248,1159207,331380,279808,535576,1699655,2775093,636578,296768,341223,1704511,584143,1929271,2717680,469108,1478732,2610174,282499,536460,989550,589859,1279110,593079,775934
1420014,1152661,1849389,1323450,334868,74494,1329110,171475,549653,285595,1595271,1481463,2885085,631006,525656,330212,312507,306835,221847,288716,460008,572403,379517,1660535,609148,1670325,1415670,542691,597985,524362,430083,722696,5121888,388572,470054,813185,236591,1636212,2132311,5329367,368377,4644215,2161219,443939,2442684,1135674,621847,1913875,319724,490014
4268599,246044,3785666,699020,186185,211711,2330073,76091,1752499,852122,989767,343248,3605995,446289,432124,1009274,101858,863681,282443,2811223,172954,1173202,770189,1168872,1130409,1554503,3714969,1106914,320880,207867,1296691,759166,1886883,747214,341184,400704,773231,655585,2943579,2098102,630570,1822782,1184338,922529,1755896,1793989,810518,583603,488441,1436598
1623243,886824,1253141,1689572,219248,121924,1103554,85402,688957,419145,1770783,445883,4743432,988083,1249911,893328,287374,951549,203021,751790,441327,369318,445725,472556,2088197,4095034,2214232,249207,200676,323188,717889,844532,3512421,423635,452769,929098,3973282,1658556,756864,3814926,312680,6111498,1173169,373526,1044370,556594,1426014,3280684,406800,668947
1198440,559341,4683264,625844,314944,328079,1713784,136999,531054,953782,1206475,604013,1753378,325744,579744,440151,131563,867134,225522,790791,321610,737544,828905,1088927,976971,1963902,814794,356014,130402,440175,546791,822367,2574515,375289,562628,863940,726844,2431632,627926,4722122,377077,1310174,876736,3113123,796076,758953,1144221,520951,689685,1267001
1278726,1491917,1642783,991556,469530,749772,3337909,193451,1130513,1239908,1276918,1273184,2021585,621482,701678,1136984,125725,1118922,281628,1248606,1112358,978331,415709,5155681,1519204,2227933,665925,328678,1848762,255438,469476,616726,8263146,1246285,182224,324800,1139887,801946,1575220,4522145,662851,2772235,1591099,865619,1013783,639365,2530012,708448,2859913,1755835
832226,591890,1901616,699166,182080,380893,1022698,224020,1728786,999550,2120382,426406,885435,1365214,363224,257680,105462,1374851,1359243,623456,162517,446927,296638,1754485,3301572,1793488,1929065,199342,311624,1124068,409522,1348085,1788086,389202,608631,357938,4399674,570133,1029735,4063698,338079,611912,817329,299254,3745977,592390,380910,723435,313194,1172151
1352423,492410,2013043,1677002,315465,136761,1979066,216362,1304512,1637535,2036912,520776,2794475,3485987,456631,934879,98268,2737385,741702,475667,195532,640183,747416,1871198,787564,2228807,2294652,200023,135372,133020,335999,274488,4640514,359785,943509,153588,581393,1506437,289959,3024112,1281093,1261619,978089,321433,2730680,1336631,1097188,413096,2097264,633930
1033473,1385657,1652401,290227,305709,230537,5035694,208260,1192784,907271,825530,982622,1218354,214740,697423,637574,399922,705538,844440,614799,331866,330323,266620,934805,1071948,862926,1429742,254835,825246,199712,2397397,622409,2844273,348372,1406760,659121,514936,749333,674513,2978668,243688,2502608,4670760,725914,916867,760399,832325,831736,1700341,1637674
1043142,1629341,1794151,1051684,916999,129217,1685782,421195,1486057,202557,502091,259289,2241474,840580,738000,1584617,347859,1380298,349166,638669,340738,591106,587829,1122115,655697,1321043,2308112,328154,720077,480760,734853,1109353,6932606,662071,1200817,686678,673079,688134,1247388,3547659,676867,724116,2648962,1323629,1126812,953387,1347257,253808,1735904,494100
516434,977015,2126061,1253523,465804,66838,1166403,227851,846468,238178,774615,2001872,1691461,231135,247463,853916,158285,1266461,1554053,756874,372397,259168,624589,2438052,3292535,1264022,1748323,628707,359873,224738,304932,1863275,2754139,437735,564986,530933,328379,1246541,2562539,5312598,428581,2105857,1822217,776250,545409,848259,1264459,514248,716898,1209053
965963,800795,1136600,498324,194348,113966,1445891,337635,1674835,406650,1044825,133861,1057683,668634,503416,1563324,94865,970812,490017,2040384,356882,241046,366069,1329153,641547,845259,1822300,476076,271906,104044,525548,1157711,10737441,682202,804100,417035,659651,1314255,585868,5949951,687500,2252084,3652806,528423,2979952,1648262,813824,271324,727811,883718
927664,437688,1297874,335605,441703,330045,1803727,223771,2409207,578590,1036775,226126,939593,434375,831378,360434,55028,414972,335171,472385,81276,721572,204972,2863499,1168484,942694,2969422,516223,410888,192806,1483496,1590027,1175723,271877,251511,578820,758286,1232917,1058863,3510874,274235,1756538,1601159,723786,1517368,667662,698440,1180192,538396,565659
1011594,1215695,2054316,901887,517890,224398,539465,167673,1269061,671051,1037163,792053,3618691,341161,1594507,601447,139308,2793967,675691,596498,382370,1064213,2024114,2744135,1996621,2197067,3367852,718302,308245,204430,406773,536200,1382120,1479022,407683,471502,1106198,3243889,738294,3621760,500282,3233672,1450889,739556,1934444,297322,820683,568436,447979,992711
2101574,766482,4693213,618239,1370633,139022,3431678,163428,2787097,430543,1324952,436352,1690802,257659,635367,1802383,88414,2004883,359355,894925,756893,264609,265831,2371241,1901549,2010914,3348937,781381,781513,290717,1275402,839900,2815619,478971,1777801,545941,755937,608603,686546,3206136,386635,1105506,3010998,860473,1008780,1295385,1228445,1265433,620226,932998
995480,497872,2528226,1147776,349933,192908,1360639,276118,1232170,2366377,5373063,659173,1899856,456186,426010,507144,89112,483218,514230,1117929,83686,1089266,184178,1242033,1903492,1722490,1409917,253952,95515,293350,1267791,2014728,2264737,542504,320794,250408,1152776,653684,632144,7044354,429702,1861493,1153037,658211,935806,432208,1653875,652832,903066,434137
1907977,689640,928633,940508,472552,194745,4702995,425821,1379006,714281,1199013,716978,755704,389565,395773,1123079,268409,1751648,536616,624650,225023,274711,435831,879601,731560,2341730,1311216,996226,118513,178114,1655051,724609,5341893,358862,749445,865021,401946,795312,845507,1755094,437556,6670149,776064,268851,1282805,747513,1353041,527086,835941,597886
3864133,304914,710154,987953,451701,150909,1985282,496677,1530132,559790,510802,311398,3356361,577211,771456,1318961,227097,611316,813150,2220834,199587,434771,564212,1084023,497107,1746745,2059030,242976,208737,295703,955912,601991,4807430,422478,252112,376657,373471,642157,1291646,5943348,282835,1297300,2064137,843386,829006,2106014,990468,785994,1582935,455129
1485102,169456,2408282,1349510,786288,247771,1089029,250216,1161955,931565,5178203,961697,990194,353323,352960,1578308,221893,1048812,708821,356844,460360,702057,408611,1257869,2229119,3497044,974462,472158,744578,326057,550183,1006679,4049631,1218015,508227,701641,1321740,281752,694052,7023092,310682,1401561,1350321,825786,1678466,1917673,1231820,652085,839889,2548038
1461484,757289,1466641,810559,208090,68838,2804011,174329,2340168,308564,2510376,593777,1255158,222372,661255,797543,134944,1140580,583536,795175,649635,413333,194881,1512670,1423668,4085798,622080,217120,360843,221183,732776,873516,6572767,1177063,457699,409523,555167,599996,1563364,3760941,877996,1208917,1479269,263314,269022,1007522,335785,659729,478600,648507
1074329,1315641,3037127,761885,611392,130676,4570407,172237,2224598,968228,2608686,1110820,1178232,850808,715549,676227,133713,885008,750452,789057,334910,1319876,699967,1382354,3185068,972474,2863779,334151,224435,228236,366312,1454239,5167038,473678,493419,637418,1021523,443558,465135,2253993,1599937,1440786,819303,1246965,1076854,713924,1210314,455551,1001541,784568
511142,648207,1389885,2091082,492446,99522,3267350,205278,428261,1270822,4056184,753555,1815576,959850,520851,2954603,168335,999978,923003,596092,417874,710177,2885212,3757043,2746510,1619397,3489923,384140,518336,360027,274732,814258,9616561,473945,214964,604493,361209,515097,1467134,7168302,538864,4281752,1607320,597032,1138042,1668227,1649824,2413349,464725,899230
671543,511017,1559093,578235,218534,133785,1437435,197805,1294603,717188,2136832,402263,1851330,397117,519239,1103205,295417,1021903,645228,1143278,74823,950806,478255,707597,897074,6694387,2555990,417054,142517,135791,530912,801433,4791227,1172005,664474,356710,336029,1473498,321118,2498418,995311,3032339,2081481,325587,1012314,799115,1214985,291581,442180,1028655
634583,571362,1928525,1989639,326672,99919,1504864,252703,932873,356114,922932,968033,1014556,524516,510353,1785115,213069,706548,429076,182479,581603,323262,606933,1115056,529932,1208321,1866500,568272,486109,549367,390849,343800,4742083,443195,224568,404431,1031072,657733,571807,4671458,215402,3516154,695035,515928,1679926,695559,1126880,1840776,581117,529926
1695871,307938,2943228,542523,169321,270735,2788674,34919,612396,1004282,1251780,876942,1383433,655562,491154,1027846,430684,525034,627581,1276869,237638,765305,1516596,1395174,662141,2867334,475601,344924,485447,703175,1151852,1425763,7497911,750753,725378,1205428,1271077,852768,945892,2553848,276314,4418722,1351153,349931,735159,261498,2329802,1254388,794903,1284236
1292599,384005,3235233,3114883,801274,134568,11716159,175832,4985716,2525441,1597894,668421,3321074,3662504,631755,2463240,229677,1053565,429170,551325,620644,1555824,1637235,2833557,829529,702056,2550399,995652,652588,1072772,1889807,540049,9126185,821460,592387,1150336,364299,1913789,464355,12708817,564977,1935629,1068822,773174,2922892,2472563,2280191,1686709,1371198,1285412
614597,682445,1233829,1570596,263597,308339,604133,170885,1875383,501788,3022751,3317816,1321706,808608,1279626,858689,175946,1892233,684004,1070953,365808,1153145,398405,3155966,936284,2472716,1651161,169246,639285,250048,418043,2009629,2386025,1141049,1323859,395462,838197,614248,1192826,3122661,469111,1683837,1462362,674936,1041348,584478,549184,219222,650911,773815
3165063,1379877,5175772,799871,246281,505868,1007236,105666,2760175,3381420,2182087,1818316,3131195,767412,528772,1177409,207340,1198429,454683,399330,811491,661213,1623818,2322123,1328580,1361778,2339914,386128,220147,729306,1064819,428996,7950106,304574,589671,815120,717998,1224633,2127604,16172951,426280,5395057,2086272,585572,1336281,2032704,1411421,4052798,708173,556127
2299440,382851,2487617,372159,383623,100843,1508412,285273,1674629,1221612,658758,222816,833303,993908,1947947,592664,232568,591215,209954,434365,305060,853900,368293,653505,1543689,3337001,2959789,340459,283671,356228,623146,728368,15537925,777574,476728,1676255,896110,1277563,506389,4348388,384232,2051678,1794513,307082,2489023,856558,2164960,473839,451077,645822
1260755,476035,1294344,2185941,312802,122483,1239256,93565,5018091,2649461,1243979,857958,808127,878803,535012,729722,67524,518013,563253,619499,98894,344297,557418,1656786,1715082,2751068,1316236,383584,289358,132052,1263007,698009,3298089,1398663,320371,269610,795966,699233,1409513,5871051,321706,2198607,1342618,632810,843701,783696,1004580,882930,923063,2343025
1100735,1011076,2173384,1977473,274892,49348,954506,438123,1272859,302444,1053663,570483,3015299,621485,1251363,1455059,87336,1048263,347887,1020027,270729,859852,1049330,1231131,1525714,1379066,2485151,236948,509188,294635,691214,372332,2307115,626022,623865,1503684,1183135,574049,339589,1836136,675493,3318420,2328344,757278,511473,2300431,1202924,331017,2445893,637716
1606383,892485,1214635,627953,387010,461769,2435048,440907,315896,1044332,3129170,361861,2318887,463866,1655563,1470151,656144,1655669,1014837,2083191,232826,629022,923045,1866903,767840,3248475,2040893,1371150,835554,803107,350163,1720214,5133213,489828,702596,278766,584836,1185092,1052835,10731633,688496,1900367,2761819,472635,1935090,370063,958387,727521,1734494,575563
948296,1718234,6840169,1046925,550824,52938,2198443,170913,1151931,955939,2501504,173267,1045990,954006,1094946,1398185,68641,1234005,306485,555153,399994,874803,305280,820598,789864,1845426,2211162,257712,510847,650493,607717,469208,3002997,305033,1473508,148287,1323644,1223826,296757,9643689,694722,1501833,1891826,570029,1603293,986246,643847,407540,1351634,527471
788760,1274639,1410045,732145,485617,319017,2544119,92427,1439165,242283,1928667,173193,943449,496575,679359,1227933,184308,602836,315824,517008,352420,398787,171647,656122,355836,1076292,3034936,308932,261242,230306,735532,901074,2407874,416358,932902,371487,1915897,956407,2098108,2708417,611982,1650978,2581249,1147154,1039746,633300,745380,452651,803805,1144882
830116,1078385,1252070,675722,375792,1037570,4241591,108645,1317824,303448,866126,144585,4196065,684798,794259,1983379,230408,1249416,360673,691401,263605,1047610,1394777,1418330,556778,1363323,802657,186750,321060,325754,796666,1352861,3779641,541604,1591836,1011608,668759,670535,1077349,4101110,252829,1085853,1365456,1127702,1159122,1350965,2148742,525784,1320442,1304910
1676883,340251,1397972,406673,799040,177434,1239052,91615,2517906,590193,1168948,953951,771125,311430,421225,699761,196360,625333,357290,611613,127184,307853,1167033,1171235,2623305,754594,677531,1024000,334276,797003,333622,512341,6960280,438323,218951,590441,1056188,1226815,512416,971311,259327,883408,1457780,568056,602081,592085,519630,870050,551980,625684
863755,424336,1363151,375140,517872,239936,1409594,203764,861913,552752,768989,174765,3598927,570600,437674,841421,388731,3205528,507981,618520,276666,282213,282668,3718143,3368025,654628,1203434,1271750,171763,201043,1041677,830573,4056750,1099473,162580,241691,328543,706509,401725,2902110,590275,820945,1930996,1078115,1456247,993059,383714,459810,490079,1493880
1765161,2011198,5141981,1402114,116165,49847,1083774,89533,3578659,522561,1716083,479205,759040,441343,1024782,496107,121554,2886545,1158073,1957924,83426,850213,564030,1231088,653511,866230,1267392,407909,257723,556359,611169,579640,2593524,190185,295200,892757,406391,2550580,1419815,3479063,204155,2994666,938730,222926,875026,1073081,367332,364961,1869403,825256
1797158,1120699,1451734,1441381,398470,182932,2435534,100017,3932539,555263,1136103,340428,653962,361199,440336,7179965,193626,1385674,489352,342118,155776,663333,579697,672034,1626478,1616800,3209856,321670,206219,521592,998377,846591,9400216,522790,942648,331304,1705547,1285036,3472604,3682516,233840,3072270,1004946,1685710,1095768,839160,1654820,285008,793069,1017740
1608493,754050,2076797,1585503,316751,143149,1004668,110476,2458558,977434,1086881,574342,1006281,645349,1326513,449949,250618,455090,1581773,637469,329288,648044,538585,4951792,1867333,1003301,976773,313369,233938,404542,590271,2955680,3821251,214599,127315,1011442,928656,1227322,754990,3813628,525265,3927060,2946378,493026,1483815,1821183,285440,866017,822600,310901
3898783,171228,2446786,502974,218936,66388,3409526,561480,1624103,259815,2680980,605234,589150,1121833,1533709,1106012,239830,607719,766110,591972,215332,266143,818933,2405517,878656,505759,1633053,205225,401262,662935,316117,860335,2295889,164048,706301,619069,342761,1115710,538669,4909124,247745,2112934,838145,538525,860889,689666,2334561,347619,489820,963490
2414683,508310,1656577,2633555,389582,65279,1170298,112091,1250089,789712,1392685,600794,696239,1036059,691834,1375991,69816,1601230,459652,756783,189780,745549,585751,2286942,639960,618518,8363990,188652,252365,438415,1076066,912247,7064588,256178,233851,2193086,517324,589332,873262,3497953,1142001,4576306,2236993,1048668,920084,766148,715933,2916574,217881,274074
3880524,842805,850215,469151,158650,225740,2325837,256070,948143,774902,652980,267190,1070767,497112,291814,1340711,125791,2253300,309256,626450,373833,437964,165929,1592859,2154055,2168063,3264260,366102,1195349,511872,463419,1074187,3651359,345219,1105628,324020,4063527,422753,395501,3460452,486361,1016823,1690217,881905,869662,2834800,552986,757453,1829058,446240
932482,278244,2690950,1183583,248593,156961,2539101,191485,621631,1007515,960055,799908,2008058,772375,309272,859601,163408,599273,244691,883945,198169,1490739,499826,590981,1692963,2962524,863527,682924,425698,593335,534268,1259893,4360944,1344702,650434,504628,515615,786376,796551,6520121,392767,1311459,1298415,1512242,324638,402069,2063443,1130051,2719336,590310
988959,743509,3596883,536969,302945,84646,1660917,177380,2875630,666865,1478546,503448,1846519,248504,1062477,1494844,124682,1546304,579594,421374,67301,646559,457380,1440271,727586,1641361,1091879,346678,409914,344800,266630,902310,10961853,394142,508488,586360,2640166,1103634,977256,4841440,472551,1242348,1074368,836466,2295986,848890,1110833,743421,967328,1055645
972817,431470,1675247,1034578,189845,313601,2323018,169550,1462615,926871,514102,948194,1989966,144443,801896,550523,168783,994247,249820,1819658,261334,608236,210233,877514,2785032,1246122,604741,618907,538092,258528,964881,869226,3926418,435922,291426,237373,827293,3736779,1602769,4973133,626039,1670089,1842449,531956,1923684,2201256,734933,1018446,706601,652646
763094,526572,832095,718524,378724,102160,3386868,170993,1730019,269194,3201095,718455,1394277,920332,249764,740290,210203,838419,526089,495160,143040,378473,274869,3165793,2641478,2482291,2412351,520242,437466,221393,935268,779283,3480997,635355,458046,1396911,1352394,1269975,2855576,1601663,772536,976757,1657257,1035906,1217528,1106749,658321,1283280,755065,1763894
1384198,581469,1333599,511170,412455,146394,1425838,321198,1302480,344888,911675,1004479,1043001,982292,787587,1515081,187271,1192070,1322359,513978,241810,598272,347953,1323913,1385926,2051823,1438425,617059,212407,293604,321149,1808161,3815474,265510,445119,747008,1160441,679483,710439,5405502,225821,2153889,2730314,1252682,901060,1190609,816681,947506,2110958,913423
1166437,319332,2508615,1680468,450083,323868,3334201,325796,660717,461257,746227,351790,1536553,570213,1207556,564759,334879,1326966,590149,813941,240328,293734,614297,1415247,753269,1595358,2799194,204570,555219,415545,871363,3014299,4451735,758378,263672,788282,404455,1689985,532559,2545142,441124,1796771,1088160,366821,1560462,1410995,564973,1333464,3535908,433999
1063245,726540,1337088,1919637,301608,112808,1184624,179790,1201211,1046322,1455829,1224288,833709,523755,204656,1660314,79640,564847,297638,2566520,375820,800178,483656,846075,1596797,803912,1611341,649054,586048,272798,567123,901789,5552611,311924,278797,762337,727534,985941,997488,4489666,314677,3943342,913662,920660,1308588,929726,1951190,726245,2585979,1106288
3269560,397322,1603758,775605,539877,139559,2699382,46240,1128707,464284,2766330,406554,1601477,1479078,253894,1176421,359048,2796157,966222,728645,288077,809831,343812,601634,610835,5094106,4381478,263483,136202,356417,1027926,966583,7085630,1007954,475073,482793,1110918,1352860,488336,3886643,315068,2533749,990932,682552,1189825,668888,535230,695594,1265768,589026
971788,611734,2867153,558268,197281,82405,1302165,237483,1447559,1184953,2240419,534795,2126658,719728,581033,450381,93498,706647,297277,817322,282326,952609,362078,1408334,520462,1129102,1112456,259710,173187,235248,283837,1471460,4724420,116546,260978,668177,813479,934108,1296435,2337201,330426,1358883,2736454,935780,5355901,1054432,1038508,694821,493166,791030
634053,569229,2262241,973232,282485,79081,2286622,179292,1263307,600330,1269617,423388,1313983,956104,388005,1104041,245512,2484955,287900,408671,231316,984044,765240,1201672,404116,1150353,2703767,571018,105874,463921,738774,570000,4373901,237997,164462,885359,1817498,517040,887560,7558603,251595,6594270,2292330,260567,711878,672354,492741,905998,547548,672154
1916920,454538,1319069,1556061,410597,119221,1333962,150176,642617,375347,1085815,485134,705042,414432,754843,399591,232789,689293,535800,415492,488480,275317,1026404,635156,382882,2212084,2128820,248540,342753,276420,248232,340620,4679541,1604633,398619,991103,723184,1047262,3243941,4214965,324633,1957085,2437662,991677,632225,490534,237570,425650,1099771,2953505
1778774,464811,1591756,875771,416799,89775,5661811,286665,1591817,434680,729071,282838,410104,415766,516760,493386,173178,515495,366136,824692,284654,294255,570465,1017479,2389499,4371905,711789,590132,439826,450440,923526,506718,3573326,741959,2004572,452777,487851,669655,895719,4718723,273091,1559161,1316705,381775,1263023,544672,779993,874157,467540,545875
1115069,354623,1334905,698873,267724,277197,5478402,171846,639828,801793,1759642,507659,1839010,330197,254861,1009186,235868,1636419,342236,1960266,320785,1098191,792460,2124681,1406638,690653,2891078,661956,207261,428985,2025338,613674,6552495,568225,438541,882444,669719,626189,629442,1832194,160730,1531418,1737854,601053,1142622,961151,1961471,820175,1510213,686180
1300107,303003,4607054,303078,636582,87454,872701,171398,3302076,474069,1318944,1097628,1081472,747504,862517,510432,247049,556358,620040,1275522,370404,352102,757015,1244729,3206683,1811036,3716981,329036,456457,135121,275251,279947,4022061,385603,422772,371941,487171,1262580,530843,3554805,414061,1853403,1992385,1219258,536299,566102,443203,875398,388419,623204
1746327,1109961,1715421,298486,278598,78106,2528327,196546,1999120,571932,1193615,177831,2324715,604986,355257,364610,65453,924885,646071,658439,378555,1271292,548463,4079626,852067,1273884,1213178,277586,273124,759298,344065,576980,10705313,453642,468166,214023,384412,715445,1162408,1964259,391279,1282059,927555,402996,1621715,1143972,1440107,320961,320075,633640
860578,919023,1188741,478451,398890,343267,1455681,100206,10895601,208234,2153273,485780,2261530,632404,1077001,752981,109535,1060383,274438,610017,405378,308132,1055283,1173183,1147281,2583157,1402536,935747,341539,207009,528183,890875,2915706,1160989,412552,411233,1180212,1592560,3031019,12690059,385737,8209664,1084011,474049,968137,1795443,497101,1118194,672900,857396
632384,268556,1790181,1196527,335361,511115,1150396,565494,1327287,1264907,853794,272848,4169541,424397,531760,1587185,151509,428161,1343996,506994,119071,351357,471260,3541431,571513,1415711,804484,666619,725841,161956,551299,791379,4204213,455121,662640,312793,1507461,2044330,795064,4567173,414433,2998838,1002222,566659,905784,508942,633178,367251,1515718,388988
3286958,381228,1453488,943393,550809,112139,1358972,225422,1416836,364196,2331674,248575,3675841,510471,620671,1454822,267607,975141,758463,1665421,323718,466559,623711,2094334,785429,1889767,1595494,280856,193530,310556,406925,393645,3876161,564225,401294,858255,1017779,978926,796621,5287589,445631,4478349,3274736,573562,773347,874413,1781948,1327338,619056,481852
5143873,303861,1812155,835259,870804,320453,1539896,238922,4434139,880626,556215,1433460,1898090,547954,303593,1058344,80516,2166875,1102531,1360610,286521,883673,296820,2549904,1682794,786909,2115166,1192576,409940,317784,818045,749607,7156011,1278682,440223,454125,524227,2306512,1765749,3341321,529718,1094779,1169140,2056026,1997139,869970,1340481,438963,845101,587805
359155,437104,3105774,853640,513907,314605,988672,107789,1242887,1264924,1184645,282704,1449836,2385657,275613,1007140,213099,2736673,222470,873997,144793,909332,616860,2983567,959008,1075443,11590965,621593,196518,186990,323308,801555,1867938,308909,745759,837663,956911,843499,894478,4520470,633567,1588614,1091582,572951,757799,507083,556442,490235,1354235,668413
890847,285233,4328315,672730,637071,314860,2271626,474333,739983,493278,4210894,375648,1929711,1027194,880775,2182187,401783,2792556,686142,1122093,649332,322417,2431064,4534611,1544882,4855588,3817304,1092255,214348,477100,1008459,693733,8269630,1323966,281894,431707,1742672,6338715,1121078,4200326,570943,4474011,1818204,3521792,1328719,716091,2052008,1641788,767620,1056746
1487469,838793,2954021,361694,429901,169234,1886418,260600,2244484,417226,2974794,271716,1834744,724262,340412,1285224,75392,773010,158357,616921,157241,628121,180175,735242,2490910,4399716,1230960,420561,221974,560582,404360,732651,6762462,355883,238067,623100,1684753,524474,2144918,2079562,765910,4179093,961521,344921,644019,732457,657373,1198715,490647,656442
2360987,597327,3990348,297329,784974,230371,1534819,260067,1417711,2059180,1095222,1408373,1151156,891926,224248,1343982,99218,1050305,1254202,534805,361226,695280,503700,953562,670358,1452398,855528,534672,794460,155106,912485,450058,3651789,1431673,389125,597046,706968,1248420,1915404,2156105,351160,1115680,843473,570940,1077923,1605794,998454,557039,856803,1315875
1490814,847608,1923531,1213295,1105533,297260,1451816,269561,672508,1069343,2138946,1403743,1932526,616978,357532,1486080,161267,976908,422600,1636161,274368,856768,1005112,2412927,662937,2835985,3304313,516367,302235,205063,664003,2338317,3808402,584166,2436404,284024,768373,795586,560025,3701795,256325,2116608,1024561,722071,4037758,556710,1297417,297654,555683,858630
1662779,540128,2608465,896912,678096,103605,1266635,48977,1187190,607584,2611523,450586,2805168,304088,410367,779203,67720,1170903,504680,1184420,156574,1086150,278131,1324534,327060,2248868,2190584,677130,198744,457387,390456,1343403,6849025,273737,370339,429117,962221,761132,1132268,1322136,307184,1451107,2801753,306063,3722242,740984,1170333,1681545,334548,772294
624058,292818,10824607,1100932,708027,306685,511265,170181,1682482,1262426,998935,577229,1373794,551090,619242,544771,172840,2087529,1545549,411028,280180,748940,361766,1368500,724391,1958643,1372191,207098,398085,373465,319004,673567,8830528,1133668,360653,625122,909354,1623605,535197,11093126,789650,2649588,1739036,1177099,768095,401565,1109895,283132,992083,373055
783919,405616,2954432,793395,342550,111426,2172455,170577,1635740,1088355,1148167,1913577,652303,285807,360026,1260366,114154,701708,618242,592975,662470,491053,590790,973645,1339085,2422007,1533323,197776,192093,199108,411322,1242853,1676625,568580,1258476,756358,562093,994365,483708,5563498,248580,1209057,1411202,326166,498538,573104,841316,402581,1143789,456531
8992904,238856,3046998,632922,405998,121900,1104338,151289,823414,1274412,1664985,505595,502257,1298137,1969347,273205,151785,687711,287684,1329829,154483,1120558,452521,3443267,747823,1913445,1526125,1208454,494454,405407,767547,541600,1988237,318029,206771,641965,752511,1410145,838229,5442867,561878,14129035,4608328,337587,1260022,953513,1139224,1518089,1566759,1242226
1172445,522970,3467138,425309,1347797,182726,3600604,296851,4618774,2541721,1166801,279178,2323880,988667,592299,928426,147589,1175694,506633,591060,252173,579266,791805,1277978,796300,4385573,1803554,302656,256296,348617,1671107,1313252,2204696,439791,493361,702165,1107090,1280766,471429,1613296,239607,1916269,2987568,304877,1180317,867386,1549319,1203762,1275330,1192017
2651610,468871,2171771,901909,349663,414326,957498,94107,1018934,680773,2697843,263464,2136342,1176383,762044,901698,230258,1209801,390939,821253,117758,813551,593537,2460075,1913123,1475245,2239476,509302,484895,436691,2335570,743221,2056811,238418,525686,571398,948366,853037,1374887,5589621,410573,2273331,1984130,2179732,1597963,632373,2237454,542188,1158450,1038301
648008,1020056,652605,1228367,607909,297298,4831691,202741,1194324,1094673,1488843,757943,884014,871060,2301608,635673,492163,951802,406024,1727668,474900,1211369,639061,2383862,1631623,4036153,1388251,476749,1118706,847172,1838767,936320,6176916,594095,294465,559058,788266,2254666,869062,7279502,175364,1626914,1382920,1042365,3422754,1761545,1388006,1267969,2004489,682431
1338766,301376,3242897,891871,161931,508805,2344968,104483,909935,920300,1604573,375958,1241428,422802,912391,1207375,129575,1095257,174421,537254,265587,596421,309893,2675100,1327228,3401456,716039,949006,468830,179225,545272,1077262,5409627,1139441,477443,761296,527393,1077325,803982,4157447,450451,2663040,2052968,799077,1259190,1586815,992479,1753729,3183181,1085328
1743582,639330,3591845,1026630,202544,113695,1819575,175591,1517512,1033122,3426112,447607,1670504,426729,509002,841059,115127,466026,831930,500477,440046,1331085,530326,4785623,498979,1466652,2486153,757815,485197,593421,349330,951996,9114642,247057,354396,690116,490910,1011089,731071,4037974,763910,3810847,1481903,757219,879709,512306,1488184,1938917,340425,713806
2761204,443024,2036058,415857,371366,194667,2588994,83767,1817848,530056,4310392,1112015,2227721,1024941,1121134,509933,68357,1449371,666076,494426,340618,751635,1273334,1610907,763547,3963493,2800573,331295,128796,454613,395789,1914435,7644280,465420,1085171,582695,1712797,657022,765288,5993024,681701,5572734,2085738,942301,2012098,2323730,898460,832946,989102,763596
2337926,494701,3114191,1066756,267300,265742,2490736,303880,1554088,1273325,874742,822130,4338722,1063035,780936,871488,208038,1335872,920793,841366,629070,766693,1418528,2387165,3907367,1452781,2726197,288085,533503,1065422,858160,569461,5525374,1907096,349936,832361,438412,632237,1001572,6648903,223396,6147305,967909,2127179,2788862,691028,1282110,871431,409873,711778
1782424,628225,2623443,1793813,262385,527202,1067630,151563,2139648,1680098,547524,864179,528858,270766,1204003,845364,461483,1011230,2024527,257039,543620,638869,1720110,1446508,1900241,894998,1472637,1195599,331978,443927,273410,487961,7057462,645925,1411116,421500,1199432,1183658,696489,4651129,449061,950729,3684027,1733446,5087092,715135,1956262,639356,952249,1173540
707495,646423,2023302,487903,382676,199632,7057089,116737,4295798,1291966,3875512,1234933,1905595,595444,378815,729716,114160,322723,829060,869380,516533,202543,230111,1130722,857441,1705297,1638508,178694,263301,209011,1218332,958281,3981171,709842,427031,276872,665405,1399846,1086628,2832586,583345,2435254,1359856,804295,1533916,2477976,1181329,635954,1085075,1757719
1683398,890652,3163562,803246,1611425,173983,2920675,188315,1297625,223716,1236462,2001149,1469037,1863359,867357,1287339,57873,775062,616011,1138813,232487,227646,713739,1708043,1136533,1395536,2345437,274601,367945,297801,432466,1572908,6141594,499839,292959,1302785,379275,1398357,1163668,1608408,409227,3666871,2349682,879201,673529,957539,1029615,403211,1097128,887068
933964,519669,1929433,2709182,315340,158091,1607869,92983,2192170,441756,648419,313670,2941989,571279,1036882,635621,323920,713298,368983,476056,191360,402837,1441833,1197317,1511929,1049438,2563488,597065,481451,1038914,382915,718185,4659509,642581,319826,464166,578069,648021,1152511,7737927,232562,1152573,1219519,987766,401575,591902,1006356,1898990,753811,808784
372904,299517,5004709,458550,363411,68955,2815866,196044,1650942,1000185,1134982,423739,2690475,806795,493770,1620621,153594,565239,827593,845846,222823,273546,496863,1014220,1762170,893510,2832865,149924,477019,467196,656544,1684893,8198197,523809,472627,479492,1464970,676750,1221958,3677764,483462,1743106,606769,267316,2204186,709287,1159612,431907,1347033,577141
1646667,817284,1101362,874713,266150,85043,2520482,182355,1263124,698940,868781,601050,1243970,596800,655714,644991,169023,847444,1717124,1116197,161101,339655,418923,1017907,1132502,1410658,3377155,399003,285668,511990,2120070,479366,2582189,401323,1717644,383488,732189,599860,1112786,3715863,263252,2098867,615555,793857,1645533,780655,1708372,303748,631801,543862
1273966,515731,2059647,243435,326814,81174,3942744,54122,1327776,793456,646439,632629,1955116,603918,289342,2299771,124220,1590857,164091,352126,389859,313221,576884,1744878,3372791,1533018,925485,238043,470504,272660,545541,1215560,10294292,475006,650620,446619,417080,794478,1530865,2607997,507078,2633221,416888,671058,563705,431097,290546,677419,603188,490780
4361244,870481,2717037,839870,831746,347858,5209786,142778,754124,1204958,2560815,1677163,952928,2257342,345272,285298,339006,2987886,817656,1369293,192093,406368,1141979,4059927,1402659,1089592,3142777,639691,406711,508393,709970,422994,5840546,1382232,2300104,680729,457951,1819047,848877,2121081,188940,1308317,3184982,1454401,5775547,1968445,545984,252316,1650207,1797137
2561430,741080,4819188,2144816,258685,413908,3391243,400091,2671912,1495318,1151167,729754,1678141,1681573,1239350,1096031,279287,2765666,1165331,1856121,408380,917733,1078299,3862130,1236283,3550518,7142868,1684669,1468292,808273,265665,2214326,8770598,1003962,169153,2890194,2837174,2172654,885955,1867456,611072,2994401,4799405,1062321,2494234,1176767,3262946,2182232,1484488,2141155
1084026,800883,847734,783040,563971,141382,1925615,108136,631335,1042764,1063520,331433,3880412,419515,3280809,800811,325602,878642,628427,540060,733312,410539,2712507,1001509,592261,1137724,3303612,591397,558476,338752,510910,895045,3077751,887223,296883,606614,1111934,513644,1178513,3500540,173814,2266186,1464402,1377717,709022,596583,2108546,946362,1866191,273645
2778195,1184784,2969632,347913,338422,157789,1340505,196386,516532,682860,557809,542994,2130845,326324,504045,1140559,94858,574060,374036,502753,248153,840917,1176272,1962511,901935,2542277,2561458,166635,145238,491899,760085,436417,3066691,257746,313985,795659,737525,1200635,1566355,8826571,243903,3414779,1203146,891607,1576597,986462,848803,242770,895065,824042
1551399,528160,3481192,1508924,1532635,288772,2587458,277753,1723249,974333,751977,659019,3061172,3373883,813500,795204,192625,1840247,1700856,1003818,200658,563035,1646914,2549643,1261164,1080302,6387543,583599,1225040,709083,1876895,594073,5010489,407363,703076,464944,717388,1375768,2067949,13688422,694500,8435167,3802626,2699672,1934923,3078651,2023077,3289127,2716093,622688
518732,2008048,2631591,2679273,224750,495423,4318961,248419,2822824,961085,1035198,253682,1085589,1600803,1711319,434186,346587,555159,458644,1343701,150888,1366047,728700,2642126,3583908,2378555,3103748,850535,938057,410275,960915,681304,2790810,2488153,1160486,882126,707052,1841176,1091909,3353681,731367,4016000,872258,1811144,2895489,601758,3333218,1758904,1323456,2291471
585791,588633,1823967,572115,818489,77700,1380441,183525,1469636,407115,854794,192569,2706492,637373,472472,951946,95854,583389,482154,893953,296205,786646,234613,2810821,2965987,1115033,1336477,303041,432927,631923,1029959,379426,1827537,294836,453114,1066571,683599,848633,998511,2153577,404630,2261474,1068906,1123397,2099308,692859,717503,394483,538611,841758
1715156,156452,5341978,427740,408195,75920,1412951,110706,1547259,636889,3981642,285316,1019485,716824,941225,549812,347983,1265751,873049,371197,253430,670151,568205,4651268,1349930,8494568,638687,264731,471287,552970,636299,1579697,4849895,367144,1045332,408199,3710295,778553,2775272,3676966,1032569,5211698,500912,546700,473404,1559074,879696,230807,1722005,528308
1244249,323969,3829838,1219157,263731,252542,1173947,236356,3015448,651983,923781,522903,1090845,903707,736251,555620,372492,687297,592363,3022251,470832,1527242,1167404,519515,1947721,1937397,752737,305876,479208,672593,640959,628531,4410712,1242013,1030860,392289,280734,895366,533833,4004724,629076,789023,629281,409930,1397376,661011,598230,318299,1726437,1170948
1910774,335240,2420644,1545576,541735,243706,1364855,86557,1595514,2326928,1512998,427779,1362197,961838,2231765,2054731,261719,5160696,689402,1253554,528908,934151,1350138,821437,2138006,1037485,2200269,1236237,1117874,537471,977838,407078,2368930,921051,298114,504829,628640,1255583,795826,19491418,904424,2223864,1303759,3187685,2692208,992436,633553,617021,1985349,788709
863064,297042,1598692,807807,890248,83858,2230513,160626,688787,284627,501784,619543,3942981,719371,678627,359533,145291,2184792,398257,1227888,285463,801601,411420,521128,691913,1064444,772072,789512,249640,311620,1355448,2136432,7709527,723511,506579,575839,659909,2123641,614702,2359049,749170,2291034,789874,933102,754494,720156,589649,256929,670832,581352
1956077,455608,1135329,1311736,334605,165178,2538422,241061,988516,1432186,915469,2709939,1367292,408254,308649,441945,226383,2026756,390296,286580,280835,743700,226411,2956135,1644925,1058248,829542,274536,324297,718091,149356,980989,3195193,931857,948505,354022,1198132,1095542,715930,2413055,281730,419512,998972,1289448,1328091,2193928,2454348,268419,515348,457260
412406,674283,1290890,1511588,461158,496401,1380839,114623,1549938,1001158,4366512,661562,2598704,334210,942721,658708,306747,2431288,563722,286034,319452,835080,915039,2569675,1360623,7467669,3947717,129932,512171,540609,595030,427900,3298649,403889,980652,756123,874657,1053441,1874424,3519731,505360,1155604,955672,479908,2156140,1035072,1059981,960090,303247,936934
805372,758557,2517561,652376,446741,146596,1586330,124403,947267,1709440,2254096,433639,1246972,328840,458006,251728,377090,718924,873349,801630,153520,459595,646114,1039148,2433453,3109525,1070058,349860,297488,423461,337032,692067,4991643,677485,175032,1846300,682126,1979918,673669,1967111,499537,874941,1364082,436784,944214,355234,882523,345870,1708427,573473
364931,1417434,4524971,593131,304481,157968,1699850,109139,2725666,801858,622842,313876,2193563,475153,733770,1280544,58872,1416874,356352,546771,443463,827593,722776,1458666,920323,1454994,2110626,384972,206654,378883,325715,1090285,2197738,612978,310252,721111,804841,1410567,861883,7222158,395159,2377048,1039025,520898,1139903,536185,1398062,1480705,1245144,640272
1863384,614047,2170346,3234020,258015,206769,1200755,219264,2379919,253761,2411900,1355406,1325420,750206,1832151,1285248,284360,1169350,579137,793122,605868,544827,1170371,1680131,1046640,1479336,821837,343239,831833,433256,1103334,751984,2488913,1564601,1205679,464721,703969,988994,1407347,5301427,409625,4661741,5105433,362399,2173255,1248790,718198,1676183,960551,762446
1005347,512253,4858375,796565,497284,153724,1848779,107016,985643,1475384,2283223,561251,2807613,429645,639126,332536,244778,801727,1198759,466073,233567,1196875,874327,1902344,2592682,2323062,808832,652518,870513,257647,480184,648976,3838916,695576,583729,273587,1222799,341660,548451,4172506,204774,4122119,1091979,666967,785516,1323781,558487,1186107,619543,429210
1030351,1810323,5387041,3469698,521075,166647,1461991,94269,1058790,324295,760164,890782,2080178,458233,781084,1159354,62576,1286953,870800,1301109,188762,868996,642590,1615061,1245324,1091567,857951,558404,482805,437677,313181,1110984,4596290,1011609,550283,809668,538056,942769,4669535,1144052,601650,2652630,538538,1014383,1431778,1581668,888667,541721,1473148,1688983
988883,844990,944580,432421,565542,123706,2639947,123948,725210,586538,1504044,436491,1458119,465477,364386,1289064,75308,378270,665776,1128568,595393,1926941,1374515,1739686,584824,4452735,2424499,284252,301751,278737,1097555,375819,4341860,363785,412490,252360,751817,2566792,832139,2826438,552468,6852812,1410828,601573,2041039,183611,804373,426165,408020,339088
1608118,240696,1580616,263522,331897,221576,2643374,168940,2304401,535641,1524282,629514,550559,550559,1187946,816978,141846,819740,667209,362821,399907,436276,465379,3017861,292589,1000454,1091957,229075,306536,920915,611730,2278890,5044259,997939,911569,368026,1129593,1058263,601733,2141725,417597,4871057,2925256,805367,1284037,3325715,940452,550578,1226342,781151
831291,525677,1354352,462970,317143,89685,862726,106919,11812530,361427,816055,192308,1810167,418585,502357,756424,241674,570617,869195,512959,295418,1002273,832797,2994981,1320882,2205468,1270031,135577,275579,822291,620925,1188416,8431835,348449,685726,859142,853364,692836,655925,5664310,415071,1415347,1057937,570145,1442240,457732,2171796,664881,707978,889940
991371,1193553,2253757,926234,296339,181154,1757146,105269,1487613,739746,700255,1092369,1938954,523795,377840,894999,327993,1631013,247436,646717,254533,430257,768879,852240,1932132,1980657,1037030,202479,955864,295369,468041,894025,2621285,344370,1271247,129682,1020188,924732,849514,2632898,203097,2562574,700164,824237,1559454,642646,485665,417042,574981,322180
949699,672658,1139251,971406,241692,117915,716699,227413,1246646,587334,1045188,281968,581171,303900,1087870,1336862,82790,561678,267439,437840,135554,483559,781025,780293,669835,1021567,991737,322650,181110,467474,431466,829788,3418250,377727,176993,1819404,313852,570863,2821009,4698280,295276,2824513,1503465,669956,989074,582786,701107,123977,1463379,392467
1809390,343339,2333866,1073131,288211,80118,3108531,82796,5909794,781883,601370,517348,1255216,462632,2537421,766997,84236,2142676,440339,556704,366329,1307837,411294,1187619,572678,1777590,2834201,291873,959572,543000,281832,1477578,5521828,575616,300427,1078275,1302518,2881102,1365615,5769254,188207,7171216,600823,624690,998357,278297,784695,759734,2619454,690484
2615223,1398468,1546882,571465,1233101,170042,1167609,192061,3109587,281520,643496,901135,5106986,522938,304528,789955,94251,902137,1843362,332926,262613,550592,175244,826548,2738533,2066873,4538114,462629,258202,288467,529329,1076119,3842481,757101,567075,376324,958181,740666,1844284,3586842,551677,4652117,863704,407012,1819767,1910833,400032,1267102,932880,1461179
1379573,895831,1809318,316984,341150,147025,3127196,178651,1707109,416300,1038991,590670,1526899,718906,1012029,295333,76973,3286570,219761,887189,301774,587723,369786,945142,1980273,1637172,3281940,151712,787942,154884,351934,1123355,3359932,785912,431052,2114862,738638,658027,1186523,4812949,624322,1285397,1068032,1195674,1132828,707446,628692,1248510,1689404,545603
1429013,298674,3337587,678454,192044,348320,2489863,275085,1702860,398184,741282,349758,2852058,968310,157098,633812,188822,1514105,676436,1273140,317049,244359,432267,1011011,3101765,2134584,1392334,271087,167433,182599,1264827,734313,2897757,888106,1197834,496750,616123,666574,547355,2199840,776614,1314486,2871802,484193,1356126,624806,1362025,407426,588717,1666490
988362,475162,1244743,595766,302572,169624,2177741,117728,1414058,210245,2758156,247283,939598,260988,308961,2633382,65901,837063,1797881,536127,164929,531854,1878829,2392209,2318008,791936,2456328,567997,315456,277446,547968,1962095,19689655,1298490,1019721,342187,725646,1797392,649373,5090655,224837,3234501,679165,536038,4520583,1351817,693548,903810,709135,1025021
749655,580998,5234815,386406,1164215,301609,2513824,157292,1133798,1123009,3526990,305298,2609347,230098,672501,471369,382187,1241086,493131,1196995,169065,984567,274511,3636129,954987,5014559,3706636,335702,451961,305180,283215,1291092,4225597,1160779,536010,1297344,683953,1208594,434336,1782195,249779,3035483,1141761,1083081,2216684,401062,468877,3864498,1099880,644968
1472824,828808,2541940,809640,276390,171414,2764718,42946,2469235,957571,1076094,347136,2211352,546239,554092,392296,397047,1037310,1374468,1448533,251685,1051527,598234,1062616,724614,1646418,1727719,295599,249370,199263,385045,668645,3794640,287020,356239,440491,923689,1141677,1342374,5357990,945276,1241886,1084090,887242,1317455,1597783,459554,341214,510762,929899
945990,693187,2866273,1581430,1166536,522562,1014536,212383,2084942,559338,1941176,725628,1659003,344251,750344,825760,227121,489572,472538,984804,103468,262423,624584,2502737,1676028,1058053,4225013,710378,436905,333423,1185358,531293,5368179,1509411,519669,969387,1069878,817177,836056,1977152,771675,3256549,3123398,785696,1536341,438918,274635,203854,586779,684961
1627829,444106,1477068,611088,719360,87299,2499617,243575,2187758,413632,2079529,661913,1335980,1564939,400599,890419,316231,609975,554631,695014,655307,269091,386220,2845640,3287462,3947616,2768588,553652,303254,293967,358243,1001892,7233667,254689,885933,428549,908625,905001,2260924,1695225,327375,3915583,1364622,794756,454675,466494,390138,740823,2925092,813849
1628816,516110,2207168,544964,893760,193569,1566433,228756,2988285,1086132,1611463,700336,2060493,737656,1163716,857572,116301,876088,172395,260002,191862,594295,714710,1671554,1722698,2321640,2992881,332305,266944,438620,870255,2304109,1161912,382152,799310,547868,1060949,1089533,584130,1119363,777364,3995676,2186134,868713,1017357,733243,2248150,180081,1126431,298488
1251970,645955,3103160,372897,293305,104508,3335016,343797,2211279,734384,1560049,394170,1219484,453366,2144321,298840,154565,441381,450768,687233,380080,589424,745916,1491827,747853,2774080,772523,288652,579942,187511,612097,1092104,4289476,375896,412130,574759,667331,1432995,329535,4701779,302642,1971746,1962221,651097,1681535,630160,724577,1093530,753632,706374
2068665,277452,9217537,3673454,830844,157498,1513799,252868,2179748,1035640,685317,668274,5774020,337298,417681,1879617,421977,2171912,627475,582818,240289,618297,1429041,1221206,1569695,1119732,914958,149778,429663,269595,714707,3670456,3586543,506411,371424,992074,725153,479815,1427847,2684137,1496655,1799283,2242643,949255,441902,2523447,1442459,493226,497380,894159
3032716,399176,4160318,1016382,1197187,216352,4315350,83488,2321459,717390,2753627,456761,996885,376918,642316,734468,217995,691663,396036,509946,212713,267164,1046132,5380480,2370076,4240485,2905367,1223017,626522,764121,1033872,2153222,13925016,838924,212888,566895,914612,798503,596515,4646034,476468,5792178,1246603,558190,1242459,1254399,1341531,608486,1253248,666237
1766592,431332,1841620,344202,857838,113888,2654503,144552,2713606,973703,863370,318476,2101065,323101,434729,662157,153254,416095,1417864,365992,416524,521348,368067,708575,1271511,1799846,997054,441408,350162,393994,1090404,920577,4652481,484105,490726,1419669,1310984,1672035,1352723,1588298,439206,1905817,1170864,382159,1091405,395788,931240,276173,2164986,1429993
1399407,578262,1101813,804686,687667,180832,1697770,95462,2504758,794356,1511326,821941,2389097,1089940,428048,950262,176508,4419776,1143472,822105,132579,262519,609164,1045441,869382,2166301,4031297,301973,728836,561704,740926,536639,3343361,383006,189125,759602,607649,1033802,602346,4172108,454442,1566778,1570509,615140,1659780,675120,745144,417824,3089752,525494
670118,841950,3289478,1141265,413230,255117,1323891,214606,818979,873835,813986,501938,761018,1517487,1040619,1017586,228352,2028461,763715,697096,262356,290952,395637,3156801,1170128,1153386,2682478,344302,608082,671186,490654,1033415,4084774,415904,271277,829700,2366014,1246391,1602778,11271199,266330,4037284,2806618,883023,1734465,685526,1599654,863226,956263,729090
763259,1259783,2212335,1238041,905981,339597,1712994,207253,1345991,1535442,5559367,398708,882668,612581,1355427,786037,277927,917495,2331933,1207667,100317,416755,735842,2263357,2220486,9547507,5413660,826629,683340,168290,221427,2236001,3516180,665366,1165071,1433137,699322,3200440,1316092,5152862,974791,6590426,1152697,1519364,631648,435280,765212,1151643,1737629,2119728
581254,518795,3714932,1006850,602565,293435,1217525,81028,2688357,1460309,1151455,115805,712995,1452135,186954,692690,254381,544875,254717,884733,301746,1258867,810384,1496773,929154,2065504,4046181,977345,113237,395164,252122,1281900,5289366,257063,474139,268494,696250,731383,276905,3328113,2334720,4521790,1013986,2265044,1180689,894869,1346610,869905,802162,525085
2441372,533825,1801333,925280,522167,110230,1799096,134152,1929627,415483,1099658,432477,2805482,1347238,591819,577665,183599,1145477,421252,503543,763348,633307,918851,937378,606103,876790,5310785,816711,608980,189529,1083613,748163,8054145,452944,1063047,185097,281621,1202685,554199,2358331,658034,5081339,1620434,1208655,1510872,1110613,1058243,311513,1157179,1351399
1600328,737180,5208142,2031505,342107,475732,1504820,1230567,3539319,1199963,1977316,400494,1260343,548160,1509005,1038517,731010,501613,1392820,2920847,362502,1726060,698526,973758,1806426,1390254,2439430,586841,790358,328406,1107639,1525870,5079437,275138,964259,447085,1064740,1199761,779908,9311159,181243,1138301,1128488,768225,899121,1062846,383409,571557,795690,885615
1231445,406445,3192354,1282040,772604,323045,4332157,80012,2754719,1338493,709731,870581,1381409,881200,765019,723275,383227,1190545,1589892,647985,280553,1219097,1006266,3202896,1799203,2404184,3214896,2133297,193843,188795,784331,717196,8487977,781376,237839,1042760,642614,2592326,518828,3351247,649416,5476702,2337356,1203684,1588388,3312624,980054,3004333,1281328,1390414
1244989,285363,2240294,798965,414257,138412,3841066,463053,1556934,858118,2519419,365636,1015025,804891,272153,615909,261805,2291698,841995,243549,146594,321700,705539,1301839,1655684,3646233,2010579,367081,319712,440910,869597,1374394,4487834,591281,976274,1209968,535066,1070996,643568,2767948,230742,1075175,913095,1471331,620496,581827,359288,965402,1278069,861926
1192107,2098099,2234772,1305287,423888,186935,3117207,382481,1477460,711644,1445430,462792,1788931,653468,1042527,478806,198431,782879,1003546,579401,269854,640076,739257,872556,1044264,1787762,3254101,514743,1205482,192419,717929,741586,3989346,442526,674516,1236891,678140,5497970,1469443,6261976,501311,2620156,1451528,530975,2260918,1406251,1622984,284223,1657100,910949
657449,1016683,7405148,1050260,301841,167417,1823203,113046,1477743,1047173,2108609,296402,784962,582322,756312,1475776,250173,2132350,982584,1655020,158519,701639,1352663,1950547,1509853,1927794,939004,676561,227103,377574,1176314,768049,9460847,302249,195304,954534,542563,565525,1665959,1388269,596933,834142,1690068,858508,931238,562918,1085021,266594,1240080,730224
924856,831679,1896053,383765,492728,227370,2139298,357372,641224,689824,1147577,947365,2118976,480854,512830,764938,216621,2028824,531093,882201,145872,495926,906824,1723422,807684,2023741,465384,555798,129324,140020,776340,1173322,4934967,973186,584614,1658898,674789,1012133,859999,4183257,307644,2016829,1240991,470660,1762803,553316,638556,1412098,1575900,1490847
2055408,683062,1213532,409704,278890,122048,1533715,199770,2066842,457975,1363837,477490,1916070,2044772,355352,905333,166807,666407,522876,614493,188490,1125800,791277,1931427,1432410,2268102,2068776,2544995,258878,265913,309393,207476,2011659,1437134,338899,602941,1120678,523328,303177,2645417,273274,2217326,2134648,659149,2077803,1050099,1130226,1470238,961358,377515
1843375,833281,1214425,1574873,221048,198120,1047306,351512,2773991,3921985,938044,1696865,1200249,713539,1506541,759694,160816,847390,1460612,1032073,298991,510181,823085,1012036,1621746,2838299,939159,319607,1790140,235266,280563,863753,4359770,808492,633059,394435,920455,3530306,1885429,10345985,959872,9552043,797531,3007627,4763568,635601,516908,500548,4772575,1457719
1272382,568351,1485331,1100723,255800,267010,1438550,248964,1219123,795598,2890776,372605,2223502,1812152,503773,445695,117567,1888283,367572,908497,101783,1097783,691305,2426854,1620013,4487092,3000275,533503,641369,504759,530830,745803,2980368,190322,204006,343250,760253,509608,727606,6274970,216963,1902193,1528488,936438,2306804,672851,503351,234747,1796323,579464
713419,1033388,3090620,2020064,313033,149330,3499185,346745,614620,726659,1258438,239853,931745,479398,264259,460429,116711,2254724,946823,361935,202049,505245,685362,1488737,1039994,1281065,1780673,286250,253812,233264,460622,2370387,5146207,607605,289250,1032931,853708,865295,1506856,1021241,585909,947277,742002,1570222,1539959,579812,1443161,625522,655510,748328
2172774,751030,1311599,1423282,287927,199649,976539,146077,409144,418959,1422110,534483,2181423,773262,1030816,1096646,204012,339018,3421681,599249,441090,563935,410319,1658588,1043414,1541063,1044919,287261,223588,343535,464285,977990,6164718,353417,1501873,407314,318176,3780042,943104,3516549,324951,1526737,2498951,812862,921357,1203406,2529626,621214,1083882,628588
1794005,230183,6594697,1912475,434532,183596,892991,180306,1755505,499716,573046,291635,1873983,483877,483941,852051,370644,1796338,186681,724571,145461,539423,585721,2947675,1036254,4186213,1594027,407187,1109865,1074106,449911,1078555,6401256,437546,240979,759618,555017,1662908,944683,22215615,342050,3103030,2089627,556039,1370432,874221,807874,888036,2563171,1489554
1348909,331124,1036241,365440,334086,313308,1250946,118518,1449443,825367,895263,715941,1114023,417425,905505,383621,165127,1315084,539504,506113,133007,680824,361286,1857622,753682,1594888,2722695,744389,455354,200175,549405,866091,2487897,1106576,607220,669773,892658,1573876,897954,3945370,436446,2175238,1289753,1034008,1905680,1944961,478163,609644,1383000,955384
1713850,1033513,710806,734885,230462,95121,3432175,105472,1132086,807867,1318710,530846,933801,534266,718754,639732,140259,306878,338622,565486,227811,392188,372332,1061785,1203235,534844,758927,255877,196166,185184,866656,906501,7750238,820127,645789,569958,664840,1353540,942082,5899630,359755,1428821,1427844,1038503,914164,1533169,1213050,421687,1315103,1025760
1391142,503660,2750950,299335,468883,132289,856020,109512,2056891,232854,718240,536312,2099297,372365,763759,467607,142494,2150767,839165,346616,257430,715122,1115431,1569618,1143692,1369877,1292401,171360,542933,209287,728824,2941331,2289538,1254146,272710,502901,1893905,1365987,838435,2075933,721100,1092316,1716144,1548718,2791807,571320,825768,522669,586162,1327274
1259902,683598,3514950,725345,672991,165557,1040331,148297,955579,803105,603774,285852,6806979,289700,629217,852990,226152,1718825,960655,403443,152045,850472,702730,1428597,906658,1145677,538524,560205,382913,372904,598733,1624974,6178986,812850,143527,995326,1242865,1095345,1088547,5390450,224860,2195540,1508056,269620,1082659,556390,2463863,973283,464746,449175
1721596,486605,2058195,467743,263054,279097,596874,191302,1142886,447219,1441247,1027856,958368,1066732,1018137,1223093,46955,401168,728214,1066059,168466,499596,850379,1260366,722791,3433279,1813409,378415,584610,272036,995884,486050,5656426,1388664,433565,590141,1456026,1146966,847079,2792552,309564,2145980,1914828,1091948,644833,989375,2654095,574058,333646,1233743
606475,414406,1929734,923531,583905,254521,1985650,146542,1749063,1791149,1077722,1155345,1494775,737797,397056,300506,160295,1418186,551748,879745,121159,1006919,1287531,2304493,974639,3134266,1801237,1773814,349459,241712,550160,1204169,1357681,510760,445247,243256,434364,944109,473610,5460646,498790,1574367,989460,630345,3054857,1948806,627704,363838,589861,464191
1626846,1234879,1300057,902073,957337,226468,2243018,105709,1332970,442050,1305378,1244876,2618606,1191004,271228,793670,135306,817688,666471,416337,200649,626270,553743,2233491,831046,2191267,1590348,417098,419075,440254,382539,594755,2870073,762615,471479,478084,904681,1034828,2462069,1298975,737214,1095756,2772735,628631,920108,3343061,840263,346768,654897,1025234
1071568,383562,2711020,1478324,590411,60060,3566366,162213,3861532,860866,2681218,680972,693287,514884,698186,1219293,122202,871576,1257528,553387,421314,964976,751922,2237117,437293,3555345,2082399,483556,517720,181984,352955,775477,3928137,264694,332682,512385,354867,988235,1661347,3014135,293304,4215451,1037079,477138,3176013,644068,1470241,1720689,1343874,961992
413348,250236,2304956,422444,375404,232698,4923427,94380,1469082,284404,1324072,150685,1726105,1451361,448613,745115,43809,1535960,807655,352816,290915,384870,2878182,5710672,5191363,1501325,2731594,141843,175492,834513,489945,1043500,6523654,320494,561474,512804,520455,622028,522253,5510592,678325,3934032,2118013,759419,1292572,618519,956845,343902,1001903,475149
530112,488552,3350946,528133,368038,95507,2441493,52681,2360879,483822,1433237,348739,1573463,431251,1022251,652905,139672,595823,623146,499626,194570,699163,535614,1387749,384939,1441878,1512956,416224,298205,535680,357002,3038183,3669671,692650,584018,725369,367584,2698362,916306,2047311,242431,1643473,2912413,1664276,741098,1147270,860579,357457,1377934,975315
1581617,707002,1113195,1362115,483746,333725,4164070,247872,4374077,2345643,2168634,209398,1717530,373264,1148586,924887,159653,576360,907879,405504,1001894,395659,675894,3346822,2007747,3261035,2605472,279065,630088,301783,703184,866776,7345958,694610,533930,905035,1700450,3525809,2063052,8710515,385882,2014311,1205731,1956009,4125552,518939,2069996,1215741,1751740,943811
877561,874858,2486178,1757571,731129,452421,1698176,108779,963494,827950,1103890,510123,2509690,1025509,304879,840120,57905,4468837,807648,379486,154979,611870,289391,1560314,1255688,1545937,2765993,185780,200654,341798,516128,1501293,4365643,1043282,469992,459482,640581,2457584,1573012,4079181,635584,1354119,573817,753564,1292539,472141,1194532,699148,561956,3437397
1735814,652247,5345582,1543934,703838,534760,4636835,180351,4034460,2100390,601443,1020579,1643893,952889,3221716,1712870,163132,1925395,1460192,1236589,482950,1106440,3594603,1314135,1268340,2332871,10794973,464974,954985,278171,2011497,544871,5969768,909771,1717416,588033,291017,1785588,720021,13943490,314040,4062182,1325396,1632396,5847347,1321228,1650036,982583,2349414,3004188
2277880,308048,1299916,503334,378462,393246,1095002,368390,1059918,745868,885410,225886,1155113,359596,465891,1599793,118168,1207485,547895,1199237,908115,1081252,208729,3730032,1353912,3033415,3708862,342405,600110,397432,726926,840875,5981280,333580,269902,212670,626485,1595165,344035,1441289,400925,2703987,2119009,1046391,2532884,1411534,1410967,374270,404731,345517
1680384,642808,2256254,812340,1541352,120663,1105243,112298,1141482,722887,1777100,371416,1464318,1420734,463126,1136961,75035,423700,449822,398416,426060,533747,574125,3277870,660143,4857647,3634902,390936,164437,240343,728140,2465883,3365771,2047524,624688,1280371,550841,749002,758033,1658831,343107,3210953,1788978,2073818,845287,703073,2455426,198497,833614,863751
2228826,387836,3355633,1170994,438546,406127,3293471,153968,717823,1307968,1913027,841500,2205427,1326841,2059132,971415,212573,857834,1196889,913965,501517,949158,1505416,1291630,403139,4235259,3843592,732916,1510218,322958,1301423,465301,3507050,688869,770529,538035,814603,830228,569730,10238799,549390,6011777,3485335,1285573,2124515,661924,383943,970909,1723250,777703
704272,648918,1840633,2191786,1171379,179056,1375221,343738,3472281,1595079,1087757,738536,1429655,891187,653839,672490,125993,2815558,283384,763566,406292,498430,830331,2032810,1314310,1408727,2452984,558837,719239,344874,440314,564970,1447471,285472,763054,1340994,1618641,1328211,413175,3623004,414507,3292074,962792,1297257,688190,686369,968973,1419744,958291,768318
646445,912869,2323444,502742,413482,91301,1486066,454618,882329,710149,1304366,831200,2121680,1043755,1287676,684122,168600,655679,201765,600027,207724,804623,353114,1885536,541798,901716,2033927,399010,435198,182192,424341,1024458,2619022,757122,256625,739457,475118,1445452,819991,4879710,257211,4223361,1881368,1127077,613614,2324685,320786,602003,1809093,1069568
1433967,1091458,2051916,1132874,418175,186984,4687521,122968,1050650,576615,770862,289762,884954,361416,286118,644929,268498,903648,516591,390148,236144,847999,976895,1288164,810202,1298342,474371,217617,462717,178803,580217,940993,2233737,447745,485357,454207,1181843,1210217,1158841,3543799,227099,3703565,2066669,896664,3222689,4038236,243597,668414,664527,2249239
2269493,1263436,6525178,1258511,309069,331844,2571090,389341,1114766,1697687,2434305,530377,2140304,367968,382176,1171231,255187,1266269,699558,382525,946263,565585,719503,2037708,2019354,1110509,1298239,644375,446997,300541,1593732,657823,2811377,575240,514259,324457,632605,2427191,2315107,2744682,266714,1853487,1871672,341150,2956535,912211,1630146,706347,2482383,827716
464602,1078899,5621315,1299521,364235,62881,952882,244921,1456294,1041196,2481176,729644,3350102,543855,1995416,513050,434910,1354750,674792,1368780,200338,287891,237403,2430647,736913,1092289,867458,127327,624232,349272,306735,1223460,6237079,653107,193518,589889,718835,367968,1534509,4204651,290441,1661136,1592989,1256698,953316,405869,2883318,357667,2596899,336763
999758,601387,2507707,713079,482643,83789,1593490,269165,679104,958117,820544,965759,1166788,675914,772838,791551,161140,929378,496464,760119,507258,449346,1212325,2002321,1439886,2171283,1506997,412043,367370,239221,1166533,1289108,1723608,929104,260053,196770,423451,1081567,737073,2291193,343749,1361970,1285542,616240,1290546,747379,1287018,409502,262867,1694407
644998,500220,5901451,574063,147103,106555,2158036,190261,646739,1437510,503623,617212,1540505,1018383,375588,1082543,96845,809857,212731,480423,760701,614909,901691,2008319,957989,1278427,1946528,336950,255293,213663,1310402,848809,2858028,661796,624843,539268,311201,1557115,387039,6291203,463551,1691195,1002436,474528,3515329,1098421,914895,533803,641393,620072
646629,404312,1166587,473258,383091,85035,834715,133174,1039873,567773,704736,192768,1936062,181201,952142,869312,153716,699299,517189,279027,277075,455871,368223,3369245,1574116,3235264,1865573,155667,315884,399849,551018,1114423,2143752,690413,1001934,1565119,1213113,1417487,445145,3012491,567614,2987896,862980,1745486,1731237,918841,575565,1030689,877316,1331139
830890,425785,1883666,1103177,253804,96904,6216344,148280,1724670,386517,1818561,303480,5062709,471210,1296849,317350,141824,2477306,199893,707204,228979,192928,1444101,3312856,1166162,2278782,1452552,462788,573750,535096,1060213,1712336,1800622,868398,439307,685784,1768917,965550,390036,3080599,696796,1757721,4778531,1228155,578473,924184,1416903,1355333,1735997,1310194
899690,416418,1894255,1443291,239295,121624,1858757,96192,1433433,767045,635429,985981,2679466,229759,607474,2405814,145809,899761,726673,578518,119478,629703,600458,1420680,2330841,1645700,1158332,808688,202211,566472,582096,1807696,3131700,298054,413717,217964,926966,1528875,1202845,1902044,610514,1396639,2201853,610935,3439616,749146,1341463,235517,370491,584480
714114,422887,1110015,631205,308241,206318,1630163,359240,509537,818525,2798796,252873,710774,453425,201552,963742,204113,588121,504840,531789,279158,499860,324812,1307558,1012943,1913718,3712113,476133,725390,523281,534785,634618,2389875,1117782,386944,508072,702481,648748,793305,3594048,1475528,2922795,2489239,2337977,1082949,1455580,642860,597111,1138127,2755609
1768666,461510,1943988,1749710,346411,91920,14017380,106615,1195992,2063792,777553,690443,1078185,766742,322330,1452373,156218,844373,588763,638648,253274,1076773,1274256,1107443,528077,4773148,5063673,400926,360431,135461,2520025,481418,3205525,536157,270975,436477,1493667,1810505,320106,5598008,1047547,1644847,1181533,602777,1967521,1008351,885831,742496,425578,761864
1194984,221435,1919450,1279221,464445,50776,2897399,482927,2453083,1550223,685197,719928,2156357,1570507,271424,1064373,119688,2300102,1321470,523786,638404,676898,437921,2348849,1260120,2762817,3574621,413005,973235,246171,1393463,1020743,2079122,662349,867900,190835,1584847,926889,718274,6518596,366058,1490061,1195854,2004538,2302670,695870,882698,1791666,2442615,1080020
1065327,831036,1117896,774122,893235,204374,1581665,91768,3934466,1094913,2771742,698919,3070864,332185,355811,942143,117478,1395364,159678,771287,243259,818604,727749,1116663,653177,3063826,1024196,176603,108482,442063,335445,1694276,4362260,374111,757964,208317,527095,889443,465872,2018524,432456,2675834,2095225,421093,5165209,597469,2521697,931832,651195,504116
824904,1411387,947534,1747573,248672,478974,782107,322133,2426967,480105,1127302,347455,2605948,671553,475365,356303,417157,1058490,791320,425234,259678,598944,355496,1854428,1227722,2840205,925732,462599,276616,233154,615438,2627648,7307624,593630,666987,750053,769964,948441,702682,1812395,166165,3290988,719368,1893498,947935,604571,2958267,280086,1427799,851619
1119059,543626,2235180,591633,410594,453763,5081366,328752,670430,643371,1587753,272999,3427153,1388870,604943,650132,379880,908469,377643,760691,170728,478813,413096,1289920,5304749,1421266,1608924,298330,1033401,333028,1325021,1294483,3499534,739889,924861,410622,1668817,2327074,938459,5295189,1148913,4922436,849394,1313295,2872488,970979,2241361,513983,4115607,2332666
1926280,288909,3484710,294574,701235,191591,1396119,257066,1668421,351235,4848073,875561,1010487,495528,783687,627616,147257,1511458,212373,442005,139727,175928,721192,2449883,911438,1000683,2266855,355150,115799,445154,607421,500646,3929452,434716,896919,1129631,481430,657499,865090,7417752,308163,4250202,1339678,468162,1956940,705791,970855,399774,999684,1993353
834377,341441,1622805,691336,222303,110360,1034354,195652,1437815,1247843,485834,858294,7343533,1612836,1065544,1952208,67377,1653142,257441,726202,143624,415951,272040,1037890,865801,2091669,868785,445465,293411,1104228,461633,2282047,2503195,607055,728923,419033,681233,827589,464759,4457434,126829,2218809,1773872,483715,896266,627108,934869,359713,472232,639401
852079,711142,3933569,1163676,201538,392511,2734876,113089,2983691,1906048,1276850,613734,2975666,1406682,1966340,528703,353911,2409459,1718741,964647,677207,1217526,764887,5753776,953707,3938525,6155692,866679,897926,691628,704265,2125238,2104986,1692589,1253104,409461,4655923,3229789,809212,7140198,611981,4321454,2697441,1819545,2903608,1165800,1746846,1519683,1256287,1579734
2522490,594090,3310184,4452243,419971,200608,3785729,443838,923867,859743,1565749,471967,489042,538025,1106402,843301,852223,1880925,2009386,1144840,145701,568300,267722,1519481,2162969,4628327,786432,512479,828789,146625,640311,956556,1406923,815878,583176,820061,659128,1598765,943783,4767271,282823,6455155,810602,463546,6888270,914073,1468888,1295905,5130461,1133305
1995402,661072,978440,588908,1043801,412355,3010577,211295,1420870,2614496,1132932,287407,1509567,741133,1371953,620652,234861,361718,1079589,1306408,490700,470112,1548857,2248933,991215,2344273,2357116,917073,737607,490477,1120677,964515,7131404,1869525,1107450,962592,1369113,632022,711135,6104995,464209,4425596,2915374,457791,1595534,2114583,500769,848195,1013765,1402537
389326,615198,3026200,464009,201730,95009,2121922,142792,3872676,800847,847854,624524,1681208,452865,2059295,424411,91949,1130781,564042,722869,275910,1109417,882283,1757199,1016069,1725281,5913468,371042,537711,420555,445486,663556,4515484,878322,442544,838962,1660133,835219,813770,2603768,571615,4346520,1149137,1228573,1463385,1110878,1237832,412402,710591,547199
991268,297016,2337110,1393351,270587,223337,2393259,305016,2443858,510097,1941917,631634,1116171,1147850,869918,1076335,148877,1206863,565827,797650,173847,730965,1378522,3513341,950509,1870507,523492,332285,213025,225734,362048,2376695,2570879,766122,233740,335541,731123,378471,397557,5648373,1479033,2329883,1287973,362076,1963075,786071,836224,1751442,3438260,736428
489680,514261,1959065,711187,264500,423713,1506727,158459,1744472,471283,1083852,551046,6708472,1118492,441937,594842,60776,1242689,379487,489671,320951,339827,360066,1062957,648752,2672108,1694859,442534,813953,134886,909651,912452,1396199,401194,382878,473752,664966,639299,657828,3858582,1167597,1251320,3170743,1192420,1535022,488602,847030,893319,643393,731200
1407589,280076,5379618,705668,611496,133671,922026,318203,1208568,2309627,996175,319172,2125137,651776,575331,1537421,349797,654811,211856,824031,247848,646741,745464,1685710,722435,1108270,2342042,296821,247797,281920,223460,1052672,2789040,815352,296282,1010103,1674292,487235,451743,2806541,265127,1595318,4776177,1276971,1756793,1445549,1875325,473414,779021,755444
1275928,576867,1253716,931048,274621,229765,2602044,281489,1286825,1029064,1668794,233924,2242065,641371,560508,1017497,100258,2160746,1083822,601587,408494,405919,934750,609609,943114,727717,1384144,380953,245073,346405,812599,929148,2474914,866121,560068,226310,497074,924584,770055,3814566,485922,1229584,890855,1848991,689421,1481807,667243,345052,350853,1570277
1137148,598425,3092462,951294,379383,719360,866354,189755,1711237,766440,745189,544514,1971628,811649,838684,1009541,400195,380826,358538,562045,115006,1112830,525905,1953259,628989,777381,2621229,478644,289066,712293,665395,905467,8568327,376163,235155,545787,1390390,900523,1032401,2912967,411239,1321177,1948025,1376830,1532258,873561,1015989,545858,1212873,681467
565842,373426,911800,1064511,754067,70711,2093021,154956,1436686,818422,1389395,789321,1149136,305112,663097,1111626,147933,231655,1109284,370760,321353,401649,257175,1232884,1275348,1561243,2691124,233454,381975,565078,349642,1154410,2920283,638609,426770,409962,347320,504223,748306,13035975,655559,2217963,4536560,410490,2189495,818730,1953940,1417050,1266519,445286
616524,578185,5143018,1632041,322514,186046,1941768,85176,693996,600973,1125438,193562,1617288,441483,438687,874682,71838,1769738,609309,841030,1044266,871710,211201,1587682,2493647,1133238,1236421,388427,150075,503231,980905,742191,2680009,696151,525607,443920,557982,819985,723556,1071709,396528,2766584,1333983,671561,1299137,1158253,911993,736301,846926,1147101
2286241,370879,2157522,517461,332150,175128,1310665,162303,2856689,1436627,1515435,251718,1644895,511064,306681,951411,216269,685051,353407,1079700,163408,360435,819122,3346152,707095,1892598,767344,250567,1112773,420099,559505,1198375,10810714,1225493,330666,265535,476889,741803,805317,4702147,331788,2207063,810609,1324301,1627380,1263827,874317,213318,2126880,953088
877636,342328,2161685,1186218,587055,652860,3250756,277473,1255098,3656797,1088886,1001593,2302429,2810688,1432384,1067212,792838,2722420,1092577,912317,777278,779681,1090116,1779308,2023361,1208649,7060758,494570,1258731,375540,994676,927383,8132295,640526,602668,359600,1190810,1651482,991358,19356284,458087,1026866,2985904,1599780,1764078,465769,2003213,718709,2761622,1166244
1682299,740186,3060237,1151980,952286,275640,2844053,223032,2904946,560796,1304619,675028,702762,242321,533133,328930,202869,383012,1809048,404377,565378,1015112,324189,1308757,523775,2283442,720767,666034,831969,170277,438879,704504,5311899,575800,179661,383233,1671361,1813091,995391,2932868,403455,703653,1071062,800599,1550668,330022,548140,467138,497280,311999
1612742,688424,2171469,1193676,474367,610212,2249434,196561,3122470,1154423,1331748,776508,1733345,778053,939379,1387806,122995,4792470,1474315,716844,323734,836950,1030625,2291587,858664,2387551,8348875,2008021,1089864,483222,520104,1456380,6659837,772799,625419,433187,511646,701215,1806133,9385135,871412,3288635,2770609,2809059,1916186,1890667,1707003,228888,1063662,730001
2741486,994783,2118231,1710065,966484,502301,3634923,172181,3733830,711246,980193,567705,1217831,1181012,868850,1575324,335170,2295603,1258368,415085,936781,421326,776136,2484024,4155466,1802112,2204509,116838,436102,190254,750342,1493961,2467497,440534,335180,290249,194725,795077,559740,10589143,709131,1403764,3144782,477073,1509095,1477736,3352973,1005078,1811905,1491762
992080,287816,2396377,2798215,396679,156764,1388771,211037,945414,1075057,1351817,963893,2176117,263684,487063,368813,461212,841503,728332,346423,319411,2161822,545997,1332621,822732,827312,2194591,347090,681975,585601,278422,851943,3684926,1299465,430949,588514,861317,1823715,866340,10343924,233207,1414300,500824,1102561,484493,924151,987425,1022133,1262649,436306
959138,1291514,3694778,328810,525251,230488,3412164,309540,530613,743835,979304,250773,1193733,1754990,282664,679452,95199,1345192,507044,1559647,444652,525836,1034228,1932724,2064207,1141061,2214723,497058,416661,522643,1149312,656772,4735223,530935,909014,618426,574316,1139296,1501439,6536410,791072,3100633,1061475,761950,1005445,781005,1462629,229916,1513709,486486
2254749,452969,2358462,941626,171156,265561,1700154,97641,479672,325235,1766217,234588,599129,271658,668293,1126457,127104,1091831,739947,418944,434680,1153300,267475,3025374,952708,2650958,1194134,408752,237529,286271,173638,713311,1935755,1135487,376405,280400,445726,1029138,817312,3117991,312982,3625039,876224,488290,746903,1473846,1781007,690198,733958,1937643
661431,2042945,2910734,1615303,661288,135884,3728756,111269,3179348,504237,653121,479461,2560015,1381036,491555,595350,235860,919144,1478840,599500,593206,767044,494952,1780357,942142,1251337,1155626,644417,847239,537620,755844,707391,5131127,923314,353646,793164,2321995,779529,1118835,4784683,643711,1860171,1398378,763943,1581115,873056,1246560,1042285,1194948,467034
1371790,786130,1402278,521747,392516,213351,2502298,105030,1346678,557388,538111,663313,804218,398714,393720,1197144,224710,426611,947690,1140872,133108,411932,1796482,1482935,1348691,1153434,941276,475357,449063,133351,214724,584847,6860424,797071,381419,1080829,588469,680259,1732236,6489117,499097,2174473,4109727,580874,712754,1406469,271936,557820,936886,458108
802185,376223,1299769,1863250,304762,223111,2275698,237327,2085070,414676,1411319,303942,2122269,326855,852917,279278,107587,1868181,542967,711383,172973,486456,460311,881548,1297395,1439464,3735593,150475,971410,487193,540417,935855,4669467,1161750,582015,384349,564970,1798154,348237,3048714,150250,2234597,1036322,2396643,2528489,808596,697999,275861,1040541,881041
1320875,524619,1831903,821877,330341,202777,3216659,115715,2313510,1036671,1519684,708383,1038202,841753,1486099,778203,183954,812455,183176,890055,134637,278389,1963132,894292,417923,1672497,1667107,343964,693542,699218,638933,577135,5529270,519027,1022070,249681,1001737,508656,1137520,2334428,319324,5491163,3112300,853033,917882,689983,586175,442149,910506,785984
3894970,668565,4083164,1893559,355769,177694,1096070,384388,2498893,636441,504374,423993,685838,447296,659313,782425,124214,1095922,450051,370371,275720,526791,1006979,1489618,549677,2064203,3519966,492222,591414,588521,382400,382634,8146852,491782,240133,287353,1201202,1888861,660216,4112594,1587894,1442881,1435291,558668,486731,1177452,3595521,1049560,1526447,578499
1609966,872774,5132545,1482047,302984,88473,1087082,185726,1194597,1500015,914039,318843,1227841,394949,1009061,1159510,225322,786040,339783,602288,657532,746683,1440775,2628228,1668229,1352392,4923255,315764,716980,152298,371101,635023,2579931,165414,315497,1138803,621632,1200556,1501540,5474273,700200,2158732,1375102,184676,1350779,778023,1161572,401879,2474369,314060
1594190,837725,1324249,892043,361324,211403,5076389,165899,1481741,990309,1961179,426846,2296303,460007,486502,1222802,520176,331508,622133,1249172,533354,649018,1534781,880302,1464764,928176,692848,645802,202983,436847,748643,793241,2702675,501059,311043,693375,440751,678292,402471,3952112,581084,3963429,731753,800589,1310292,1617095,2115901,797799,1385444,524444
504648,1140046,6175137,1721608,497387,358930,2434915,526489,4075016,452297,1310823,495480,1706581,739613,2230426,2549116,370164,1265589,841518,650068,709564,864119,997427,713024,1035218,1546924,756654,1847426,677696,467173,1208069,229979,6317943,786016,726989,288959,586277,1337824,301421,3594614,222216,15262068,2400923,451944,2028422,1162379,1218468,309928,1216903,2007777
1876256,948732,2432784,669183,287109,466116,2480141,90554,2299833,1159836,1117449,279409,1122980,427947,1264842,663617,299116,876325,1344626,589734,181500,961236,1248112,2945609,1016327,909465,1060184,290219,881894,256637,642344,1106393,3868996,157741,615345,340548,842634,617863,377401,10439496,595930,1938599,1248919,1143653,2185572,987238,1122924,1226892,3551410,993347
1212256,429978,1224951,1655721,661453,59707,1404591,250956,2356276,547545,999341,509225,2376609,280430,738060,1130037,252697,1012250,130309,1033190,239770,377197,418346,3517830,544477,900742,5800082,209749,267613,345406,959419,629169,4112735,283176,936815,847287,1068271,788995,1716554,3827202,854791,4795907,2394442,906078,1147745,410480,782471,813735,1336952,540787
701180,214673,1178411,430002,1178177,107908,2300011,96897,1015681,1033206,2034525,801638,2271141,389373,391395,841963,361112,3705775,636855,421358,293315,757704,617216,903266,1086465,1670759,700747,559010,498471,577880,720136,642288,3687097,621665,655599,211592,716748,1206926,1104103,1729962,327830,8209328,2272439,638305,2051645,659367,1311357,1109686,681590,1727844
462198,466595,1199588,1804010,287315,243277,1701067,90653,1951323,513529,3161926,304514,699027,1139628,781402,2955449,150488,696390,185864,934398,316207,344999,353895,1664406,1867113,1724260,1274175,567644,131301,182709,682600,472776,5382013,274567,309284,390598,1864295,1383313,685648,5144691,298656,3134335,3569087,455384,1397580,444454,746344,401919,427893,336634
1760428,610748,971367,995255,801719,99174,2221010,242484,1166058,1132419,1722146,498976,2448713,459434,376150,945172,269096,576939,1119699,789151,242146,729678,2621586,1517893,1493134,669552,1285603,651595,293991,355718,894178,376822,1916793,163354,684425,1021302,729364,1115942,1968761,2681583,323913,1690121,700825,614413,624046,1099530,786353,1314117,995944,786939
1150817,450197,1361056,994050,259035,70298,2326086,226718,2247013,320269,940783,191399,2156638,488132,1109518,619995,166591,481834,583739,615779,487990,1006227,463013,821955,1043877,719649,864891,365354,210415,260699,199477,1025529,3976003,378339,326228,310307,687359,2178709,689431,1605925,450717,3093751,1699928,473709,914234,1688127,1297114,237950,476260,3672922
667814,331270,3681609,290666,220946,246831,1930115,585195,2352402,1510999,1300166,1190932,1619716,1297165,1441789,230701,407362,1060227,564742,454764,221414,679065,1062243,1679523,2426449,2546692,3505914,482070,1037953,646488,1405738,1074813,3177804,973480,508484,122853,865472,2968461,284649,6130720,375327,2711004,1665392,889915,2563797,2286530,1950212,1296790,905450,1701325
2168591,434922,5492991,1413193,1200571,1224197,1004262,197915,3396458,1857861,2167817,983505,2881989,1253323,2082678,525288,394640,2468284,1523732,1609372,889379,1014772,4699238,4341728,1134279,1507447,7713611,2033188,1036966,383623,242906,1624755,9001182,336229,361424,1090147,1103583,1101531,418188,7588959,224757,10209206,9629472,1413187,3751279,1988661,4647845,2227058,1952528,832431
1416131,447190,2439085,1624155,428556,324920,1938568,234577,2605376,2862528,2639880,832843,1375641,1114125,1861198,2906547,432683,641721,2165790,1896496,858714,637579,433571,4351496,3342077,3934734,4646404,857644,597532,310622,1021740,987266,6923462,1951722,243950,495907,485382,977761,472315,1653564,876841,5393947,775850,394691,597032,1349303,1172094,587770,1240789,911423
1635943,394754,1281152,1710249,448179,320163,3961606,161816,1161755,502772,2038154,739293,735940,1014708,533141,1432932,66493,461844,400459,662264,155985,879054,521398,390604,525683,2292530,1518487,239752,457449,194622,1512425,1381832,2989387,414307,383575,581937,285686,1681572,840682,13183962,782657,7308276,2863075,709369,599961,397553,619822,333917,1662801,329012
590664,583101,5076673,1346464,522828,589321,1690519,197639,1269479,818924,1360123,429746,1104153,667432,1389040,406055,149525,1249613,274164,1412322,913620,1398460,1874454,1183357,767850,4457977,2733825,214814,591171,380135,450563,760192,8843688,824735,897431,344844,1199244,968193,893475,14016887,429666,1949709,1689319,552512,2446711,1175080,1241747,767400,1515661,556876
1183688,927864,4450357,1556011,508898,110067,2689220,340934,966042,884406,982494,530663,2197594,985275,398521,1782747,158141,875759,450304,812103,285669,329420,613693,1788117,2243632,1442421,2942457,793032,625005,323871,903735,460392,2310283,371409,677615,337325,870065,2753254,4587282,6855869,499673,1458452,848028,272815,2090889,283385,611962,410970,1285469,1330619
612841,311620,1783811,268455,326916,236236,1137545,127198,904081,862475,2155312,230805,2609592,428444,1298866,971767,669588,955517,1033302,895590,248015,1131775,518209,930070,1438228,2541324,802801,435450,933140,161655,554329,1878507,5017515,578688,549912,793497,1540898,1557306,525076,4952307,346998,3345110,2809235,309274,4433811,628956,2853932,1760369,3829800,1213978
2675541,288472,3281459,1583525,371855,438166,1239624,361193,968999,2365093,2097114,934092,1733910,935785,769292,858439,315203,1621206,1029363,1185063,822819,1453512,372465,1069447,2399103,1275033,4458279,625192,1815243,918897,992760,1240879,5767228,728486,1078349,1233149,2434430,1453780,851832,5200541,246663,3970934,945262,1082558,3356142,581658,1940812,1210755,1014153,1210439
1072431,792177,3669908,1559415,334039,249216,1151642,362942,4866187,1493541,428658,369640,1757953,251042,675549,1000367,83685,359562,509597,1190286,430973,363879,559229,1901442,505173,1042774,1330782,176839,806577,300637,672247,695217,8576576,196182,223854,459611,596733,579105,874604,1402760,226457,1152302,1963584,684892,352710,476495,803037,247602,1454291,482471
1522832,482183,1949147,2376599,528830,341828,535772,164966,2179151,1062693,2045957,715282,2436689,1877214,526827,1022804,100929,1847995,571033,692932,269104,586715,585636,1760456,2280371,2795631,2476386,1224999,550691,308169,489780,1143179,5954033,690057,1712096,1167992,584021,741111,343621,7645591,344951,5393800,738556,524603,501835,1057461,3041275,768826,1795490,932633
1140763,1715871,2636628,692891,478702,106465,1178914,654014,2044853,1271849,1161698,597346,2282352,831440,317441,750744,118663,2774015,272709,1499896,575166,1375908,1007062,2352669,1203504,1999136,3256529,494465,426487,401495,418627,431233,4992979,287654,229580,832893,1669277,810918,1130295,3612438,690264,2023481,1345373,1198030,3112537,1268449,932180,1024377,848150,522826
2252242,1035666,6972795,400668,361185,137671,2913678,189151,1525015,618577,2182552,271616,3660367,827276,1384876,652490,90242,1009339,501743,917073,444352,765757,531054,5348248,362590,2797150,659458,1324754,742948,514665,649363,1440962,4434314,401291,255459,982959,2275153,1019421,599252,4423928,303526,3470551,2678771,621533,1180558,345176,1583720,1465460,1624904,564675
1632140,773011,2984402,1185647,280535,61175,1330092,239728,843544,801837,1405642,643982,2803579,744577,619995,413715,137583,1113102,497293,956058,155915,1575622,788629,1218546,1492495,1547204,1259567,209830,301967,588803,753154,719040,4578519,444355,224026,336588,811653,1975186,1643000,3867960,478863,2940100,377807,1499717,669568,2043558,664691,1469946,2601576,717788
612181,528135,2143653,934117,565177,650828,2775172,169394,476689,382949,1274116,667245,1788164,919365,208629,575795,185153,4409673,292147,961847,249272,356971,328900,1784083,715212,1741151,567744,211081,919293,238719,1092934,943011,5610289,619090,292959,1007739,240924,654152,739267,3406801,445461,4839658,1495972,322998,870370,2240612,955578,888333,837844,1502660
1152664,322821,976553,609360,994399,106717,2802654,429181,677450,309327,1284566,534489,1512575,1226825,493852,299531,128208,1521625,1174227,455939,394759,731884,284022,1236743,1526304,920325,1553475,135731,967800,327510,247178,1087100,2221899,310598,171421,365552,351203,1433419,1352899,5931841,391770,4384629,1133628,1307576,3454600,808297,1673976,775866,1964236,421003
1827137,974016,1501126,677228,947003,173282,3608766,101076,737919,515794,1166618,644816,1300085,221849,903396,636129,121292,2386469,288652,1141173,421045,387030,1601223,1328408,1675096,1710991,7686052,194516,394197,306155,990469,1902682,4414013,342796,359846,741131,1848158,619039,695164,3832894,287548,2836968,1126334,375304,579936,449919,1633392,576808,966429,1035843
1368072,278749,1068021,826145,208319,322468,2169601,349709,1843038,403464,1713465,882372,2619167,999121,950973,1874216,245146,1018447,475687,1435082,132001,259808,319121,1144503,1749154,1864646,1172507,369108,552121,351564,408988,821126,3059468,522118,538908,442948,1003225,1390268,791942,3267898,605291,2019992,2779658,436734,709403,301772,2608844,512381,2705454,1971104
1370377,508405,5293231,507778,1337789,168045,819756,174292,616680,495333,805789,665176,2627060,592198,1138110,512103,172436,753276,364643,1410113,831964,2323829,960935,942978,2274733,631489,1267700,458166,360884,323220,933136,1410021,3731421,1558330,466776,1080742,476174,1142452,1855968,3370898,281061,1487668,1477175,731069,1029988,1851535,1554744,704551,485878,2027125
2680377,924743,8362198,1537675,467007,513013,1961227,385726,1007933,770151,2038395,782286,2207657,1019994,990313,1424889,692916,2363625,1019436,1481196,1102740,1287992,1824676,1143553,1769761,1191507,5059741,387456,275179,747196,630130,1168059,4638936,448305,263326,612745,1490750,1195781,866804,3283839,613670,2609030,4242444,509415,1359786,861136,1366457,511419,475952,1575363
1316678,222149,4443935,381622,335041,111767,1249961,158353,1648583,747854,1774802,446052,1200754,846628,733694,362087,189075,661913,938485,535595,142754,972877,609502,1273013,908792,1969039,1175468,312958,129704,603384,488947,1089934,6086403,281249,633133,1046100,524501,587021,1305235,4539923,652252,3074251,535714,669375,768071,631004,2341594,810881,470184,479063
634206,1563638,1945867,1278744,547701,255311,3025558,206491,790637,364700,878138,257808,3185979,597517,1441799,1039134,107599,625219,943332,602029,229378,535437,331231,772842,1213698,3213475,1441081,294921,242049,606283,1436356,574941,5836301,266492,426121,2303319,1036238,1081969,1555614,3962930,378344,3983720,1144546,1183353,607600,1007605,1374717,338484,2651526,557895
1791314,446086,2354327,724531,617228,243592,4019359,282550,2121891,344738,1432693,326126,1351771,498248,1708751,365169,278730,865932,2146393,1386568,336103,1368081,916635,1820426,2902290,9150306,1642877,726246,373300,306033,686843,694839,3596640,619242,650618,254071,415807,1530615,1050892,10449083,473154,5673479,1263223,998783,989246,898165,2656621,428604,850449,1052609
908126,2227800,1441579,1553603,498989,92196,1007854,307458,570654,1107010,3181209,296364,2639075,443080,1084626,2676511,69959,352429,2407287,716605,953893,298687,883018,1279098,674468,4924919,795711,715038,514694,310759,765515,2197540,5583845,261056,672079,315041,867823,2149637,2191938,5232898,211802,3909523,2682484,391567,923734,415126,569987,528155,886760,641299
783297,1238004,3394554,514083,457213,178983,1407120,162988,2135941,682901,658441,325387,867724,527495,745779,641568,370160,939410,307168,768505,667766,564632,326168,915051,1317364,1646945,874831,1130659,828689,337098,266720,1040529,1907657,274764,392982,339906,848799,1162315,1726073,3891864,271769,2221289,727909,1198114,1281913,435668,1635821,1024314,1278053,1569328
732351,434766,1928656,2300635,307912,365404,1441376,255035,6121482,1270651,2454821,678259,3720742,1005876,846296,1169338,217775,4001588,907955,1170205,508320,813153,782172,2630372,2637731,1944951,3903454,628757,700888,461279,608882,1256477,3658312,382686,1304773,762809,1247650,2235892,1243185,4387540,309393,5180139,1946331,1179413,3466125,830264,1489181,444876,2034240,1244559
582368,1688633,1896287,524125,420045,50754,1405936,191509,895141,1050474,1611251,337541,871688,635541,419098,700214,94894,1700659,2215018,517910,467635,610593,618717,1709042,839979,1629566,1980566,507156,295890,334629,290814,1070731,3365727,436494,463515,279718,863644,665614,2747813,2313592,537634,2002495,936372,560553,1146947,563369,1316832,679207,997026,1313067
2094953,648071,5106840,3351749,429108,235820,2242767,236973,1429761,1683820,816006,613796,936029,559919,963204,2473430,160373,618327,560879,349946,398807,218704,320635,886890,1429652,1699416,4146154,319610,1018240,255266,243535,1240811,3483174,378001,245264,353122,477184,410477,346138,2013998,1587322,2245699,1345085,1198126,994022,721832,1144035,251266,1302450,780094
